annotator_id,session_id,task_index,category,method,variant,filename,label,label_index,total_labels,response_type,reject_reason,bboxes,num_bboxes,image_width,image_height,timestamp,server_received_at
annotator_0001,session_0001,,single/solo,human_bbox_annotation,1,ILSVRC2012_val_00032560.JPEG,beaker,,1.0,bbox,,"[[88,199,194,486],[147,181,154,199]]",2,334.0,500.0,2026-08-28T08:45:41.004Z,2026-08-28T08:55:57.885Z
annotator_0001,session_0001,1.0,single/solo,human_bbox_annotation,1,ILSVRC2012_val_00031771.JPEG,crooked ball,,1.0,reject,unclear_label,[],0,500.0,333.0,2026-08-28T08:46:34.119Z,2026-08-28T08:55:57.885Z
annotator_0001,session_0001,2.0,single/solo,human_bbox_annotation,1,ILSVRC2012_val_00043730.JPEG,behr,,1.0,bbox,,"[[147,61,339,188]]",1,350.0,252.0,2026-08-28T08:46:42.590Z,2026-08-28T08:55:57.885Z
annotator_0001,session_0001,3.0,single/multi,human_bbox_annotation,1,ILSVRC2012_val_00019305.JPEG,dog,,1.0,reject,unclear_label,[],0,500.0,375.0,2026-08-28T08:46:49.615Z,2026-08-28T08:55:57.885Z
annotator_0001,session_0001,4.0,single/multi,human_bbox_annotation,1,ILSVRC2012_val_00045966.JPEG,sopa dis𝕡enser,,1.0,bbox,,"[[40,142,224,461],[275,20,465,473]]",2,499.0,500.0,2026-08-28T08:47:43.225Z,2026-08-28T08:55:57.885Z
annotator_0001,session_0001,5.0,single/multi,human_bbox_annotation,1,ILSVRC2012_val_00035612.JPEG,mno key,,1.0,bbox,,"[[58,36,453,502]]",1,500.0,500.0,2026-08-28T08:47:47.974Z,2026-08-28T08:55:57.885Z
annotator_0001,session_0001,6.0,multi,human_bbox_annotation,1,ILSVRC2012_val_00003176.JPEG,"bench, dog",,2.0,bbox,,"[[35,1,249,105],[176,42,405,330]]",2,500.0,375.0,2026-08-28T08:47:55.966Z,2026-08-28T08:55:57.885Z
annotator_0001,session_0001,7.0,multi,human_bbox_annotation,1,ILSVRC2012_val_00012739.JPEG,"dug, pe rson",,2.0,bbox,,"[[79,101,376,307],[296,43,494,376]]",2,500.0,375.0,2026-08-28T08:48:10.254Z,2026-08-28T08:55:57.885Z
annotator_0001,session_0001,8.0,multi,human_bbox_annotation,1,ILSVRC2012_val_00048612.JPEG,"my crow phone, pearson",,2.0,bbox,,"[[127,241,259,425],[159,0,517,441]]",2,500.0,424.0,2026-08-28T08:48:20.742Z,2026-08-28T08:55:57.885Z
annotator_0001,session_0001,9.0,udacity,human_bbox_annotation,1,1479501447174309879.jpg,car,,1.0,bbox,,"[[1,104,360,254]]",1,480.0,300.0,2026-08-28T08:48:25.717Z,2026-08-28T08:55:57.885Z
annotator_0001,session_0001,11.0,udacity,human_bbox_annotation,1,1478896670714322051.jpg,cer,,1.0,bbox,,"[[89,115,331,293]]",1,480.0,300.0,2026-08-28T08:48:44.335Z,2026-08-28T08:55:57.885Z
annotator_0001,session_0001,12.0,udacity,human_bbox_annotation,1,1479500714623724165.jpg,car,,1.0,bbox,,[],2,480.0,300.0,2026-08-28T08:48:49.830Z,2026-08-28T08:55:57.885Z
annotator_0001,session_0001,13.0,single/solo,human_bbox_annotation,1,ILSVRC2012_val_00047636.JPEG,flower pot,,1.0,bbox,,"[[11,13,367,486]]",1,380.0,500.0,2026-08-28T08:48:57.108Z,2026-08-28T08:55:57.885Z
annotator_0001,session_0001,14.0,single/solo,human_bbox_annotation,1,ILSVRC2012_val_00030868.JPEG,dig,,1.0,bbox,,"[[141,12,348,357]]",1,500.0,375.0,2026-08-28T08:49:01.613Z,2026-08-28T08:55:57.885Z
annotator_0001,session_0001,15.0,single/solo,human_bbox_annotation,1,ILSVRC2012_val_00014439.JPEG,Ιizaⲅd,,1.0,bbox,,"[[154,89,460,333]]",1,500.0,375.0,2026-08-28T08:49:05.634Z,2026-08-28T08:55:57.885Z
annotator_0001,session_0001,16.0,single/multi,human_bbox_annotation,1,ILSVRC2012_val_00008726.JPEG,fox,,1.0,bbox,,"[[261,138,457,333],[42,27,319,297]]",2,500.0,357.0,2026-08-28T08:49:13.897Z,2026-08-28T08:55:57.885Z
annotator_0001,session_0001,17.0,single/multi,human_bbox_annotation,1,ILSVRC2012_val_00007527.JPEG,dot,,1.0,bbox,,"[[66,121,320,291],[207,127,525,389]]",2,500.0,375.0,2026-08-28T08:49:22.330Z,2026-08-28T08:55:57.885Z
annotator_0001,session_0001,19.0,single/multi,human_bbox_annotation,1,ILSVRC2012_val_00008877.JPEG,monkey,,1.0,bbox,,"[[50,80,135,163],[75,14,351,186],[142,3,295,217]]",3,350.0,230.0,2026-08-28T08:49:33.243Z,2026-08-28T08:55:57.885Z
annotator_0001,session_0001,20.0,multi,human_bbox_annotation,1,ILSVRC2012_val_00028881.JPEG,"dog, person",,2.0,bbox,,"[[125,321,766,841],[156,30,427,819],[494,266,534,348],[418,326,463,360]]",4,859.0,878.0,2026-08-28T08:49:50.156Z,2026-08-28T08:55:57.885Z
annotator_0001,session_0001,21.0,multi,human_bbox_annotation,1,ILSVRC2013_val_00001603.JPEG,"pizz𝝰, strawberry",,2.0,bbox,,"[[0,105,137,449],[101,230,402,501],[63,1,378,238]]",3,500.0,500.0,2026-08-28T08:50:05.468Z,2026-08-28T08:55:57.885Z
annotator_0001,session_0001,22.0,multi,human_bbox_annotation,1,ILSVRC2013_val_00003860.JPEG,"digital clock, pearson",,2.0,bbox,,"[[164,31,497,494],[90,86,141,119]]",2,500.0,500.0,2026-08-28T08:50:15.207Z,2026-08-28T08:55:57.885Z
annotator_0001,session_0001,23.0,udacity,human_bbox_annotation,1,1478020860712187115.jpg,car,,1.0,bbox,,"[[333,136,407,192],[299,133,341,169],[233,137,257,162]]",3,480.0,300.0,2026-08-28T08:50:21.803Z,2026-08-28T08:55:57.885Z
annotator_0001,session_0001,24.0,udacity,human_bbox_annotation,1,1479501447174309879.jpg,cam,,1.0,reject,unclear_label,[],0,480.0,300.0,2026-08-28T08:50:42.481Z,2026-08-28T08:55:57.885Z
annotator_0001,session_0001,25.0,udacity,human_bbox_annotation,1,1479500715624185918.jpg,cap,,1.0,reject,unclear_label,[],0,480.0,300.0,2026-08-28T08:50:48.932Z,2026-08-28T08:55:57.885Z
annotator_0001,session_0001,26.0,single/solo,human_bbox_annotation,1,ILSVRC2012_val_00017187.JPEG,rabbit,,1.0,bbox,,"[[169,57,396,364]]",1,500.0,375.0,2026-08-28T08:50:53.366Z,2026-08-28T08:55:57.885Z
annotator_0001,session_0001,27.0,single/solo,human_bbox_annotation,1,ILSVRC2013_val_00004426.JPEG,koala bear,,1.0,bbox,,"[[9,83,335,502]]",1,332.0,500.0,2026-08-28T08:50:57.552Z,2026-08-28T08:55:57.885Z
annotator_0001,session_0001,28.0,single/solo,human_bbox_annotation,1,ILSVRC2012_val_00002595.JPEG,train,,1.0,bbox,,"[[267,168,383,218]]",1,500.0,375.0,2026-08-28T08:51:02.811Z,2026-08-28T08:55:57.885Z
annotator_0001,session_0001,29.0,single/multi,human_bbox_annotation,1,ILSVRC2012_val_00018436.JPEG,antelope,,1.0,bbox,,"[[287,102,450,248],[205,83,302,208]]",2,500.0,339.0,2026-08-28T08:51:08.762Z,2026-08-28T08:55:57.885Z
annotator_0001,session_0001,30.0,single/multi,human_bbox_annotation,1,ILSVRC2012_val_00024424.JPEG,hammer,,1.0,bbox,,"[[94,148,141,303],[109,185,152,347],[138,156,177,295],[165,184,198,341],[189,151,228,308],[209,187,264,310],[244,148,280,309],[259,199,307,367],[292,119,357,314],[387,134,419,350],[413,171,462,407]]",11,500.0,500.0,2026-08-28T08:51:29.721Z,2026-08-28T08:55:57.885Z
annotator_0001,session_0001,31.0,single/multi,human_bbox_annotation,1,ILSVRC2013_val_00003790.JPEG,pearson,,1.0,bbox,,"[[68,0,317,336],[265,1,467,336]]",2,500.0,333.0,2026-08-28T08:51:55.176Z,2026-08-28T08:55:57.885Z
annotator_0001,session_0001,32.0,multi,human_bbox_annotation,1,ILSVRC2013_val_00002848.JPEG,"bookshelf, chair, refrigerator, table",,4.0,bbox,,"[[301,62,372,218],[387,32,497,288],[12,90,147,299],[257,146,297,216],[317,154,388,248]]",5,500.0,297.0,2026-08-28T08:53:00.005Z,2026-08-28T08:55:57.885Z
annotator_0001,session_0001,33.0,multi,human_bbox_annotation,1,ILSVRC2012_val_00042150.JPEG,"car, person, unicycle",,3.0,bbox,,"[[236,106,306,338],[31,139,249,238],[451,184,539,303],[388,118,419,176],[238,248,302,336],[84,117,101,156],[92,105,112,155],[59,109,82,154],[57,117,73,157],[24,109,49,161],[15,128,28,165],[-4,121,17,178]]",12,500.0,375.0,2026-08-28T08:53:26.849Z,2026-08-28T08:55:57.885Z
annotator_0001,session_0001,34.0,multi,human_bbox_annotation,1,ILSVRC2012_val_00010502.JPEG,"plastic bag, pomegranate",,2.0,bbox,,"[[112,61,359,313],[244,220,489,362],[75,218,233,351],[5,223,96,346],[-33,108,115,248],[289,56,419,210],[415,148,516,254],[389,5,526,150],[165,-11,387,70]]",9,500.0,356.0,2026-08-28T08:53:48.444Z,2026-08-28T08:55:57.885Z
annotator_0001,session_0001,35.0,udacity,human_bbox_annotation,1,1478898995863305961.jpg,car,,1.0,bbox,,"[[146,128,245,211]]",1,480.0,300.0,2026-08-28T08:53:51.403Z,2026-08-28T08:55:57.885Z
annotator_0001,session_0001,36.0,udacity,human_bbox_annotation,1,1478898324025854293.jpg,"car, pedestrian",,2.0,bbox,,"[[85,128,242,257],[0,274,337,310],[403,129,489,179],[452,131,492,173],[39,148,80,179],[434,134,464,210],[314,142,324,173],[271,145,275,173],[264,144,273,170],[259,142,270,165],[241,140,256,173],[225,141,240,166]]",12,480.0,300.0,2026-08-28T08:54:10.875Z,2026-08-28T08:55:57.885Z
annotator_0001,session_0001,37.0,udacity,human_bbox_annotation,1,1478898087511960878.jpg,"car, truck",,2.0,bbox,,"[[51,93,238,272],[253,34,469,208],[239,144,267,171]]",3,480.0,300.0,2026-08-28T08:54:22.561Z,2026-08-28T08:55:57.885Z
annotator_0001,session_0001,38.0,single/solo,human_bbox_annotation,1,ILSVRC2012_val_00029161.JPEG,monkey,,1.0,bbox,,"[[126,48,231,217]]",1,420.0,280.0,2026-08-28T08:54:25.802Z,2026-08-28T08:55:57.885Z
annotator_0001,session_0001,39.0,single/solo,human_bbox_annotation,1,ILSVRC2012_val_00039247.JPEG,pooch,,1.0,bbox,,"[[128,37,376,363]]",1,500.0,421.0,2026-08-28T08:54:29.270Z,2026-08-28T08:55:57.885Z
annotator_0001,session_0001,40.0,single/solo,human_bbox_annotation,1,ILSVRC2012_val_00029356.JPEG,bird,,1.0,bbox,,"[[144,218,256,396]]",1,480.0,500.0,2026-08-28T08:54:32.517Z,2026-08-28T08:55:57.885Z
annotator_0001,session_0001,41.0,single/multi,human_bbox_annotation,1,ILSVRC2012_val_00018599.JPEG,corkscrew,,1.0,bbox,,"[[40,351,577,897],[497,81,816,739]]",2,919.0,1024.0,2026-08-28T08:54:40.568Z,2026-08-28T08:55:57.885Z
annotator_0001,session_0001,42.0,single/multi,human_bbox_annotation,1,ILSVRC2012_val_00042837.JPEG,per𝐟ume,,1.0,bbox,,"[[256,126,435,433],[51,119,297,473]]",2,500.0,495.0,2026-08-28T08:54:47.739Z,2026-08-28T08:55:57.885Z
annotator_0001,session_0001,43.0,single/multi,human_bbox_annotation,1,ILSVRC2012_val_00016527.JPEG,car,,1.0,bbox,,"[[83,129,439,323],[395,135,516,213]]",2,500.0,375.0,2026-08-28T08:54:54.732Z,2026-08-28T08:55:57.885Z
annotator_0001,session_0001,44.0,multi,human_bbox_annotation,1,ILSVRC2012_val_00030479.JPEG,"dog, person",,2.0,bbox,,"[[45,100,352,270],[115,149,255,278],[361,-10,476,97]]",3,500.0,375.0,2026-08-28T08:55:00.288Z,2026-08-28T08:55:57.885Z
annotator_0001,session_0001,45.0,multi,human_bbox_annotation,1,ILSVRC2012_val_00038720.JPEG,"elephant, person",,2.0,bbox,,"[[84,71,236,248],[109,38,159,100],[128,22,165,83],[153,13,217,114],[154,22,164,42],[279,113,319,199],[312,19,371,202],[44,136,52,193],[61,141,70,197],[60,126,68,195],[48,137,60,195],[5,137,19,187],[2,149,15,203],[33,138,46,189]]",14,350.0,250.0,2026-08-28T08:55:28.939Z,2026-08-28T08:55:57.885Z
annotator_0001,session_0001,46.0,multi,human_bbox_annotation,1,ILSVRC2012_val_00015213.JPEG,"dog, person",,2.0,bbox,,"[[120,230,455,490],[43,15,320,465]]",2,483.0,500.0,2026-08-28T08:55:36.452Z,2026-08-28T08:55:57.885Z
annotator_0001,session_0001,47.0,udacity,human_bbox_annotation,1,1478896071431847989.jpg,car,,1.0,bbox,,"[[407,80,491,214]]",1,480.0,300.0,2026-08-28T08:55:39.353Z,2026-08-28T08:55:57.885Z
annotator_0001,session_0001,48.0,udacity,human_bbox_annotation,1,1478020369195764352.jpg,car,,1.0,bbox,,"[[288,130,325,169],[353,124,419,187]]",2,480.0,300.0,2026-08-28T08:55:46.763Z,2026-08-28T08:55:57.885Z
annotator_0002,session_0002,,single/solo,human_bbox_annotation,2,ILSVRC2012_val_00047878.JPEG,bird,,1.0,reject,unclear_image,[],0,500.0,382.0,2026-08-31T11:18:16.905Z,2026-08-31T11:40:42.290Z
annotator_0002,session_0002,1.0,single/solo,human_bbox_annotation,2,ILSVRC2012_val_00028513.JPEG,𝛼ntelopz,,1.0,bbox,,"[[62,108,288,304]]",1,500.0,344.0,2026-08-31T11:19:25.643Z,2026-08-31T11:40:42.290Z
annotator_0002,session_0002,2.0,single/solo,human_bbox_annotation,2,ILSVRC2012_val_00016909.JPEG,herd,,1.0,reject,other,[],0,500.0,375.0,2026-08-31T11:20:17.703Z,2026-08-31T11:40:42.290Z
annotator_0002,session_0002,3.0,single/multi,human_bbox_annotation,2,ILSVRC2012_val_00018599.JPEG,corkscrew,,1.0,bbox,,"[[188,352,641,839]]",1,919.0,1024.0,2026-08-31T11:21:05.324Z,2026-08-31T11:40:42.290Z
annotator_0002,session_0002,4.0,single/multi,human_bbox_annotation,2,ILSVRC2012_val_00042837.JPEG,perfurne,,1.0,bbox,,"[[252,131,439,438]]",1,500.0,495.0,2026-08-31T11:21:24.993Z,2026-08-31T11:40:42.290Z
annotator_0002,session_0002,5.0,single/multi,human_bbox_annotation,2,ILSVRC2012_val_00042837.JPEG,pel fume,,1.0,bbox,,"[[257,139,434,435]]",1,500.0,495.0,2026-08-31T11:21:35.024Z,2026-08-31T11:40:42.290Z
annotator_0002,session_0002,6.0,multi,human_bbox_annotation,2,ILSVRC2013_val_00000449.JPEG,"bowl, person",,2.0,bbox,,"[[113,377,347,508],[2,3,374,503]]",2,375.0,500.0,2026-08-31T11:22:04.823Z,2026-08-31T11:40:42.290Z
annotator_0002,session_0002,7.0,multi,human_bbox_annotation,2,ILSVRC2013_val_00003495.JPEG,"baby bead, filing cabinet, stove, desk",,4.0,skip,,[],0,500.0,375.0,2026-08-31T11:22:59.554Z,2026-08-31T11:40:42.290Z
annotator_0002,session_0002,8.0,multi,human_bbox_annotation,2,ILSVRC2012_val_00004761.JPEG,"fowl, pearson, saxophone",,3.0,bbox,,"[[121,170,228,482],[192,5,293,110],[153,82,373,500]]",3,500.0,500.0,2026-08-31T11:23:36.768Z,2026-08-31T11:40:42.290Z
annotator_0002,session_0002,9.0,udacity,human_bbox_annotation,2,1478020860712187115.jpg,car,,1.0,bbox,,"[[332,143,412,185],[294,135,340,167],[232,144,252,156]]",3,480.0,300.0,2026-08-31T11:24:06.563Z,2026-08-31T11:40:42.290Z
annotator_0002,session_0002,10.0,udacity,human_bbox_annotation,2,1478020280197384728.jpg,cap,,1.0,reject,other,[],0,480.0,300.0,2026-08-31T11:24:38.993Z,2026-08-31T11:40:42.290Z
annotator_0002,session_0002,11.0,udacity,human_bbox_annotation,2,1479501447174309879.jpg,cam,,1.0,bbox,,"[[172,81,210,104]]",1,480.0,300.0,2026-08-31T11:25:16.503Z,2026-08-31T11:40:42.290Z
annotator_0002,session_0002,12.0,single/solo,human_bbox_annotation,2,ILSVRC2012_val_00012307.JPEG,bird,,1.0,bbox,,"[[128,51,393,388]]",1,443.0,500.0,2026-08-31T11:25:27.153Z,2026-08-31T11:40:42.290Z
annotator_0002,session_0002,13.0,single/solo,human_bbox_annotation,2,ILSVRC2012_val_00043873.JPEG,dig,,1.0,reject,unclear_label,[],0,500.0,375.0,2026-08-31T11:25:47.403Z,2026-08-31T11:40:42.290Z
annotator_0002,session_0002,14.0,single/solo,human_bbox_annotation,2,ILSVRC2012_val_00002595.JPEG,locomotive,,1.0,reject,unclear_label,[],0,500.0,375.0,2026-08-31T11:26:37.618Z,2026-08-31T11:40:42.290Z
annotator_0002,session_0002,15.0,single/multi,human_bbox_annotation,2,ILSVRC2012_val_00029698.JPEG,bird,,1.0,bbox,,"[[34,95,269,270],[96,23,416,321]]",2,500.0,375.0,2026-08-31T11:27:32.192Z,2026-08-31T11:40:42.290Z
annotator_0002,session_0002,17.0,single/multi,human_bbox_annotation,2,ILSVRC2013_val_00000008.JPEG,herd,,1.0,bbox,,"[[67,11,463,336]]",1,500.0,334.0,2026-08-31T11:28:05.242Z,2026-08-31T11:40:42.290Z
annotator_0002,session_0002,18.0,single/multi,human_bbox_annotation,2,ILSVRC2012_val_00037937.JPEG,per fume,,1.0,bbox,,"[[19,89,448,454]]",1,500.0,486.0,2026-08-31T11:28:28.753Z,2026-08-31T11:40:42.290Z
annotator_0002,session_0002,19.0,multi,human_bbox_annotation,2,ILSVRC2012_val_00003176.JPEG,"bench, dog",,2.0,bbox,,"[[46,0,237,81],[177,35,400,340]]",2,500.0,375.0,2026-08-31T11:29:07.353Z,2026-08-31T11:40:42.290Z
annotator_0002,session_0002,20.0,multi,human_bbox_annotation,2,ILSVRC2012_val_00016267.JPEG,"aple, reler",,2.0,bbox,,"[[5,-3,221,335],[277,-7,500,276],[3,214,508,335],[197,95,394,277]]",4,500.0,334.0,2026-08-31T11:31:03.582Z,2026-08-31T11:40:42.290Z
annotator_0002,session_0002,21.0,multi,human_bbox_annotation,2,ILSVRC2012_val_00047487.JPEG,"dug, person",,2.0,bbox,,"[[31,70,305,266],[92,-10,352,230]]",2,400.0,290.0,2026-08-31T11:31:22.402Z,2026-08-31T11:40:42.290Z
annotator_0002,session_0002,23.0,udacity,human_bbox_annotation,2,1478895568695802824.jpg,car,,1.0,bbox,,"[[27,148,109,190]]",1,480.0,300.0,2026-08-31T11:31:44.578Z,2026-08-31T11:40:42.290Z
annotator_0002,session_0002,24.0,udacity,human_bbox_annotation,2,1478896071431847989.jpg,can,,1.0,reject,unclear_label,[],0,480.0,300.0,2026-08-31T11:32:20.852Z,2026-08-31T11:40:42.290Z
annotator_0002,session_0002,25.0,udacity,human_bbox_annotation,2,1479501431172538806.jpg,cam,,1.0,bbox,,"[[169,81,214,104]]",1,480.0,300.0,2026-08-31T11:32:29.593Z,2026-08-31T11:40:42.290Z
annotator_0002,session_0002,26.0,single/solo,human_bbox_annotation,2,ILSVRC2012_val_00006233.JPEG,diaper,,1.0,bbox,,"[[124,197,243,327]]",1,375.0,500.0,2026-08-31T11:32:41.413Z,2026-08-31T11:40:42.290Z
annotator_0002,session_0002,27.0,single/solo,human_bbox_annotation,2,ILSVRC2012_val_00026917.JPEG,butterfly,,1.0,bbox,,"[[206,68,443,319]]",1,500.0,443.0,2026-08-31T11:32:53.332Z,2026-08-31T11:40:42.290Z
annotator_0002,session_0002,28.0,single/solo,human_bbox_annotation,2,ILSVRC2012_val_00024314.JPEG,snake,,1.0,bbox,,"[[126,181,461,376]]",1,640.0,480.0,2026-08-31T11:33:07.242Z,2026-08-31T11:40:42.290Z
annotator_0002,session_0002,29.0,single/multi,human_bbox_annotation,2,ILSVRC2012_val_00037816.JPEG,antelope,,1.0,bbox,,"[[20,163,156,251],[246,99,391,223]]",2,500.0,333.0,2026-08-31T11:33:25.288Z,2026-08-31T11:40:42.290Z
annotator_0002,session_0002,30.0,single/multi,human_bbox_annotation,2,ILSVRC2012_val_00002802.JPEG,bird,,1.0,bbox,,"[[2,91,199,384],[159,1,505,384]]",2,500.0,385.0,2026-08-31T11:33:46.133Z,2026-08-31T11:40:42.290Z
annotator_0002,session_0002,31.0,single/multi,human_bbox_annotation,2,ILSVRC2012_val_00022295.JPEG,bench,,1.0,bbox,,"[[140,338,265,412],[-18,336,87,419]]",2,500.0,442.0,2026-08-31T11:34:08.962Z,2026-08-31T11:40:42.290Z
annotator_0002,session_0002,32.0,multi,human_bbox_annotation,2,ILSVRC2012_val_00010502.JPEG,"plastic bag, pomegranate",,2.0,bbox,,"[[124,64,378,318],[-23,96,105,239],[393,-1,504,176],[169,1,413,63]]",4,500.0,356.0,2026-08-31T11:34:40.643Z,2026-08-31T11:40:42.290Z
annotator_0002,session_0002,33.0,multi,human_bbox_annotation,2,ILSVRC2012_val_00038249.JPEG,"bookshelf, disxwasher",,2.0,bbox,,"[[539,494,590,664],[26,97,519,297]]",2,590.0,892.0,2026-08-31T11:35:04.723Z,2026-08-31T11:40:42.290Z
annotator_0002,session_0002,34.0,multi,human_bbox_annotation,2,ILSVRC2012_val_00024444.JPEG,"bench, cello, chair, pe rson, piano",,5.0,bbox,,"[[120,23,365,282],[29,203,98,296],[38,91,157,286],[131,125,274,369],[151,130,248,310],[2,314,205,500]]",6,392.0,500.0,2026-08-31T11:35:57.193Z,2026-08-31T11:40:42.290Z
annotator_0002,session_0002,35.0,udacity,human_bbox_annotation,2,1478896071431847989.jpg,car,,1.0,bbox,,"[[413,90,483,212]]",1,480.0,300.0,2026-08-31T11:36:36.953Z,2026-08-31T11:40:42.290Z
annotator_0002,session_0002,36.0,udacity,human_bbox_annotation,2,1479504312367157311.jpg,"automobilp, truck",,2.0,bbox,,"[[147,142,320,266],[98,131,171,183],[200,115,288,179],[420,127,451,147],[176,131,195,147]]",5,480.0,300.0,2026-08-31T11:37:11.804Z,2026-08-31T11:40:42.290Z
annotator_0002,session_0002,37.0,udacity,human_bbox_annotation,2,1478898995863305961.jpg,automobile,,1.0,bbox,,"[[142,129,242,205]]",1,480.0,300.0,2026-08-31T11:37:18.652Z,2026-08-31T11:40:42.290Z
annotator_0002,session_0002,38.0,single/solo,human_bbox_annotation,2,ILSVRC2012_val_00001314.JPEG,dog,,1.0,bbox,,"[[170,87,375,240]]",1,500.0,375.0,2026-08-31T11:37:25.638Z,2026-08-31T11:40:42.290Z
annotator_0002,session_0002,39.0,single/solo,human_bbox_annotation,2,ILSVRC2012_val_00015173.JPEG,pooch,,1.0,bbox,,"[[39,144,296,296]]",1,345.0,500.0,2026-08-31T11:37:38.792Z,2026-08-31T11:40:42.290Z
annotator_0002,session_0002,40.0,single/solo,human_bbox_annotation,2,ILSVRC2012_val_00017504.JPEG,perfume,,1.0,bbox,,"[[42,74,225,346]]",1,260.0,375.0,2026-08-31T11:37:46.743Z,2026-08-31T11:40:42.290Z
annotator_0002,session_0002,41.0,single/multi,human_bbox_annotation,2,ILSVRC2012_val_00012301.JPEG,snake,,1.0,bbox,,"[[208,-10,431,133],[0,8,294,510]]",2,430.0,500.0,2026-08-31T11:38:04.672Z,2026-08-31T11:40:42.290Z
annotator_0002,session_0002,42.0,single/multi,human_bbox_annotation,2,ILSVRC2012_val_00045966.JPEG,soap dispenser,,1.0,bbox,,"[[276,17,465,477]]",1,499.0,500.0,2026-08-31T11:38:14.963Z,2026-08-31T11:40:42.290Z
annotator_0002,session_0002,43.0,single/multi,human_bbox_annotation,2,ILSVRC2012_val_00041903.JPEG,salt or pepper shaker,,1.0,bbox,,"[[103,315,371,809]]",1,582.0,815.0,2026-08-31T11:38:25.103Z,2026-08-31T11:40:42.290Z
annotator_0002,session_0002,44.0,multi,human_bbox_annotation,2,ILSVRC2012_val_00005713.JPEG,"person, soccer ball",,2.0,bbox,,"[[95,15,205,116],[119,115,171,214]]",2,300.0,225.0,2026-08-31T11:38:40.348Z,2026-08-31T11:40:42.290Z
annotator_0002,session_0002,45.0,multi,human_bbox_annotation,2,ILSVRC2012_val_00042150.JPEG,"car, individual, unicycle",,3.0,bbox,,"[[28,140,240,241],[235,257,304,335],[384,119,417,181],[242,98,333,334],[84,111,99,150],[55,108,72,146],[25,111,43,150],[-4,114,13,180],[459,183,521,291]]",9,500.0,375.0,2026-08-31T11:39:25.703Z,2026-08-31T11:40:42.290Z
annotator_0002,session_0002,46.0,multi,human_bbox_annotation,2,ILSVRC2013_val_00001956.JPEG,"ucp or mug, strawberry, table",,3.0,bbox,,"[[354,124,498,408],[10,35,240,286],[43,54,116,108],[17,18,472,491]]",4,500.0,500.0,2026-08-31T11:40:10.523Z,2026-08-31T11:40:42.290Z
annotator_0002,session_0002,47.0,udacity,human_bbox_annotation,2,1478020280197384728.jpg,car,,1.0,bbox,,"[[237,131,328,174]]",1,480.0,300.0,2026-08-31T11:40:20.953Z,2026-08-31T11:40:42.290Z
annotator_0002,session_0002,48.0,udacity,human_bbox_annotation,2,1479500700123235425.jpg,truck,,1.0,bbox,,"[[1,105,102,175]]",1,480.0,300.0,2026-08-31T11:40:31.723Z,2026-08-31T11:40:42.290Z
annotator_0002,session_0002,49.0,udacity,human_bbox_annotation,2,1479501447174309879.jpg,car,,1.0,bbox,,"[[4,101,348,244]]",1,480.0,300.0,2026-08-31T11:40:40.463Z,2026-08-31T11:40:42.290Z
annotator_0003,session_0003,,single/solo,human_bbox_annotation,3,ILSVRC2012_val_00006233.JPEG,diaper,,1.0,bbox,,"[[155,219,227,334]]",1,375.0,500.0,2026-08-31T11:42:27.086Z,2026-08-31T12:01:45.523Z
annotator_0003,session_0003,1.0,single/solo,human_bbox_annotation,3,ILSVRC2012_val_00010994.JPEG,dot,,1.0,bbox,,"[[9,47,180,265],[182,42,397,86]]",2,500.0,375.0,2026-08-31T11:43:15.997Z,2026-08-31T12:01:45.523Z
annotator_0003,session_0003,2.0,single/solo,human_bbox_annotation,3,ILSVRC2012_val_00047845.JPEG,sneak,,1.0,bbox,,"[[22,131,448,294]]",1,500.0,375.0,2026-08-31T11:44:00.421Z,2026-08-31T12:01:45.523Z
annotator_0003,session_0003,3.0,single/multi,human_bbox_annotation,3,ILSVRC2012_val_00041903.JPEG,salt or pepper shaker,,1.0,bbox,,"[[102,303,361,817]]",1,582.0,815.0,2026-08-31T11:44:14.940Z,2026-08-31T12:01:45.523Z
annotator_0003,session_0003,4.0,single/multi,human_bbox_annotation,3,ILSVRC2012_val_00044520.JPEG,iuod,,1.0,reject,unclear_image,[],0,500.0,241.0,2026-08-31T11:44:37.180Z,2026-08-31T12:01:45.523Z
annotator_0003,session_0003,5.0,single/multi,human_bbox_annotation,3,ILSVRC2012_val_00004401.JPEG,islpod,,1.0,reject,unclear_label,[],0,375.0,500.0,2026-08-31T11:44:55.084Z,2026-08-31T12:01:45.523Z
annotator_0003,session_0003,6.0,multi,human_bbox_annotation,3,ILSVRC2012_val_00022857.JPEG,"dog, person",,2.0,bbox,,"[[3,67,303,392],[350,3,503,374]]",2,500.0,375.0,2026-08-31T11:45:32.307Z,2026-08-31T12:01:45.523Z
annotator_0003,session_0003,7.0,multi,human_bbox_annotation,3,ILSVRC2012_val_00039154.JPEG,"pirson, racket",,2.0,bbox,,"[[265,197,353,375],[31,7,297,378]]",2,500.0,376.0,2026-08-31T11:46:05.947Z,2026-08-31T12:01:45.523Z
annotator_0003,session_0003,8.0,multi,human_bbox_annotation,3,ILSVRC2012_val_00030479.JPEG,"dog, individual",,2.0,bbox,,"[[377,1,473,101],[54,101,370,291]]",2,500.0,375.0,2026-08-31T11:46:44.379Z,2026-08-31T12:01:45.523Z
annotator_0003,session_0003,9.0,udacity,human_bbox_annotation,3,1479501431172538806.jpg,car,,1.0,bbox,,"[[107,94,431,239]]",1,480.0,300.0,2026-08-31T11:47:02.114Z,2026-08-31T12:01:45.523Z
annotator_0003,session_0003,10.0,udacity,human_bbox_annotation,3,1479501447174309879.jpg,cab,,1.0,bbox,,"[[-1,103,359,246]]",1,480.0,300.0,2026-08-31T11:47:23.202Z,2026-08-31T12:01:45.523Z
annotator_0003,session_0003,11.0,udacity,human_bbox_annotation,3,1479503322799978016.jpg,car,,1.0,bbox,,"[[0,118,103,243],[143,99,338,254],[388,122,473,203],[1,266,481,297]]",4,480.0,300.0,2026-08-31T11:48:21.369Z,2026-08-31T12:01:45.523Z
annotator_0003,session_0003,12.0,single/solo,human_bbox_annotation,3,ILSVRC2012_val_00031771.JPEG,croquet ball,,1.0,bbox,,"[[178,137,282,237]]",1,500.0,333.0,2026-08-31T11:48:36.681Z,2026-08-31T12:01:45.523Z
annotator_0003,session_0003,13.0,single/solo,human_bbox_annotation,3,ILSVRC2012_val_00032258.JPEG,golf fihs,,1.0,bbox,,"[[134,72,411,330]]",1,500.0,375.0,2026-08-31T11:48:57.201Z,2026-08-31T12:01:45.523Z
annotator_0003,session_0003,14.0,single/solo,human_bbox_annotation,3,ILSVRC2012_val_00013465.JPEG,hippopotamus,,1.0,bbox,,"[[49,167,259,331]]",1,396.0,500.0,2026-08-31T11:49:08.961Z,2026-08-31T12:01:45.523Z
annotator_0003,session_0003,16.0,single/multi,human_bbox_annotation,3,ILSVRC2012_val_00048808.JPEG,isopod,,1.0,reject,unclear_image,[],0,500.0,375.0,2026-08-31T11:49:37.896Z,2026-08-31T12:01:45.523Z
annotator_0003,session_0003,17.0,single/multi,human_bbox_annotation,3,ILSVRC2012_val_00039027.JPEG,dot,,1.0,reject,unclear_label,[],0,500.0,375.0,2026-08-31T11:50:08.880Z,2026-08-31T12:01:45.523Z
annotator_0003,session_0003,18.0,single/multi,human_bbox_annotation,3,ILSVRC2012_val_00039795.JPEG,bare,,1.0,bbox,,"[[27,10,224,142]]",1,250.0,168.0,2026-08-31T11:50:26.968Z,2026-08-31T12:01:45.523Z
annotator_0003,session_0003,19.0,multi,human_bbox_annotation,3,ILSVRC2012_val_00004709.JPEG,"brassiere, person",,2.0,bbox,,"[[8,3,322,486]]",1,338.0,500.0,2026-08-31T11:50:44.487Z,2026-08-31T12:01:45.523Z
annotator_0003,session_0003,20.0,multi,human_bbox_annotation,3,ILSVRC2012_val_00006695.JPEG,"bow tie, ob oe, pearspn",,3.0,reject,unclear_label,[],0,867.0,996.0,2026-08-31T11:50:52.376Z,2026-08-31T12:01:45.523Z
annotator_0003,session_0003,21.0,multi,human_bbox_annotation,3,ILSVRC2012_val_00004048.JPEG,"croquet ball, flower pot, ping-pong ball",,3.0,bbox,,"[[174,222,220,356],[3,140,81,362],[13,30,356,139]]",3,375.0,500.0,2026-08-31T11:52:36.902Z,2026-08-31T12:01:45.523Z
annotator_0003,session_0003,22.0,udacity,human_bbox_annotation,3,1478896071431847989.jpg,car,,1.0,bbox,,"[[404,88,482,197]]",1,480.0,300.0,2026-08-31T11:52:49.926Z,2026-08-31T12:01:45.523Z
annotator_0003,session_0003,23.0,udacity,human_bbox_annotation,3,1478898995863305961.jpg,can,,1.0,reject,unclear_label,[],0,480.0,300.0,2026-08-31T11:53:01.974Z,2026-08-31T12:01:45.523Z
annotator_0003,session_0003,24.0,udacity,human_bbox_annotation,3,1478898087511960878.jpg,"car, track",,2.0,bbox,,"[[40,97,261,269]]",1,480.0,300.0,2026-08-31T11:53:23.655Z,2026-08-31T12:01:45.523Z
annotator_0003,session_0003,25.0,single/solo,human_bbox_annotation,3,ILSVRC2013_val_00004426.JPEG,koala bear,,1.0,bbox,,"[[14,77,327,496]]",1,332.0,500.0,2026-08-31T11:53:41.381Z,2026-08-31T12:01:45.523Z
annotator_0003,session_0003,27.0,single/solo,human_bbox_annotation,3,ILSVRC2013_val_00004383.JPEG,person,,1.0,bbox,,"[[6,27,331,496]]",1,333.0,500.0,2026-08-31T11:54:03.045Z,2026-08-31T12:01:45.523Z
annotator_0003,session_0003,28.0,single/solo,human_bbox_annotation,3,ILSVRC2012_val_00043661.JPEG,sal t or pepper shaker,,1.0,bbox,,"[[83,62,331,483]]",1,380.0,571.0,2026-08-31T11:54:10.245Z,2026-08-31T12:01:45.523Z
annotator_0003,session_0003,29.0,single/multi,human_bbox_annotation,3,ILSVRC2012_val_00029698.JPEG,bird,,1.0,bbox,,"[[38,24,418,328]]",1,500.0,375.0,2026-08-31T11:54:28.269Z,2026-08-31T12:01:45.523Z
annotator_0003,session_0003,30.0,single/multi,human_bbox_annotation,3,ILSVRC2013_val_00001740.JPEG,bicycl e,,1.0,bbox,,"[[217,196,340,338]]",1,333.0,500.0,2026-08-31T11:54:50.836Z,2026-08-31T12:01:45.523Z
annotator_0003,session_0003,31.0,single/multi,human_bbox_annotation,3,ILSVRC2012_val_00035151.JPEG,burd,,1.0,reject,unclear_label,[],0,500.0,384.0,2026-08-31T11:54:56.845Z,2026-08-31T12:01:45.523Z
annotator_0003,session_0003,32.0,multi,human_bbox_annotation,3,ILSVRC2012_val_00026051.JPEG,"bookshelf, dog",,2.0,bbox,,"[[3,2,410,90],[85,97,356,463]]",2,415.0,500.0,2026-08-31T11:55:20.484Z,2026-08-31T12:01:45.523Z
annotator_0003,session_0003,33.0,multi,human_bbox_annotation,3,ILSVRC2012_val_00018814.JPEG,"croquet ball, person, pingpogg bawl",,3.0,bbox,,"[[159,279,211,323],[123,8,228,138],[393,17,489,118],[1,1,117,327]]",4,500.0,417.0,2026-08-31T11:56:36.203Z,2026-08-31T12:01:45.523Z
annotator_0003,session_0003,34.0,multi,human_bbox_annotation,3,ILSVRC2012_val_00004068.JPEG,"axe, person",,2.0,bbox,,"[[97,244,371,502],[8,-1,145,141]]",2,375.0,500.0,2026-08-31T11:56:52.579Z,2026-08-31T12:01:45.523Z
annotator_0003,session_0003,35.0,udacity,human_bbox_annotation,3,1478898087511960878.jpg,"car, truck",,2.0,bbox,,"[[36,92,260,264],[1,273,371,322]]",2,480.0,300.0,2026-08-31T11:57:10.235Z,2026-08-31T12:01:45.523Z
annotator_0003,session_0003,36.0,udacity,human_bbox_annotation,3,1478896071431847989.jpg,cav,,1.0,reject,unclear_label,[],0,480.0,300.0,2026-08-31T11:57:13.931Z,2026-08-31T12:01:45.523Z
annotator_0003,session_0003,37.0,udacity,human_bbox_annotation,3,1478895568695802824.jpg,car,,1.0,bbox,,"[[32,143,116,194]]",1,480.0,300.0,2026-08-31T11:57:20.042Z,2026-08-31T12:01:45.523Z
annotator_0003,session_0003,38.0,single/solo,human_bbox_annotation,3,ILSVRC2013_val_00001634.JPEG,table,,1.0,bbox,,"[[29,6,415,495]]",1,500.0,500.0,2026-08-31T11:57:35.906Z,2026-08-31T12:01:45.523Z
annotator_0003,session_0003,39.0,single/solo,human_bbox_annotation,3,ILSVRC2012_val_00026917.JPEG,butterfly,,1.0,bbox,,"[[214,56,449,332]]",1,500.0,443.0,2026-08-31T11:57:43.322Z,2026-08-31T12:01:45.523Z
annotator_0003,session_0003,40.0,single/solo,human_bbox_annotation,3,ILSVRC2012_val_00024314.JPEG,sneak,,1.0,reject,unclear_label,[],0,640.0,480.0,2026-08-31T11:57:52.330Z,2026-08-31T12:01:45.523Z
annotator_0003,session_0003,41.0,single/multi,human_bbox_annotation,3,ILSVRC2012_val_00035101.JPEG,zebra,,1.0,bbox,,"[[3,6,499,417]]",1,500.0,421.0,2026-08-31T11:58:09.138Z,2026-08-31T12:01:45.523Z
annotator_0003,session_0003,42.0,single/multi,human_bbox_annotation,3,ILSVRC2012_val_00035612.JPEG,mokney,,1.0,reject,unclear_label,[],0,500.0,500.0,2026-08-31T11:58:14.026Z,2026-08-31T12:01:45.523Z
annotator_0003,session_0003,43.0,single/multi,human_bbox_annotation,3,ILSVRC2012_val_00035457.JPEG,cart,,1.0,bbox,,"[[1,92,228,166],[7,34,621,401]]",2,624.0,396.0,2026-08-31T12:00:06.641Z,2026-08-31T12:01:45.523Z
annotator_0003,session_0003,44.0,multi,human_bbox_annotation,3,ILSVRC2012_val_00035378.JPEG,"bird, dog",,2.0,bbox,,"[[82,112,427,332],[136,25,410,361]]",2,500.0,400.0,2026-08-31T12:00:27.705Z,2026-08-31T12:01:45.523Z
annotator_0003,session_0003,45.0,multi,human_bbox_annotation,3,ILSVRC2012_val_00044472.JPEG,"hat with a wide brim, person",,2.0,bbox,,"[[-4,5,372,496]]",1,375.0,500.0,2026-08-31T12:00:48.040Z,2026-08-31T12:01:45.523Z
annotator_0003,session_0003,46.0,multi,human_bbox_annotation,3,ILSVRC2013_val_00003860.JPEG,"digital clock, person",,2.0,bbox,,"[[95,88,135,110],[271,24,490,489]]",2,500.0,500.0,2026-08-31T12:01:11.632Z,2026-08-31T12:01:45.523Z
annotator_0003,session_0003,47.0,udacity,human_bbox_annotation,3,1478732233783674595.jpg,car,,1.0,reject,unclear_image,[],0,480.0,300.0,2026-08-31T12:01:15.424Z,2026-08-31T12:01:45.523Z
annotator_0003,session_0003,48.0,udacity,human_bbox_annotation,3,1479501447174309879.jpg,car,,1.0,bbox,,"[[1,89,357,243]]",1,480.0,300.0,2026-08-31T12:01:31.648Z,2026-08-31T12:01:45.523Z
annotator_0003,session_0003,49.0,udacity,human_bbox_annotation,3,1479500714623724165.jpg,car,,1.0,bbox,,"[[67,127,178,207],[1,141,68,199]]",2,480.0,300.0,2026-08-31T12:01:44.391Z,2026-08-31T12:01:45.523Z
annotator_0004,session_0004,,single/solo,human_bbox_annotation,3,ILSVRC2012_val_00006233.JPEG,diaper,,1.0,reject,unclear_image,[],0,375.0,500.0,2026-08-31T12:38:48.901Z,2026-08-31T12:43:11.071Z
annotator_0004,session_0004,1.0,single/solo,human_bbox_annotation,3,ILSVRC2012_val_00010994.JPEG,dot,,1.0,bbox,,[],0,500.0,375.0,2026-08-31T12:38:59.820Z,2026-08-31T12:43:11.071Z
annotator_0004,session_0004,2.0,single/solo,human_bbox_annotation,3,ILSVRC2012_val_00047845.JPEG,sneak,,1.0,reject,unclear_image,[],0,500.0,375.0,2026-08-31T12:39:05.388Z,2026-08-31T12:43:11.071Z
annotator_0004,session_0004,3.0,single/multi,human_bbox_annotation,3,ILSVRC2012_val_00041903.JPEG,salt or pepper shaker,,1.0,reject,unclear_image,[],0,582.0,815.0,2026-08-31T12:39:10.514Z,2026-08-31T12:43:11.071Z
annotator_0004,session_0004,4.0,single/multi,human_bbox_annotation,3,ILSVRC2012_val_00044520.JPEG,iuod,,1.0,bbox,,[],0,500.0,241.0,2026-08-31T12:39:17.491Z,2026-08-31T12:43:11.071Z
annotator_0004,session_0004,5.0,single/multi,human_bbox_annotation,3,ILSVRC2012_val_00004401.JPEG,islpod,,1.0,reject,unclear_image,[],0,375.0,500.0,2026-08-31T12:39:20.451Z,2026-08-31T12:43:11.071Z
annotator_0004,session_0004,6.0,multi,human_bbox_annotation,3,ILSVRC2012_val_00022857.JPEG,"dog, person",,2.0,bbox,,[],0,500.0,375.0,2026-08-31T12:39:25.347Z,2026-08-31T12:43:11.071Z
annotator_0004,session_0004,7.0,multi,human_bbox_annotation,3,ILSVRC2012_val_00039154.JPEG,"pirson, racket",,2.0,skip,,[],0,500.0,376.0,2026-08-31T12:40:09.785Z,2026-08-31T12:43:11.071Z
annotator_0004,session_0004,8.0,multi,human_bbox_annotation,3,ILSVRC2012_val_00030479.JPEG,"dog, individual",,2.0,reject,unclear_image,[],0,500.0,375.0,2026-08-31T12:40:12.129Z,2026-08-31T12:43:11.071Z
annotator_0004,session_0004,9.0,udacity,human_bbox_annotation,3,1479501431172538806.jpg,car,,1.0,reject,unclear_image,[],0,480.0,300.0,2026-08-31T12:40:15.432Z,2026-08-31T12:43:11.071Z
annotator_0004,session_0004,10.0,udacity,human_bbox_annotation,3,1479501447174309879.jpg,cab,,1.0,reject,unclear_image,[],0,480.0,300.0,2026-08-31T12:40:17.496Z,2026-08-31T12:43:11.071Z
annotator_0004,session_0004,11.0,udacity,human_bbox_annotation,3,1479503322799978016.jpg,car,,1.0,skip,,[],0,480.0,300.0,2026-08-31T12:40:20.721Z,2026-08-31T12:43:11.071Z
annotator_0004,session_0004,12.0,single/solo,human_bbox_annotation,3,ILSVRC2012_val_00031771.JPEG,croquet ball,,1.0,reject,other,[],0,500.0,333.0,2026-08-31T12:40:29.751Z,2026-08-31T12:43:11.071Z
annotator_0004,session_0004,13.0,single/solo,human_bbox_annotation,3,ILSVRC2012_val_00032258.JPEG,golf fihs,,1.0,reject,unclear_image,[],0,500.0,375.0,2026-08-31T12:40:32.577Z,2026-08-31T12:43:11.071Z
annotator_0004,session_0004,14.0,single/solo,human_bbox_annotation,3,ILSVRC2012_val_00013465.JPEG,hippopotamus,,1.0,bbox,,[],0,396.0,500.0,2026-08-31T12:40:39.104Z,2026-08-31T12:43:11.071Z
annotator_0004,session_0004,15.0,single/multi,human_bbox_annotation,3,ILSVRC2012_val_00048808.JPEG,isopod,,1.0,bbox,,[],0,500.0,375.0,2026-08-31T12:40:43.618Z,2026-08-31T12:43:11.071Z
annotator_0004,session_0004,16.0,single/multi,human_bbox_annotation,3,ILSVRC2012_val_00039027.JPEG,dot,,1.0,reject,other,[],0,500.0,375.0,2026-08-31T12:40:46.761Z,2026-08-31T12:43:11.071Z
annotator_0004,session_0004,17.0,single/multi,human_bbox_annotation,3,ILSVRC2012_val_00039795.JPEG,bare,,1.0,reject,unclear_image,[],0,250.0,168.0,2026-08-31T12:40:49.096Z,2026-08-31T12:43:11.071Z
annotator_0004,session_0004,18.0,multi,human_bbox_annotation,3,ILSVRC2012_val_00004709.JPEG,"brassiere, person",,2.0,reject,unclear_image,[],0,338.0,500.0,2026-08-31T12:40:51.569Z,2026-08-31T12:43:11.071Z
annotator_0004,session_0004,19.0,multi,human_bbox_annotation,3,ILSVRC2012_val_00006695.JPEG,"bow tie, ob oe, pearspn",,3.0,reject,unclear_image,[],0,867.0,996.0,2026-08-31T12:40:55.809Z,2026-08-31T12:43:11.071Z
annotator_0004,session_0004,20.0,multi,human_bbox_annotation,3,ILSVRC2012_val_00004048.JPEG,"croquet ball, flower pot, ping-pong ball",,3.0,reject,unclear_image,[],0,375.0,500.0,2026-08-31T12:40:58.503Z,2026-08-31T12:43:11.071Z
annotator_0004,session_0004,21.0,udacity,human_bbox_annotation,3,1478896071431847989.jpg,car,,1.0,bbox,,[],0,480.0,300.0,2026-08-31T12:41:01.328Z,2026-08-31T12:43:11.071Z
annotator_0004,session_0004,22.0,udacity,human_bbox_annotation,3,1478898995863305961.jpg,can,,1.0,reject,unclear_image,[],0,480.0,300.0,2026-08-31T12:41:04.200Z,2026-08-31T12:43:11.071Z
annotator_0004,session_0004,23.0,udacity,human_bbox_annotation,3,1478898087511960878.jpg,"car, track",,2.0,skip,,[],0,480.0,300.0,2026-08-31T12:41:06.672Z,2026-08-31T12:43:11.071Z
annotator_0004,session_0004,24.0,single/solo,human_bbox_annotation,3,ILSVRC2013_val_00004426.JPEG,koala bear,,1.0,bbox,,[],0,332.0,500.0,2026-08-31T12:41:12.279Z,2026-08-31T12:43:11.071Z
annotator_0004,session_0004,25.0,single/solo,human_bbox_annotation,3,ILSVRC2013_val_00004383.JPEG,person,,1.0,skip,,[],0,333.0,500.0,2026-08-31T12:41:16.086Z,2026-08-31T12:43:11.071Z
annotator_0004,session_0004,26.0,single/solo,human_bbox_annotation,3,ILSVRC2012_val_00043661.JPEG,sal t or pepper shaker,,1.0,bbox,,"[[127,211,263,410]]",1,380.0,571.0,2026-08-31T12:41:33.159Z,2026-08-31T12:43:11.071Z
annotator_0004,session_0004,27.0,single/multi,human_bbox_annotation,3,ILSVRC2012_val_00029698.JPEG,bird,,1.0,bbox,,"[[92,65,450,276]]",1,500.0,375.0,2026-08-31T12:41:43.048Z,2026-08-31T12:43:11.071Z
annotator_0004,session_0004,30.0,single/multi,human_bbox_annotation,3,ILSVRC2013_val_00001740.JPEG,bicycl e,,1.0,bbox,,"[[223,213,343,337]]",1,333.0,500.0,2026-08-31T12:41:59.455Z,2026-08-31T12:43:11.071Z
annotator_0004,session_0004,31.0,single/multi,human_bbox_annotation,3,ILSVRC2012_val_00035151.JPEG,burd,,1.0,reject,unclear_image,[],0,500.0,384.0,2026-08-31T12:42:01.998Z,2026-08-31T12:43:11.071Z
annotator_0004,session_0004,32.0,multi,human_bbox_annotation,3,ILSVRC2012_val_00026051.JPEG,"bookshelf, dog",,2.0,reject,unclear_image,[],0,415.0,500.0,2026-08-31T12:42:04.103Z,2026-08-31T12:43:11.071Z
annotator_0004,session_0004,33.0,multi,human_bbox_annotation,3,ILSVRC2012_val_00018814.JPEG,"croquet ball, person, pingpogg bawl",,3.0,bbox,,"[[157,266,203,321]]",1,500.0,417.0,2026-08-31T12:42:16.118Z,2026-08-31T12:43:11.071Z
annotator_0004,session_0004,34.0,multi,human_bbox_annotation,3,ILSVRC2012_val_00004068.JPEG,"axe, person",,2.0,reject,other,[],0,375.0,500.0,2026-08-31T12:42:21.526Z,2026-08-31T12:43:11.071Z
annotator_0004,session_0004,35.0,udacity,human_bbox_annotation,3,1478898087511960878.jpg,"car, truck",,2.0,reject,other,[],0,480.0,300.0,2026-08-31T12:42:23.734Z,2026-08-31T12:43:11.071Z
annotator_0004,session_0004,36.0,udacity,human_bbox_annotation,3,1478896071431847989.jpg,cav,,1.0,skip,,[],0,480.0,300.0,2026-08-31T12:42:26.661Z,2026-08-31T12:43:11.071Z
annotator_0004,session_0004,37.0,udacity,human_bbox_annotation,3,1478895568695802824.jpg,car,,1.0,reject,unclear_image,[],0,480.0,300.0,2026-08-31T12:42:28.902Z,2026-08-31T12:43:11.071Z
annotator_0004,session_0004,38.0,single/solo,human_bbox_annotation,3,ILSVRC2013_val_00001634.JPEG,table,,1.0,reject,unclear_image,[],0,500.0,500.0,2026-08-31T12:42:31.221Z,2026-08-31T12:43:11.071Z
annotator_0004,session_0004,39.0,single/solo,human_bbox_annotation,3,ILSVRC2012_val_00026917.JPEG,butterfly,,1.0,bbox,,"[[185,117,450,331]]",1,500.0,443.0,2026-08-31T12:42:39.428Z,2026-08-31T12:43:11.071Z
annotator_0004,session_0004,40.0,single/solo,human_bbox_annotation,3,ILSVRC2012_val_00024314.JPEG,sneak,,1.0,bbox,,"[[114,166,504,385]]",1,640.0,480.0,2026-08-31T12:42:48.054Z,2026-08-31T12:43:11.071Z
annotator_0004,session_0004,41.0,single/multi,human_bbox_annotation,3,ILSVRC2012_val_00035101.JPEG,zebra,,1.0,reject,unclear_image,[],0,500.0,421.0,2026-08-31T12:42:50.590Z,2026-08-31T12:43:11.071Z
annotator_0004,session_0004,42.0,single/multi,human_bbox_annotation,3,ILSVRC2012_val_00035612.JPEG,mokney,,1.0,reject,unclear_image,[],0,500.0,500.0,2026-08-31T12:42:53.758Z,2026-08-31T12:43:11.071Z
annotator_0004,session_0004,43.0,single/multi,human_bbox_annotation,3,ILSVRC2012_val_00035457.JPEG,cart,,1.0,skip,,[],0,624.0,396.0,2026-08-31T12:42:56.837Z,2026-08-31T12:43:11.071Z
annotator_0004,session_0004,44.0,multi,human_bbox_annotation,3,ILSVRC2012_val_00035378.JPEG,"bird, dog",,2.0,reject,unclear_image,[],0,500.0,400.0,2026-08-31T12:43:00.302Z,2026-08-31T12:43:11.071Z
annotator_0004,session_0004,45.0,multi,human_bbox_annotation,3,ILSVRC2012_val_00044472.JPEG,"hat with a wide brim, person",,2.0,skip,,[],0,375.0,500.0,2026-08-31T12:43:02.308Z,2026-08-31T12:43:11.071Z
annotator_0004,session_0004,46.0,multi,human_bbox_annotation,3,ILSVRC2013_val_00003860.JPEG,"digital clock, person",,2.0,reject,unclear_image,[],0,500.0,500.0,2026-08-31T12:43:04.486Z,2026-08-31T12:43:11.071Z
annotator_0004,session_0004,47.0,udacity,human_bbox_annotation,3,1478732233783674595.jpg,car,,1.0,reject,unclear_image,[],0,480.0,300.0,2026-08-31T12:43:06.221Z,2026-08-31T12:43:11.071Z
annotator_0004,session_0004,48.0,udacity,human_bbox_annotation,3,1479501447174309879.jpg,car,,1.0,reject,unclear_image,[],0,480.0,300.0,2026-08-31T12:43:07.781Z,2026-08-31T12:43:11.071Z
annotator_0004,session_0004,49.0,udacity,human_bbox_annotation,3,1479500714623724165.jpg,car,,1.0,reject,unclear_image,[],0,480.0,300.0,2026-08-31T12:43:09.854Z,2026-08-31T12:43:11.071Z
annotator_0005,session_0005,,single/solo,human_bbox_annotation,2,ILSVRC2012_val_00047878.JPEG,bird,,1.0,reject,unclear_image,[],0,500.0,382.0,2026-08-31T12:28:47.491Z,2026-08-31T12:43:17.236Z
annotator_0005,session_0005,1.0,single/solo,human_bbox_annotation,2,ILSVRC2012_val_00028513.JPEG,𝛼ntelopz,,1.0,bbox,,"[[64,100,295,312]]",1,500.0,344.0,2026-08-31T12:29:34.932Z,2026-08-31T12:43:17.236Z
annotator_0005,session_0005,2.0,single/solo,human_bbox_annotation,2,ILSVRC2012_val_00016909.JPEG,herd,,1.0,bbox,,"[[80,26,232,263]]",1,500.0,375.0,2026-08-31T12:29:52.293Z,2026-08-31T12:43:17.236Z
annotator_0005,session_0005,3.0,single/multi,human_bbox_annotation,2,ILSVRC2012_val_00018599.JPEG,corkscrew,,1.0,bbox,,"[[236,69,773,960]]",1,919.0,1024.0,2026-08-31T12:30:16.469Z,2026-08-31T12:43:17.236Z
annotator_0005,session_0005,4.0,single/multi,human_bbox_annotation,2,ILSVRC2012_val_00042837.JPEG,perfurne,,1.0,bbox,,"[[262,116,427,437]]",1,500.0,495.0,2026-08-31T12:30:44.168Z,2026-08-31T12:43:17.236Z
annotator_0005,session_0005,5.0,single/multi,human_bbox_annotation,2,ILSVRC2012_val_00042837.JPEG,pel fume,,1.0,bbox,,"[[36,104,428,479]]",1,500.0,495.0,2026-08-31T12:30:58.367Z,2026-08-31T12:43:17.236Z
annotator_0005,session_0005,6.0,multi,human_bbox_annotation,2,ILSVRC2013_val_00000449.JPEG,"bowl, person",,2.0,bbox,,"[[93,372,364,505]]",1,375.0,500.0,2026-08-31T12:31:08.711Z,2026-08-31T12:43:17.236Z
annotator_0005,session_0005,7.0,multi,human_bbox_annotation,2,ILSVRC2013_val_00003495.JPEG,"baby bead, filing cabinet, stove, desk",,4.0,bbox,,"[[156,159,204,247],[215,260,288,355],[358,119,406,249],[106,64,247,140],[262,92,312,227]]",5,500.0,375.0,2026-08-31T12:32:36.505Z,2026-08-31T12:43:17.236Z
annotator_0005,session_0005,8.0,multi,human_bbox_annotation,2,ILSVRC2012_val_00004761.JPEG,"fowl, pearson, saxophone",,3.0,bbox,,"[[158,156,227,483],[111,77,369,503],[182,10,302,94]]",3,500.0,500.0,2026-08-31T12:33:46.451Z,2026-08-31T12:43:17.236Z
annotator_0005,session_0005,9.0,udacity,human_bbox_annotation,2,1478020860712187115.jpg,car,,1.0,bbox,,"[[328,117,414,211]]",1,480.0,300.0,2026-08-31T12:34:01.852Z,2026-08-31T12:43:17.236Z
annotator_0005,session_0005,10.0,udacity,human_bbox_annotation,2,1478020280197384728.jpg,cap,,1.0,bbox,,"[[211,73,368,206]]",1,480.0,300.0,2026-08-31T12:34:19.085Z,2026-08-31T12:43:17.236Z
annotator_0005,session_0005,11.0,udacity,human_bbox_annotation,2,1479501447174309879.jpg,cam,,1.0,reject,unclear_image,[],0,480.0,300.0,2026-08-31T12:35:11.215Z,2026-08-31T12:43:17.236Z
annotator_0005,session_0005,12.0,single/solo,human_bbox_annotation,2,ILSVRC2012_val_00012307.JPEG,bird,,1.0,bbox,,"[[128,47,378,332]]",1,443.0,500.0,2026-08-31T12:35:28.911Z,2026-08-31T12:43:17.236Z
annotator_0005,session_0005,13.0,single/solo,human_bbox_annotation,2,ILSVRC2012_val_00043873.JPEG,dig,,1.0,bbox,,"[[204,119,313,264]]",1,500.0,375.0,2026-08-31T12:35:36.103Z,2026-08-31T12:43:17.236Z
annotator_0005,session_0005,15.0,single/solo,human_bbox_annotation,2,ILSVRC2012_val_00002595.JPEG,locomotive,,1.0,bbox,,"[[257,170,388,223]]",1,500.0,375.0,2026-08-31T12:36:07.768Z,2026-08-31T12:43:17.236Z
annotator_0005,session_0005,16.0,single/multi,human_bbox_annotation,2,ILSVRC2012_val_00029698.JPEG,bird,,1.0,reject,unclear_label,[],0,500.0,375.0,2026-08-31T12:36:18.945Z,2026-08-31T12:43:17.236Z
annotator_0005,session_0005,17.0,single/multi,human_bbox_annotation,2,ILSVRC2013_val_00000008.JPEG,herd,,1.0,bbox,,"[[81,11,456,342]]",1,500.0,334.0,2026-08-31T12:36:35.193Z,2026-08-31T12:43:17.236Z
annotator_0005,session_0005,18.0,single/multi,human_bbox_annotation,2,ILSVRC2012_val_00037937.JPEG,per fume,,1.0,bbox,,"[[6,69,488,472]]",1,500.0,486.0,2026-08-31T12:36:57.570Z,2026-08-31T12:43:17.236Z
annotator_0005,session_0005,19.0,multi,human_bbox_annotation,2,ILSVRC2012_val_00003176.JPEG,"bench, dog",,2.0,bbox,,"[[36,1,442,350]]",1,500.0,375.0,2026-08-31T12:37:16.269Z,2026-08-31T12:43:17.236Z
annotator_0005,session_0005,20.0,multi,human_bbox_annotation,2,ILSVRC2012_val_00016267.JPEG,"aple, reler",,2.0,bbox,,"[[64,29,487,319]]",1,500.0,334.0,2026-08-31T12:37:27.810Z,2026-08-31T12:43:17.236Z
annotator_0005,session_0005,21.0,multi,human_bbox_annotation,2,ILSVRC2012_val_00047487.JPEG,"dug, person",,2.0,bbox,,"[[30,7,350,278]]",1,400.0,290.0,2026-08-31T12:37:39.516Z,2026-08-31T12:43:17.236Z
annotator_0005,session_0005,22.0,udacity,human_bbox_annotation,2,1478895568695802824.jpg,car,,1.0,bbox,,"[[4,115,127,205]]",1,480.0,300.0,2026-08-31T12:37:48.875Z,2026-08-31T12:43:17.236Z
annotator_0005,session_0005,23.0,udacity,human_bbox_annotation,2,1478896071431847989.jpg,can,,1.0,reject,other,[],0,480.0,300.0,2026-08-31T12:38:00.060Z,2026-08-31T12:43:17.236Z
annotator_0005,session_0005,25.0,udacity,human_bbox_annotation,2,1479501431172538806.jpg,cam,,1.0,bbox,,"[[82,8,435,245]]",1,480.0,300.0,2026-08-31T12:38:17.548Z,2026-08-31T12:43:17.236Z
annotator_0005,session_0005,26.0,single/solo,human_bbox_annotation,2,ILSVRC2012_val_00006233.JPEG,diaper,,1.0,bbox,,"[[119,180,247,383]]",1,375.0,500.0,2026-08-31T12:38:28.525Z,2026-08-31T12:43:17.236Z
annotator_0005,session_0005,27.0,single/solo,human_bbox_annotation,2,ILSVRC2012_val_00026917.JPEG,butterfly,,1.0,bbox,,"[[192,59,451,369]]",1,500.0,443.0,2026-08-31T12:38:37.693Z,2026-08-31T12:43:17.236Z
annotator_0005,session_0005,28.0,single/solo,human_bbox_annotation,2,ILSVRC2012_val_00024314.JPEG,snake,,1.0,bbox,,"[[112,184,492,392]]",1,640.0,480.0,2026-08-31T12:38:51.117Z,2026-08-31T12:43:17.236Z
annotator_0005,session_0005,29.0,single/multi,human_bbox_annotation,2,ILSVRC2012_val_00037816.JPEG,antelope,,1.0,bbox,,"[[222,71,396,244]]",1,500.0,333.0,2026-08-31T12:39:01.189Z,2026-08-31T12:43:17.236Z
annotator_0005,session_0005,30.0,single/multi,human_bbox_annotation,2,ILSVRC2012_val_00002802.JPEG,bird,,1.0,bbox,,"[[0,6,490,387]]",1,500.0,385.0,2026-08-31T12:39:17.350Z,2026-08-31T12:43:17.236Z
annotator_0005,session_0005,31.0,single/multi,human_bbox_annotation,2,ILSVRC2012_val_00022295.JPEG,bench,,1.0,bbox,,"[[118,332,278,401]]",1,500.0,442.0,2026-08-31T12:39:26.430Z,2026-08-31T12:43:17.236Z
annotator_0005,session_0005,32.0,multi,human_bbox_annotation,2,ILSVRC2012_val_00010502.JPEG,"plastic bag, pomegranate",,2.0,reject,unclear_label,[],0,500.0,356.0,2026-08-31T12:39:40.447Z,2026-08-31T12:43:17.236Z
annotator_0005,session_0005,33.0,multi,human_bbox_annotation,2,ILSVRC2012_val_00038249.JPEG,"bookshelf, disxwasher",,2.0,bbox,,"[[21,86,534,720]]",1,590.0,892.0,2026-08-31T12:39:55.999Z,2026-08-31T12:43:17.236Z
annotator_0005,session_0005,34.0,multi,human_bbox_annotation,2,ILSVRC2012_val_00024444.JPEG,"bench, cello, chair, pe rson, piano",,5.0,bbox,,"[[182,28,346,380]]",1,392.0,500.0,2026-08-31T12:40:17.960Z,2026-08-31T12:43:17.236Z
annotator_0005,session_0005,35.0,udacity,human_bbox_annotation,2,1478896071431847989.jpg,car,,1.0,bbox,,"[[388,56,482,244]]",1,480.0,300.0,2026-08-31T12:40:32.515Z,2026-08-31T12:43:17.236Z
annotator_0005,session_0005,36.0,udacity,human_bbox_annotation,2,1479504312367157311.jpg,"automobilp, truck",,2.0,bbox,,"[[44,57,362,279]]",1,480.0,300.0,2026-08-31T12:40:47.120Z,2026-08-31T12:43:17.236Z
annotator_0005,session_0005,37.0,udacity,human_bbox_annotation,2,1478898995863305961.jpg,automobile,,1.0,reject,unclear_image,[],0,480.0,300.0,2026-08-31T12:40:59.025Z,2026-08-31T12:43:17.236Z
annotator_0005,session_0005,38.0,single/solo,human_bbox_annotation,2,ILSVRC2012_val_00001314.JPEG,dog,,1.0,bbox,,"[[142,78,377,259]]",1,500.0,375.0,2026-08-31T12:41:03.875Z,2026-08-31T12:43:17.236Z
annotator_0005,session_0005,39.0,single/solo,human_bbox_annotation,2,ILSVRC2012_val_00015173.JPEG,pooch,,1.0,bbox,,"[[50,93,304,328]]",1,345.0,500.0,2026-08-31T12:41:16.514Z,2026-08-31T12:43:17.236Z
annotator_0005,session_0005,40.0,single/solo,human_bbox_annotation,2,ILSVRC2012_val_00017504.JPEG,perfume,,1.0,bbox,,"[[20,39,226,355]]",1,260.0,375.0,2026-08-31T12:41:30.922Z,2026-08-31T12:43:17.236Z
annotator_0005,session_0005,41.0,single/multi,human_bbox_annotation,2,ILSVRC2012_val_00012301.JPEG,snake,,1.0,reject,unclear_label,[],0,430.0,500.0,2026-08-31T12:41:35.346Z,2026-08-31T12:43:17.236Z
annotator_0005,session_0005,42.0,single/multi,human_bbox_annotation,2,ILSVRC2012_val_00045966.JPEG,soap dispenser,,1.0,bbox,,"[[260,23,470,487]]",1,499.0,500.0,2026-08-31T12:41:49.587Z,2026-08-31T12:43:17.236Z
annotator_0005,session_0005,43.0,single/multi,human_bbox_annotation,2,ILSVRC2012_val_00041903.JPEG,salt or pepper shaker,,1.0,reject,unclear_label,[],0,582.0,815.0,2026-08-31T12:41:57.027Z,2026-08-31T12:43:17.236Z
annotator_0005,session_0005,44.0,multi,human_bbox_annotation,2,ILSVRC2012_val_00005713.JPEG,"person, soccer ball",,2.0,bbox,,"[[66,-1,237,220]]",1,300.0,225.0,2026-08-31T12:42:04.964Z,2026-08-31T12:43:17.236Z
annotator_0005,session_0005,45.0,multi,human_bbox_annotation,2,ILSVRC2012_val_00042150.JPEG,"car, individual, unicycle",,3.0,bbox,,"[[12,119,240,260],[239,88,344,349]]",2,500.0,375.0,2026-08-31T12:42:27.948Z,2026-08-31T12:43:17.236Z
annotator_0005,session_0005,46.0,multi,human_bbox_annotation,2,ILSVRC2013_val_00001956.JPEG,"ucp or mug, strawberry, table",,3.0,reject,unclear_image,[],0,500.0,500.0,2026-08-31T12:42:39.453Z,2026-08-31T12:43:17.236Z
annotator_0005,session_0005,47.0,udacity,human_bbox_annotation,2,1478020280197384728.jpg,car,,1.0,reject,unclear_image,[],0,480.0,300.0,2026-08-31T12:42:45.325Z,2026-08-31T12:43:17.236Z
annotator_0005,session_0005,48.0,udacity,human_bbox_annotation,2,1479500700123235425.jpg,truck,,1.0,bbox,,"[[279,453,281,545],[-12,87,116,197]]",2,480.0,300.0,2026-08-31T12:43:06.309Z,2026-08-31T12:43:17.236Z
annotator_0005,session_0005,49.0,udacity,human_bbox_annotation,2,1479501447174309879.jpg,car,,1.0,bbox,,"[[-4,95,368,239]]",1,480.0,300.0,2026-08-31T12:43:16.085Z,2026-08-31T12:43:17.236Z
annotator_0006,session_0006,,single/solo,human_bbox_annotation,2,ILSVRC2012_val_00047878.JPEG,bird,,1.0,bbox,,"[[194,135,321,239]]",1,500.0,382.0,2026-08-31T12:41:44.313Z,2026-08-31T12:46:13.925Z
annotator_0006,session_0006,1.0,single/solo,human_bbox_annotation,2,ILSVRC2012_val_00028513.JPEG,𝛼ntelopz,,1.0,bbox,,"[[65,154,254,292]]",1,500.0,344.0,2026-08-31T12:41:53.139Z,2026-08-31T12:46:13.925Z
annotator_0006,session_0006,2.0,single/solo,human_bbox_annotation,2,ILSVRC2012_val_00016909.JPEG,herd,,1.0,bbox,,[],0,500.0,375.0,2026-08-31T12:41:59.972Z,2026-08-31T12:46:13.925Z
annotator_0006,session_0006,3.0,single/multi,human_bbox_annotation,2,ILSVRC2012_val_00018599.JPEG,corkscrew,,1.0,bbox,,"[[200,375,486,838]]",1,919.0,1024.0,2026-08-31T12:42:06.596Z,2026-08-31T12:46:13.925Z
annotator_0006,session_0006,4.0,single/multi,human_bbox_annotation,2,ILSVRC2012_val_00042837.JPEG,perfurne,,1.0,reject,unclear_label,[],0,500.0,495.0,2026-08-31T12:42:13.727Z,2026-08-31T12:46:13.925Z
annotator_0006,session_0006,5.0,single/multi,human_bbox_annotation,2,ILSVRC2012_val_00042837.JPEG,pel fume,,1.0,reject,unclear_label,[],0,500.0,495.0,2026-08-31T12:42:16.751Z,2026-08-31T12:46:13.925Z
annotator_0006,session_0006,6.0,multi,human_bbox_annotation,2,ILSVRC2013_val_00000449.JPEG,"bowl, person",,2.0,bbox,,"[[96,369,344,509],[32,8,411,530]]",2,375.0,500.0,2026-08-31T12:42:22.721Z,2026-08-31T12:46:13.925Z
annotator_0006,session_0006,7.0,multi,human_bbox_annotation,2,ILSVRC2013_val_00003495.JPEG,"baby bead, filing cabinet, stove, desk",,4.0,bbox,,"[[145,154,246,216],[71,212,245,296],[321,147,447,240]]",3,500.0,375.0,2026-08-31T12:42:34.781Z,2026-08-31T12:46:13.925Z
annotator_0006,session_0006,8.0,multi,human_bbox_annotation,2,ILSVRC2012_val_00004761.JPEG,"fowl, pearson, saxophone",,3.0,bbox,,"[[174,81,393,477],[116,155,236,471]]",2,500.0,500.0,2026-08-31T12:42:41.449Z,2026-08-31T12:46:13.925Z
annotator_0006,session_0006,9.0,udacity,human_bbox_annotation,2,1478020860712187115.jpg,car,,1.0,bbox,,"[[292,131,335,181],[347,140,409,183],[229,144,247,155]]",3,480.0,300.0,2026-08-31T12:42:47.958Z,2026-08-31T12:46:13.925Z
annotator_0006,session_0006,10.0,udacity,human_bbox_annotation,2,1478020280197384728.jpg,cap,,1.0,bbox,,[],0,480.0,300.0,2026-08-31T12:42:59.973Z,2026-08-31T12:46:13.925Z
annotator_0006,session_0006,11.0,udacity,human_bbox_annotation,2,1479501447174309879.jpg,cam,,1.0,bbox,,[],0,480.0,300.0,2026-08-31T12:43:04.721Z,2026-08-31T12:46:13.925Z
annotator_0006,session_0006,12.0,single/solo,human_bbox_annotation,2,ILSVRC2012_val_00012307.JPEG,bird,,1.0,bbox,,"[[137,48,299,214]]",1,443.0,500.0,2026-08-31T12:43:09.040Z,2026-08-31T12:46:13.925Z
annotator_0006,session_0006,13.0,single/solo,human_bbox_annotation,2,ILSVRC2012_val_00043873.JPEG,dig,,1.0,reject,unclear_label,[],0,500.0,375.0,2026-08-31T12:43:13.555Z,2026-08-31T12:46:13.925Z
annotator_0006,session_0006,14.0,single/solo,human_bbox_annotation,2,ILSVRC2012_val_00002595.JPEG,locomotive,,1.0,bbox,,[],0,500.0,375.0,2026-08-31T12:43:21.154Z,2026-08-31T12:46:13.925Z
annotator_0006,session_0006,15.0,single/multi,human_bbox_annotation,2,ILSVRC2012_val_00029698.JPEG,bird,,1.0,bbox,,"[[203,93,265,162],[149,48,394,299]]",2,500.0,375.0,2026-08-31T12:43:25.871Z,2026-08-31T12:46:13.925Z
annotator_0006,session_0006,16.0,single/multi,human_bbox_annotation,2,ILSVRC2013_val_00000008.JPEG,herd,,1.0,reject,unclear_label,[],0,500.0,334.0,2026-08-31T12:43:30.326Z,2026-08-31T12:46:13.925Z
annotator_0006,session_0006,17.0,single/multi,human_bbox_annotation,2,ILSVRC2012_val_00037937.JPEG,per fume,,1.0,bbox,,"[[31,150,246,420]]",1,500.0,486.0,2026-08-31T12:43:35.801Z,2026-08-31T12:46:13.925Z
annotator_0006,session_0006,18.0,multi,human_bbox_annotation,2,ILSVRC2012_val_00003176.JPEG,"bench, dog",,2.0,bbox,,"[[175,52,429,330],[38,-2,277,66]]",2,500.0,375.0,2026-08-31T12:43:48.048Z,2026-08-31T12:46:13.925Z
annotator_0006,session_0006,19.0,multi,human_bbox_annotation,2,ILSVRC2012_val_00016267.JPEG,"aple, reler",,2.0,reject,unclear_label,[],0,500.0,334.0,2026-08-31T12:43:52.136Z,2026-08-31T12:46:13.925Z
annotator_0006,session_0006,20.0,multi,human_bbox_annotation,2,ILSVRC2012_val_00047487.JPEG,"dug, person",,2.0,bbox,,"[[33,80,367,253],[111,13,382,168]]",2,400.0,290.0,2026-08-31T12:43:57.019Z,2026-08-31T12:46:13.925Z
annotator_0006,session_0006,21.0,udacity,human_bbox_annotation,2,1478895568695802824.jpg,car,,1.0,bbox,,"[[19,136,107,200]]",1,480.0,300.0,2026-08-31T12:43:59.988Z,2026-08-31T12:46:13.925Z
annotator_0006,session_0006,22.0,udacity,human_bbox_annotation,2,1478896071431847989.jpg,can,,1.0,reject,unclear_label,[],0,480.0,300.0,2026-08-31T12:44:01.834Z,2026-08-31T12:46:13.925Z
annotator_0006,session_0006,23.0,udacity,human_bbox_annotation,2,1479501431172538806.jpg,cam,,1.0,reject,unclear_label,[],0,480.0,300.0,2026-08-31T12:44:03.379Z,2026-08-31T12:46:13.925Z
annotator_0006,session_0006,24.0,single/solo,human_bbox_annotation,2,ILSVRC2012_val_00006233.JPEG,diaper,,1.0,bbox,,"[[131,218,249,336]]",1,375.0,500.0,2026-08-31T12:44:06.259Z,2026-08-31T12:46:13.925Z
annotator_0006,session_0006,25.0,single/solo,human_bbox_annotation,2,ILSVRC2012_val_00026917.JPEG,butterfly,,1.0,bbox,,"[[229,120,433,318]]",1,500.0,443.0,2026-08-31T12:44:11.847Z,2026-08-31T12:46:13.925Z
annotator_0006,session_0006,27.0,single/solo,human_bbox_annotation,2,ILSVRC2012_val_00024314.JPEG,snake,,1.0,bbox,,"[[140,193,460,378]]",1,640.0,480.0,2026-08-31T12:44:18.836Z,2026-08-31T12:46:13.925Z
annotator_0006,session_0006,28.0,single/multi,human_bbox_annotation,2,ILSVRC2012_val_00037816.JPEG,antelope,,1.0,bbox,,"[[245,108,385,231],[27,174,153,246]]",2,500.0,333.0,2026-08-31T12:44:23.239Z,2026-08-31T12:46:13.925Z
annotator_0006,session_0006,29.0,single/multi,human_bbox_annotation,2,ILSVRC2012_val_00002802.JPEG,bird,,1.0,bbox,,"[[174,12,510,369],[2,81,195,414]]",2,500.0,385.0,2026-08-31T12:44:32.390Z,2026-08-31T12:46:13.925Z
annotator_0006,session_0006,30.0,single/multi,human_bbox_annotation,2,ILSVRC2012_val_00022295.JPEG,bench,,1.0,bbox,,"[[137,332,264,416],[-3,339,85,407]]",2,500.0,442.0,2026-08-31T12:44:36.731Z,2026-08-31T12:46:13.925Z
annotator_0006,session_0006,31.0,multi,human_bbox_annotation,2,ILSVRC2012_val_00010502.JPEG,"plastic bag, pomegranate",,2.0,bbox,,"[[112,78,416,295],[17,86,129,306]]",2,500.0,356.0,2026-08-31T12:44:43.369Z,2026-08-31T12:46:13.925Z
annotator_0006,session_0006,32.0,multi,human_bbox_annotation,2,ILSVRC2012_val_00038249.JPEG,"bookshelf, disxwasher",,2.0,reject,unclear_label,[],0,590.0,892.0,2026-08-31T12:44:49.819Z,2026-08-31T12:46:13.925Z
annotator_0006,session_0006,33.0,multi,human_bbox_annotation,2,ILSVRC2012_val_00024444.JPEG,"bench, cello, chair, pe rson, piano",,5.0,bbox,,"[[34,216,109,283],[156,138,281,371],[31,109,108,187],[148,99,200,249],[93,53,384,308]]",5,392.0,500.0,2026-08-31T12:44:59.727Z,2026-08-31T12:46:13.925Z
annotator_0006,session_0006,34.0,udacity,human_bbox_annotation,2,1478896071431847989.jpg,car,,1.0,bbox,,"[[418,80,496,213]]",1,480.0,300.0,2026-08-31T12:45:02.982Z,2026-08-31T12:46:13.925Z
annotator_0006,session_0006,35.0,udacity,human_bbox_annotation,2,1479504312367157311.jpg,"automobilp, truck",,2.0,bbox,,"[[163,151,321,235],[108,138,167,180],[203,123,297,163]]",3,480.0,300.0,2026-08-31T12:45:08.757Z,2026-08-31T12:46:13.925Z
annotator_0006,session_0006,36.0,udacity,human_bbox_annotation,2,1478898995863305961.jpg,automobile,,1.0,bbox,,"[[154,120,237,215]]",1,480.0,300.0,2026-08-31T12:45:11.975Z,2026-08-31T12:46:13.925Z
annotator_0006,session_0006,37.0,single/solo,human_bbox_annotation,2,ILSVRC2012_val_00001314.JPEG,dog,,1.0,bbox,,"[[173,97,378,235]]",1,500.0,375.0,2026-08-31T12:45:15.169Z,2026-08-31T12:46:13.925Z
annotator_0006,session_0006,38.0,single/solo,human_bbox_annotation,2,ILSVRC2012_val_00015173.JPEG,pooch,,1.0,reject,unclear_label,[],0,345.0,500.0,2026-08-31T12:45:18.763Z,2026-08-31T12:46:13.925Z
annotator_0006,session_0006,39.0,single/solo,human_bbox_annotation,2,ILSVRC2012_val_00017504.JPEG,perfume,,1.0,bbox,,"[[56,112,233,337]]",1,260.0,375.0,2026-08-31T12:45:22.819Z,2026-08-31T12:46:13.925Z
annotator_0006,session_0006,40.0,single/multi,human_bbox_annotation,2,ILSVRC2012_val_00012301.JPEG,snake,,1.0,bbox,,"[[31,8,388,474]]",1,430.0,500.0,2026-08-31T12:45:26.314Z,2026-08-31T12:46:13.925Z
annotator_0006,session_0006,42.0,single/multi,human_bbox_annotation,2,ILSVRC2012_val_00045966.JPEG,soap dispenser,,1.0,bbox,,"[[293,53,456,461]]",1,499.0,500.0,2026-08-31T12:45:33.620Z,2026-08-31T12:46:13.925Z
annotator_0006,session_0006,43.0,single/multi,human_bbox_annotation,2,ILSVRC2012_val_00041903.JPEG,salt or pepper shaker,,1.0,reject,unclear_image,[],0,582.0,815.0,2026-08-31T12:45:36.260Z,2026-08-31T12:46:13.925Z
annotator_0006,session_0006,44.0,multi,human_bbox_annotation,2,ILSVRC2012_val_00005713.JPEG,"person, soccer ball",,2.0,bbox,,"[[116,112,165,183],[98,19,206,111]]",2,300.0,225.0,2026-08-31T12:45:41.135Z,2026-08-31T12:46:13.925Z
annotator_0006,session_0006,45.0,multi,human_bbox_annotation,2,ILSVRC2012_val_00042150.JPEG,"car, individual, unicycle",,3.0,bbox,,"[[27,146,241,236],[233,250,307,332],[390,122,408,179],[247,109,326,278],[55,114,76,146],[90,119,104,148]]",6,500.0,375.0,2026-08-31T12:45:53.202Z,2026-08-31T12:46:13.925Z
annotator_0006,session_0006,46.0,multi,human_bbox_annotation,2,ILSVRC2013_val_00001956.JPEG,"ucp or mug, strawberry, table",,3.0,reject,unclear_label,[],0,500.0,500.0,2026-08-31T12:46:01.220Z,2026-08-31T12:46:13.925Z
annotator_0006,session_0006,47.0,udacity,human_bbox_annotation,2,1478020280197384728.jpg,car,,1.0,bbox,,"[[233,147,332,168]]",1,480.0,300.0,2026-08-31T12:46:05.060Z,2026-08-31T12:46:13.925Z
annotator_0006,session_0006,48.0,udacity,human_bbox_annotation,2,1479500700123235425.jpg,truck,,1.0,bbox,,"[[9,107,104,163]]",1,480.0,300.0,2026-08-31T12:46:09.245Z,2026-08-31T12:46:13.925Z
annotator_0006,session_0006,49.0,udacity,human_bbox_annotation,2,1479501447174309879.jpg,car,,1.0,bbox,,"[[12,102,348,227]]",1,480.0,300.0,2026-08-31T12:46:12.012Z,2026-08-31T12:46:13.925Z
annotator_0007,session_0007,,single/solo,human_bbox_annotation,1,ILSVRC2012_val_00032560.JPEG,beaker,,1.0,reject,unclear_image,[],0,334.0,500.0,2026-08-31T12:48:16.260Z,2026-08-31T12:52:00.166Z
annotator_0007,session_0007,1.0,single/solo,human_bbox_annotation,1,ILSVRC2012_val_00031771.JPEG,crooked ball,,1.0,bbox,,"[[186,146,269,236]]",1,500.0,333.0,2026-08-31T12:48:19.635Z,2026-08-31T12:52:00.166Z
annotator_0007,session_0007,2.0,single/solo,human_bbox_annotation,1,ILSVRC2012_val_00043730.JPEG,behr,,1.0,bbox,,"[[155,63,335,176]]",1,350.0,252.0,2026-08-31T12:48:23.655Z,2026-08-31T12:52:00.166Z
annotator_0007,session_0007,3.0,single/multi,human_bbox_annotation,1,ILSVRC2012_val_00019305.JPEG,dog,,1.0,reject,unclear_image,[],0,500.0,375.0,2026-08-31T12:48:27.061Z,2026-08-31T12:52:00.166Z
annotator_0007,session_0007,4.0,single/multi,human_bbox_annotation,1,ILSVRC2012_val_00045966.JPEG,sopa dis𝕡enser,,1.0,bbox,,"[[290,30,455,484]]",1,499.0,500.0,2026-08-31T12:48:30.188Z,2026-08-31T12:52:00.166Z
annotator_0007,session_0007,5.0,single/multi,human_bbox_annotation,1,ILSVRC2012_val_00035612.JPEG,mno key,,1.0,reject,unclear_label,[],0,500.0,500.0,2026-08-31T12:48:33.930Z,2026-08-31T12:52:00.166Z
annotator_0007,session_0007,6.0,multi,human_bbox_annotation,1,ILSVRC2012_val_00003176.JPEG,"bench, dog",,2.0,bbox,,"[[32,6,260,75],[156,67,428,312]]",2,500.0,375.0,2026-08-31T12:48:39.435Z,2026-08-31T12:52:00.166Z
annotator_0007,session_0007,8.0,multi,human_bbox_annotation,1,ILSVRC2012_val_00012739.JPEG,"dug, pe rson",,2.0,bbox,,"[[82,116,363,266],[351,53,504,360]]",2,500.0,375.0,2026-08-31T12:48:56.647Z,2026-08-31T12:52:00.166Z
annotator_0007,session_0007,9.0,multi,human_bbox_annotation,1,ILSVRC2012_val_00048612.JPEG,"my crow phone, pearson",,2.0,bbox,,"[[198,36,497,457]]",1,500.0,424.0,2026-08-31T12:49:04.028Z,2026-08-31T12:52:00.166Z
annotator_0007,session_0007,10.0,udacity,human_bbox_annotation,1,1479501447174309879.jpg,car,,1.0,bbox,,"[[-24,115,356,227]]",1,480.0,300.0,2026-08-31T12:49:06.329Z,2026-08-31T12:52:00.166Z
annotator_0007,session_0007,11.0,udacity,human_bbox_annotation,1,1478896670714322051.jpg,cer,,1.0,reject,unclear_label,[],0,480.0,300.0,2026-08-31T12:49:10.919Z,2026-08-31T12:52:00.166Z
annotator_0007,session_0007,12.0,udacity,human_bbox_annotation,1,1479500714623724165.jpg,car,,1.0,bbox,,"[[95,135,177,182],[2,136,64,182]]",2,480.0,300.0,2026-08-31T12:49:14.580Z,2026-08-31T12:52:00.166Z
annotator_0007,session_0007,13.0,single/solo,human_bbox_annotation,1,ILSVRC2012_val_00047636.JPEG,flower pot,,1.0,bbox,,"[[93,413,320,491]]",1,380.0,500.0,2026-08-31T12:49:17.445Z,2026-08-31T12:52:00.166Z
annotator_0007,session_0007,14.0,single/solo,human_bbox_annotation,1,ILSVRC2012_val_00030868.JPEG,dig,,1.0,reject,unclear_label,[],0,500.0,375.0,2026-08-31T12:49:19.545Z,2026-08-31T12:52:00.166Z
annotator_0007,session_0007,15.0,single/solo,human_bbox_annotation,1,ILSVRC2012_val_00014439.JPEG,Ιizaⲅd,,1.0,bbox,,"[[164,101,466,350]]",1,500.0,375.0,2026-08-31T12:49:24.390Z,2026-08-31T12:52:00.166Z
annotator_0007,session_0007,16.0,single/multi,human_bbox_annotation,1,ILSVRC2012_val_00008726.JPEG,fox,,1.0,bbox,,"[[262,149,447,353],[53,44,269,281]]",2,500.0,357.0,2026-08-31T12:49:28.402Z,2026-08-31T12:52:00.166Z
annotator_0007,session_0007,17.0,single/multi,human_bbox_annotation,1,ILSVRC2012_val_00007527.JPEG,dot,,1.0,bbox,,"[[283,132,521,340],[146,144,331,274]]",2,500.0,375.0,2026-08-31T12:49:33.727Z,2026-08-31T12:52:00.166Z
annotator_0007,session_0007,18.0,single/multi,human_bbox_annotation,1,ILSVRC2012_val_00008877.JPEG,monkey,,1.0,bbox,,"[[80,24,265,202]]",1,350.0,230.0,2026-08-31T12:49:38.010Z,2026-08-31T12:52:00.166Z
annotator_0007,session_0007,19.0,multi,human_bbox_annotation,1,ILSVRC2012_val_00028881.JPEG,"dog, person",,2.0,bbox,,"[[152,368,805,764],[128,56,414,759]]",2,859.0,878.0,2026-08-31T12:49:43.087Z,2026-08-31T12:52:00.166Z
annotator_0007,session_0007,20.0,multi,human_bbox_annotation,1,ILSVRC2013_val_00001603.JPEG,"pizz𝝰, strawberry",,2.0,reject,unclear_image,[],0,500.0,500.0,2026-08-31T12:49:47.392Z,2026-08-31T12:52:00.166Z
annotator_0007,session_0007,21.0,multi,human_bbox_annotation,1,ILSVRC2013_val_00003860.JPEG,"digital clock, pearson",,2.0,bbox,,"[[289,51,520,493]]",1,500.0,500.0,2026-08-31T12:49:51.277Z,2026-08-31T12:52:00.166Z
annotator_0007,session_0007,22.0,udacity,human_bbox_annotation,1,1478020860712187115.jpg,car,,1.0,bbox,,"[[324,153,400,184],[296,135,330,163],[222,141,269,153]]",3,480.0,300.0,2026-08-31T12:49:57.143Z,2026-08-31T12:52:00.166Z
annotator_0007,session_0007,23.0,udacity,human_bbox_annotation,1,1479501447174309879.jpg,cam,,1.0,reject,unclear_label,[],0,480.0,300.0,2026-08-31T12:49:59.205Z,2026-08-31T12:52:00.166Z
annotator_0007,session_0007,24.0,udacity,human_bbox_annotation,1,1479500715624185918.jpg,cap,,1.0,reject,unclear_label,[],0,480.0,300.0,2026-08-31T12:50:00.789Z,2026-08-31T12:52:00.166Z
annotator_0007,session_0007,25.0,single/solo,human_bbox_annotation,1,ILSVRC2012_val_00017187.JPEG,rabbit,,1.0,bbox,,"[[200,37,443,382]]",1,500.0,375.0,2026-08-31T12:50:03.555Z,2026-08-31T12:52:00.166Z
annotator_0007,session_0007,26.0,single/solo,human_bbox_annotation,1,ILSVRC2013_val_00004426.JPEG,koala bear,,1.0,bbox,,"[[46,114,379,569]]",1,332.0,500.0,2026-08-31T12:50:07.171Z,2026-08-31T12:52:00.166Z
annotator_0007,session_0007,27.0,single/solo,human_bbox_annotation,1,ILSVRC2012_val_00002595.JPEG,train,,1.0,bbox,,"[[273,174,391,218]]",1,500.0,375.0,2026-08-31T12:50:11.820Z,2026-08-31T12:52:00.166Z
annotator_0007,session_0007,28.0,single/multi,human_bbox_annotation,1,ILSVRC2012_val_00018436.JPEG,antelope,,1.0,bbox,,"[[283,110,465,225],[218,80,293,174]]",2,500.0,339.0,2026-08-31T12:50:15.510Z,2026-08-31T12:52:00.166Z
annotator_0007,session_0007,29.0,single/multi,human_bbox_annotation,1,ILSVRC2012_val_00024424.JPEG,hammer,,1.0,bbox,,"[[408,165,462,410],[295,122,405,339],[260,197,304,351],[219,171,254,301],[199,144,239,305],[164,179,202,345],[137,135,186,297],[98,149,158,317]]",8,500.0,500.0,2026-08-31T12:50:27.984Z,2026-08-31T12:52:00.166Z
annotator_0007,session_0007,30.0,single/multi,human_bbox_annotation,1,ILSVRC2013_val_00003790.JPEG,pearson,,1.0,bbox,,"[[74,2,305,349],[278,-50,446,319]]",2,500.0,333.0,2026-08-31T12:50:32.477Z,2026-08-31T12:52:00.166Z
annotator_0007,session_0007,31.0,multi,human_bbox_annotation,1,ILSVRC2013_val_00002848.JPEG,"bookshelf, chair, refrigerator, table",,4.0,bbox,,"[[395,42,499,275],[-81,88,153,356]]",2,500.0,297.0,2026-08-31T12:50:36.908Z,2026-08-31T12:52:00.166Z
annotator_0007,session_0007,32.0,multi,human_bbox_annotation,1,ILSVRC2012_val_00042150.JPEG,"car, person, unicycle",,3.0,bbox,,"[[32,144,207,233],[449,194,522,265],[391,117,415,173],[231,107,302,277],[236,244,359,331],[50,109,74,149],[85,119,111,145],[25,112,39,156],[-6,117,13,161]]",9,500.0,375.0,2026-08-31T12:50:49.838Z,2026-08-31T12:52:00.166Z
annotator_0007,session_0007,33.0,multi,human_bbox_annotation,1,ILSVRC2012_val_00010502.JPEG,"plastic bag, pomegranate",,2.0,bbox,,"[[116,84,394,315],[-55,110,93,275]]",2,500.0,356.0,2026-08-31T12:50:53.829Z,2026-08-31T12:52:00.166Z
annotator_0007,session_0007,34.0,udacity,human_bbox_annotation,1,1478898995863305961.jpg,car,,1.0,bbox,,"[[142,131,236,218]]",1,480.0,300.0,2026-08-31T12:50:56.642Z,2026-08-31T12:52:00.166Z
annotator_0007,session_0007,35.0,udacity,human_bbox_annotation,1,1478898324025854293.jpg,"car, pedestrian",,2.0,bbox,,"[[421,136,461,219],[84,138,216,256],[253,132,328,170],[40,145,71,185]]",4,480.0,300.0,2026-08-31T12:51:04.493Z,2026-08-31T12:52:00.166Z
annotator_0007,session_0007,36.0,udacity,human_bbox_annotation,1,1478898087511960878.jpg,"car, truck",,2.0,bbox,,"[[59,107,243,246]]",1,480.0,300.0,2026-08-31T12:51:08.476Z,2026-08-31T12:52:00.166Z
annotator_0007,session_0007,37.0,single/solo,human_bbox_annotation,1,ILSVRC2012_val_00029161.JPEG,monkey,,1.0,bbox,,"[[133,61,222,207]]",1,420.0,280.0,2026-08-31T12:51:10.921Z,2026-08-31T12:52:00.166Z
annotator_0007,session_0007,38.0,single/solo,human_bbox_annotation,1,ILSVRC2012_val_00039247.JPEG,pooch,,1.0,reject,unclear_label,[],0,500.0,421.0,2026-08-31T12:51:13.351Z,2026-08-31T12:52:00.166Z
annotator_0007,session_0007,39.0,single/solo,human_bbox_annotation,1,ILSVRC2012_val_00029356.JPEG,bird,,1.0,bbox,,"[[144,211,255,405]]",1,480.0,500.0,2026-08-31T12:51:16.239Z,2026-08-31T12:52:00.166Z
annotator_0007,session_0007,40.0,single/multi,human_bbox_annotation,1,ILSVRC2012_val_00018599.JPEG,corkscrew,,1.0,bbox,,"[[49,433,626,887]]",1,919.0,1024.0,2026-08-31T12:51:19.374Z,2026-08-31T12:52:00.166Z
annotator_0007,session_0007,42.0,single/multi,human_bbox_annotation,1,ILSVRC2012_val_00042837.JPEG,per𝐟ume,,1.0,bbox,,"[[259,148,423,444]]",1,500.0,495.0,2026-08-31T12:51:28.351Z,2026-08-31T12:52:00.166Z
annotator_0007,session_0007,43.0,single/multi,human_bbox_annotation,1,ILSVRC2012_val_00016527.JPEG,car,,1.0,bbox,,"[[79,137,447,327],[389,116,526,232]]",2,500.0,375.0,2026-08-31T12:51:31.861Z,2026-08-31T12:52:00.166Z
annotator_0007,session_0007,44.0,multi,human_bbox_annotation,1,ILSVRC2012_val_00030479.JPEG,"dog, person",,2.0,bbox,,"[[57,111,343,234]]",1,500.0,375.0,2026-08-31T12:51:34.456Z,2026-08-31T12:52:00.166Z
annotator_0007,session_0007,45.0,multi,human_bbox_annotation,1,ILSVRC2012_val_00038720.JPEG,"elephant, person",,2.0,bbox,,"[[90,89,225,207],[122,22,212,84],[272,108,308,194],[-20,123,76,201]]",4,350.0,250.0,2026-08-31T12:51:41.484Z,2026-08-31T12:52:00.166Z
annotator_0007,session_0007,46.0,multi,human_bbox_annotation,1,ILSVRC2012_val_00015213.JPEG,"dog, person",,2.0,bbox,,"[[126,259,459,466],[86,30,339,286]]",2,483.0,500.0,2026-08-31T12:51:46.711Z,2026-08-31T12:52:00.166Z
annotator_0007,session_0007,47.0,udacity,human_bbox_annotation,1,1478896071431847989.jpg,car,,1.0,bbox,,"[[409,99,494,219]]",1,480.0,300.0,2026-08-31T12:51:49.074Z,2026-08-31T12:52:00.166Z
annotator_0007,session_0007,48.0,udacity,human_bbox_annotation,1,1478020369195764352.jpg,car,,1.0,bbox,,"[[285,134,324,163],[356,140,418,191]]",2,480.0,300.0,2026-08-31T12:51:53.904Z,2026-08-31T12:52:00.166Z
annotator_0007,session_0007,49.0,udacity,human_bbox_annotation,1,1479505730961910134.jpg,car,,1.0,bbox,,"[[159,81,359,229],[-17,140,113,216],[440,123,513,234]]",3,480.0,300.0,2026-08-31T12:51:58.666Z,2026-08-31T12:52:00.166Z
annotator_0008,session_0008,,single/solo,human_bbox_annotation,3,ILSVRC2012_val_00006233.JPEG,diaper,,1.0,reject,unclear_label,[],0,375.0,500.0,2026-08-31T12:45:03.265Z,2026-08-31T12:52:25.921Z
annotator_0008,session_0008,1.0,single/solo,human_bbox_annotation,3,ILSVRC2012_val_00010994.JPEG,dot,,1.0,reject,unclear_image,[],0,500.0,375.0,2026-08-31T12:48:56.729Z,2026-08-31T12:52:25.921Z
annotator_0008,session_0008,2.0,single/solo,human_bbox_annotation,3,ILSVRC2012_val_00047845.JPEG,sneak,,1.0,reject,unclear_image,[],0,500.0,375.0,2026-08-31T12:49:14.628Z,2026-08-31T12:52:25.921Z
annotator_0008,session_0008,3.0,single/multi,human_bbox_annotation,3,ILSVRC2012_val_00041903.JPEG,salt or pepper shaker,,1.0,reject,unclear_image,[],0,582.0,815.0,2026-08-31T12:49:51.291Z,2026-08-31T12:52:25.921Z
annotator_0008,session_0008,4.0,single/multi,human_bbox_annotation,3,ILSVRC2012_val_00044520.JPEG,iuod,,1.0,reject,unclear_image,[],0,500.0,241.0,2026-08-31T12:50:47.216Z,2026-08-31T12:52:25.921Z
annotator_0008,session_0008,5.0,single/multi,human_bbox_annotation,3,ILSVRC2012_val_00004401.JPEG,islpod,,1.0,reject,unclear_label,[],0,375.0,500.0,2026-08-31T12:51:02.382Z,2026-08-31T12:52:25.921Z
annotator_0008,session_0008,6.0,multi,human_bbox_annotation,3,ILSVRC2012_val_00022857.JPEG,"dog, person",,2.0,reject,other,[],0,500.0,375.0,2026-08-31T12:51:22.417Z,2026-08-31T12:52:25.921Z
annotator_0008,session_0008,7.0,multi,human_bbox_annotation,3,ILSVRC2012_val_00039154.JPEG,"pirson, racket",,2.0,reject,unclear_image,[],0,500.0,376.0,2026-08-31T12:51:22.878Z,2026-08-31T12:52:25.921Z
annotator_0008,session_0008,8.0,multi,human_bbox_annotation,3,ILSVRC2012_val_00030479.JPEG,"dog, individual",,2.0,reject,unclear_label,[],0,500.0,375.0,2026-08-31T12:51:31.211Z,2026-08-31T12:52:25.921Z
annotator_0008,session_0008,9.0,udacity,human_bbox_annotation,3,1479501431172538806.jpg,car,,1.0,reject,unclear_image,[],0,480.0,300.0,2026-08-31T12:51:32.483Z,2026-08-31T12:52:25.921Z
annotator_0008,session_0008,10.0,udacity,human_bbox_annotation,3,1479501447174309879.jpg,cab,,1.0,reject,unclear_label,[],0,480.0,300.0,2026-08-31T12:51:33.713Z,2026-08-31T12:52:25.921Z
annotator_0008,session_0008,11.0,udacity,human_bbox_annotation,3,1479503322799978016.jpg,car,,1.0,reject,unclear_image,[],0,480.0,300.0,2026-08-31T12:51:34.635Z,2026-08-31T12:52:25.921Z
annotator_0008,session_0008,12.0,single/solo,human_bbox_annotation,3,ILSVRC2012_val_00031771.JPEG,croquet ball,,1.0,reject,unclear_image,[],0,500.0,333.0,2026-08-31T12:51:35.907Z,2026-08-31T12:52:25.921Z
annotator_0008,session_0008,13.0,single/solo,human_bbox_annotation,3,ILSVRC2012_val_00032258.JPEG,golf fihs,,1.0,reject,unclear_image,[],0,500.0,375.0,2026-08-31T12:51:37.176Z,2026-08-31T12:52:25.921Z
annotator_0008,session_0008,14.0,single/solo,human_bbox_annotation,3,ILSVRC2012_val_00013465.JPEG,hippopotamus,,1.0,reject,unclear_image,[],0,396.0,500.0,2026-08-31T12:51:38.951Z,2026-08-31T12:52:25.921Z
annotator_0008,session_0008,15.0,single/multi,human_bbox_annotation,3,ILSVRC2012_val_00048808.JPEG,isopod,,1.0,reject,unclear_label,[],0,500.0,375.0,2026-08-31T12:51:39.964Z,2026-08-31T12:52:25.921Z
annotator_0008,session_0008,16.0,single/multi,human_bbox_annotation,3,ILSVRC2012_val_00039027.JPEG,dot,,1.0,reject,unclear_image,[],0,500.0,375.0,2026-08-31T12:51:41.083Z,2026-08-31T12:52:25.921Z
annotator_0008,session_0008,17.0,single/multi,human_bbox_annotation,3,ILSVRC2012_val_00039795.JPEG,bare,,1.0,reject,unclear_image,[],0,250.0,168.0,2026-08-31T12:51:42.788Z,2026-08-31T12:52:25.921Z
annotator_0008,session_0008,18.0,multi,human_bbox_annotation,3,ILSVRC2012_val_00004709.JPEG,"brassiere, person",,2.0,reject,unclear_label,[],0,338.0,500.0,2026-08-31T12:51:44.353Z,2026-08-31T12:52:25.921Z
annotator_0008,session_0008,19.0,multi,human_bbox_annotation,3,ILSVRC2012_val_00006695.JPEG,"bow tie, ob oe, pearspn",,3.0,reject,unclear_image,[],0,867.0,996.0,2026-08-31T12:51:45.942Z,2026-08-31T12:52:25.921Z
annotator_0008,session_0008,20.0,multi,human_bbox_annotation,3,ILSVRC2012_val_00004048.JPEG,"croquet ball, flower pot, ping-pong ball",,3.0,reject,unclear_label,[],0,375.0,500.0,2026-08-31T12:51:47.139Z,2026-08-31T12:52:25.921Z
annotator_0008,session_0008,21.0,udacity,human_bbox_annotation,3,1478896071431847989.jpg,car,,1.0,reject,unclear_image,[],0,480.0,300.0,2026-08-31T12:51:48.473Z,2026-08-31T12:52:25.921Z
annotator_0008,session_0008,22.0,udacity,human_bbox_annotation,3,1478898995863305961.jpg,can,,1.0,reject,unclear_label,[],0,480.0,300.0,2026-08-31T12:51:49.806Z,2026-08-31T12:52:25.921Z
annotator_0008,session_0008,23.0,udacity,human_bbox_annotation,3,1478898087511960878.jpg,"car, track",,2.0,reject,unclear_image,[],0,480.0,300.0,2026-08-31T12:51:50.213Z,2026-08-31T12:52:25.921Z
annotator_0008,session_0008,25.0,single/solo,human_bbox_annotation,3,ILSVRC2013_val_00004426.JPEG,koala bear,,1.0,reject,unclear_image,[],0,332.0,500.0,2026-08-31T12:51:53.108Z,2026-08-31T12:52:25.921Z
annotator_0008,session_0008,26.0,single/solo,human_bbox_annotation,3,ILSVRC2013_val_00004383.JPEG,person,,1.0,reject,unclear_image,[],0,333.0,500.0,2026-08-31T12:51:56.692Z,2026-08-31T12:52:25.921Z
annotator_0008,session_0008,27.0,single/solo,human_bbox_annotation,3,ILSVRC2012_val_00043661.JPEG,sal t or pepper shaker,,1.0,reject,unclear_label,[],0,380.0,571.0,2026-08-31T12:51:57.902Z,2026-08-31T12:52:25.921Z
annotator_0008,session_0008,28.0,single/multi,human_bbox_annotation,3,ILSVRC2012_val_00029698.JPEG,bird,,1.0,reject,unclear_image,[],0,500.0,375.0,2026-08-31T12:51:59.478Z,2026-08-31T12:52:25.921Z
annotator_0008,session_0008,29.0,single/multi,human_bbox_annotation,3,ILSVRC2013_val_00001740.JPEG,bicycl e,,1.0,reject,unclear_label,[],0,333.0,500.0,2026-08-31T12:52:00.723Z,2026-08-31T12:52:25.921Z
annotator_0008,session_0008,30.0,single/multi,human_bbox_annotation,3,ILSVRC2012_val_00035151.JPEG,burd,,1.0,reject,unclear_image,[],0,500.0,384.0,2026-08-31T12:52:01.828Z,2026-08-31T12:52:25.921Z
annotator_0008,session_0008,31.0,multi,human_bbox_annotation,3,ILSVRC2012_val_00026051.JPEG,"bookshelf, dog",,2.0,reject,unclear_label,[],0,415.0,500.0,2026-08-31T12:52:03.118Z,2026-08-31T12:52:25.921Z
annotator_0008,session_0008,32.0,multi,human_bbox_annotation,3,ILSVRC2012_val_00018814.JPEG,"croquet ball, person, pingpogg bawl",,3.0,reject,unclear_label,[],0,500.0,417.0,2026-08-31T12:52:04.308Z,2026-08-31T12:52:25.921Z
annotator_0008,session_0008,33.0,multi,human_bbox_annotation,3,ILSVRC2012_val_00004068.JPEG,"axe, person",,2.0,reject,unclear_label,[],0,375.0,500.0,2026-08-31T12:52:05.568Z,2026-08-31T12:52:25.921Z
annotator_0008,session_0008,34.0,udacity,human_bbox_annotation,3,1478898087511960878.jpg,"car, truck",,2.0,reject,unclear_image,[],0,480.0,300.0,2026-08-31T12:52:06.926Z,2026-08-31T12:52:25.921Z
annotator_0008,session_0008,35.0,udacity,human_bbox_annotation,3,1478896071431847989.jpg,cav,,1.0,reject,unclear_image,[],0,480.0,300.0,2026-08-31T12:52:08.049Z,2026-08-31T12:52:25.921Z
annotator_0008,session_0008,37.0,udacity,human_bbox_annotation,3,1478895568695802824.jpg,car,,1.0,reject,unclear_image,[],0,480.0,300.0,2026-08-31T12:52:10.740Z,2026-08-31T12:52:25.921Z
annotator_0008,session_0008,38.0,single/solo,human_bbox_annotation,3,ILSVRC2013_val_00001634.JPEG,table,,1.0,reject,unclear_label,[],0,500.0,500.0,2026-08-31T12:52:12.068Z,2026-08-31T12:52:25.921Z
annotator_0008,session_0008,39.0,single/solo,human_bbox_annotation,3,ILSVRC2012_val_00026917.JPEG,butterfly,,1.0,reject,unclear_image,[],0,500.0,443.0,2026-08-31T12:52:12.910Z,2026-08-31T12:52:25.921Z
annotator_0008,session_0008,40.0,single/solo,human_bbox_annotation,3,ILSVRC2012_val_00024314.JPEG,sneak,,1.0,reject,unclear_image,[],0,640.0,480.0,2026-08-31T12:52:14.340Z,2026-08-31T12:52:25.921Z
annotator_0008,session_0008,41.0,single/multi,human_bbox_annotation,3,ILSVRC2012_val_00035101.JPEG,zebra,,1.0,reject,unclear_image,[],0,500.0,421.0,2026-08-31T12:52:15.390Z,2026-08-31T12:52:25.921Z
annotator_0008,session_0008,42.0,single/multi,human_bbox_annotation,3,ILSVRC2012_val_00035612.JPEG,mokney,,1.0,reject,unclear_label,[],0,500.0,500.0,2026-08-31T12:52:16.596Z,2026-08-31T12:52:25.921Z
annotator_0008,session_0008,43.0,single/multi,human_bbox_annotation,3,ILSVRC2012_val_00035457.JPEG,cart,,1.0,reject,unclear_image,[],0,624.0,396.0,2026-08-31T12:52:17.902Z,2026-08-31T12:52:25.921Z
annotator_0008,session_0008,44.0,multi,human_bbox_annotation,3,ILSVRC2012_val_00035378.JPEG,"bird, dog",,2.0,reject,unclear_label,[],0,500.0,400.0,2026-08-31T12:52:18.780Z,2026-08-31T12:52:25.921Z
annotator_0008,session_0008,45.0,multi,human_bbox_annotation,3,ILSVRC2012_val_00044472.JPEG,"hat with a wide brim, person",,2.0,reject,unclear_image,[],0,375.0,500.0,2026-08-31T12:52:20.116Z,2026-08-31T12:52:25.921Z
annotator_0008,session_0008,46.0,multi,human_bbox_annotation,3,ILSVRC2013_val_00003860.JPEG,"digital clock, person",,2.0,reject,unclear_label,[],0,500.0,500.0,2026-08-31T12:52:21.202Z,2026-08-31T12:52:25.921Z
annotator_0008,session_0008,47.0,udacity,human_bbox_annotation,3,1478732233783674595.jpg,car,,1.0,reject,unclear_image,[],0,480.0,300.0,2026-08-31T12:52:22.540Z,2026-08-31T12:52:25.921Z
annotator_0008,session_0008,48.0,udacity,human_bbox_annotation,3,1479501447174309879.jpg,car,,1.0,reject,unclear_label,[],0,480.0,300.0,2026-08-31T12:52:23.424Z,2026-08-31T12:52:25.921Z
annotator_0008,session_0008,49.0,udacity,human_bbox_annotation,3,1479500714623724165.jpg,car,,1.0,reject,unclear_image,[],0,480.0,300.0,2026-08-31T12:52:24.550Z,2026-08-31T12:52:25.921Z
annotator_0009,session_0009,,single/solo,human_bbox_annotation,3,ILSVRC2012_val_00006233.JPEG,diaper,,1.0,bbox,,"[[138,214,263,343]]",1,375.0,500.0,2026-08-31T12:46:28.476Z,2026-08-31T12:54:25.735Z
annotator_0009,session_0009,1.0,single/solo,human_bbox_annotation,3,ILSVRC2012_val_00010994.JPEG,dot,,1.0,bbox,,"[[166,116,556,404]]",1,500.0,375.0,2026-08-31T12:46:31.940Z,2026-08-31T12:54:25.735Z
annotator_0009,session_0009,2.0,single/solo,human_bbox_annotation,3,ILSVRC2012_val_00047845.JPEG,sneak,,1.0,bbox,,"[[13,188,415,253]]",1,500.0,375.0,2026-08-31T12:46:35.624Z,2026-08-31T12:54:25.735Z
annotator_0009,session_0009,3.0,single/multi,human_bbox_annotation,3,ILSVRC2012_val_00041903.JPEG,salt or pepper shaker,,1.0,bbox,,"[[105,287,367,871]]",1,582.0,815.0,2026-08-31T12:46:38.383Z,2026-08-31T12:54:25.735Z
annotator_0009,session_0009,4.0,single/multi,human_bbox_annotation,3,ILSVRC2012_val_00044520.JPEG,iuod,,1.0,reject,unclear_label,[],0,500.0,241.0,2026-08-31T12:46:42.787Z,2026-08-31T12:54:25.735Z
annotator_0009,session_0009,5.0,single/multi,human_bbox_annotation,3,ILSVRC2012_val_00004401.JPEG,islpod,,1.0,bbox,,"[[160,172,341,457],[32,270,233,481]]",2,375.0,500.0,2026-08-31T12:46:49.251Z,2026-08-31T12:54:25.735Z
annotator_0009,session_0009,6.0,multi,human_bbox_annotation,3,ILSVRC2012_val_00022857.JPEG,"dog, person",,2.0,bbox,,"[[22,112,254,371],[209,76,445,327],[343,2,614,499]]",3,500.0,375.0,2026-08-31T12:46:55.095Z,2026-08-31T12:54:25.735Z
annotator_0009,session_0009,8.0,multi,human_bbox_annotation,3,ILSVRC2012_val_00039154.JPEG,"pirson, racket",,2.0,reject,unclear_label,[],0,500.0,376.0,2026-08-31T12:47:01.739Z,2026-08-31T12:54:25.735Z
annotator_0009,session_0009,9.0,multi,human_bbox_annotation,3,ILSVRC2012_val_00030479.JPEG,"dog, individual",,2.0,bbox,,"[[57,127,342,279],[368,10,475,115]]",2,500.0,375.0,2026-08-31T12:47:05.789Z,2026-08-31T12:54:25.735Z
annotator_0009,session_0009,10.0,udacity,human_bbox_annotation,3,1479501431172538806.jpg,car,,1.0,bbox,,"[[114,96,449,211]]",1,480.0,300.0,2026-08-31T12:47:09.051Z,2026-08-31T12:54:25.735Z
annotator_0009,session_0009,11.0,udacity,human_bbox_annotation,3,1479501447174309879.jpg,cab,,1.0,reject,other,[],0,480.0,300.0,2026-08-31T12:47:14.556Z,2026-08-31T12:54:25.735Z
annotator_0009,session_0009,12.0,udacity,human_bbox_annotation,3,1479503322799978016.jpg,car,,1.0,bbox,,"[[150,101,322,247],[-33,124,116,214],[386,124,480,192]]",3,480.0,300.0,2026-08-31T12:47:22.957Z,2026-08-31T12:54:25.735Z
annotator_0009,session_0009,13.0,single/solo,human_bbox_annotation,3,ILSVRC2012_val_00031771.JPEG,croquet ball,,1.0,bbox,,"[[180,137,279,234]]",1,500.0,333.0,2026-08-31T12:47:25.536Z,2026-08-31T12:54:25.735Z
annotator_0009,session_0009,14.0,single/solo,human_bbox_annotation,3,ILSVRC2012_val_00032258.JPEG,golf fihs,,1.0,reject,unclear_label,[],0,500.0,375.0,2026-08-31T12:47:58.229Z,2026-08-31T12:54:25.735Z
annotator_0009,session_0009,15.0,single/solo,human_bbox_annotation,3,ILSVRC2012_val_00013465.JPEG,hippopotamus,,1.0,bbox,,"[[33,166,289,364]]",1,396.0,500.0,2026-08-31T12:48:01.050Z,2026-08-31T12:54:25.735Z
annotator_0009,session_0009,16.0,single/multi,human_bbox_annotation,3,ILSVRC2012_val_00048808.JPEG,isopod,,1.0,bbox,,"[[134,84,330,257],[22,178,153,316]]",2,500.0,375.0,2026-08-31T12:48:04.987Z,2026-08-31T12:54:25.735Z
annotator_0009,session_0009,17.0,single/multi,human_bbox_annotation,3,ILSVRC2012_val_00039027.JPEG,dot,,1.0,bbox,,"[[74,55,209,323],[229,168,591,369]]",2,500.0,375.0,2026-08-31T12:52:20.342Z,2026-08-31T12:54:25.735Z
annotator_0009,session_0009,18.0,single/multi,human_bbox_annotation,3,ILSVRC2012_val_00039795.JPEG,bare,,1.0,bbox,,"[[68,13,201,133]]",1,250.0,168.0,2026-08-31T12:52:23.433Z,2026-08-31T12:54:25.735Z
annotator_0009,session_0009,19.0,multi,human_bbox_annotation,3,ILSVRC2012_val_00004709.JPEG,"brassiere, person",,2.0,bbox,,"[[23,46,344,486]]",1,338.0,500.0,2026-08-31T12:52:28.337Z,2026-08-31T12:54:25.735Z
annotator_0009,session_0009,20.0,multi,human_bbox_annotation,3,ILSVRC2012_val_00006695.JPEG,"bow tie, ob oe, pearspn",,3.0,bbox,,"[[461,456,764,573],[389,26,862,523]]",2,867.0,996.0,2026-08-31T12:52:34.301Z,2026-08-31T12:54:25.735Z
annotator_0009,session_0009,21.0,multi,human_bbox_annotation,3,ILSVRC2012_val_00004048.JPEG,"croquet ball, flower pot, ping-pong ball",,3.0,bbox,,"[[172,203,218,352],[9,198,68,269],[-48,277,34,352]]",3,375.0,500.0,2026-08-31T12:52:42.595Z,2026-08-31T12:54:25.735Z
annotator_0009,session_0009,22.0,udacity,human_bbox_annotation,3,1478896071431847989.jpg,car,,1.0,bbox,,"[[419,99,523,204]]",1,480.0,300.0,2026-08-31T12:52:44.912Z,2026-08-31T12:54:25.735Z
annotator_0009,session_0009,24.0,udacity,human_bbox_annotation,3,1478898995863305961.jpg,can,,1.0,reject,unclear_label,[],0,480.0,300.0,2026-08-31T12:52:51.520Z,2026-08-31T12:54:25.735Z
annotator_0009,session_0009,25.0,udacity,human_bbox_annotation,3,1478898087511960878.jpg,"car, track",,2.0,bbox,,"[[63,95,255,272]]",1,480.0,300.0,2026-08-31T12:52:54.805Z,2026-08-31T12:54:25.735Z
annotator_0009,session_0009,26.0,single/solo,human_bbox_annotation,3,ILSVRC2013_val_00004426.JPEG,koala bear,,1.0,bbox,,"[[-66,100,297,555]]",1,332.0,500.0,2026-08-31T12:52:57.498Z,2026-08-31T12:54:25.735Z
annotator_0009,session_0009,27.0,single/solo,human_bbox_annotation,3,ILSVRC2013_val_00004383.JPEG,person,,1.0,bbox,,"[[26,46,314,486]]",1,333.0,500.0,2026-08-31T12:53:01.106Z,2026-08-31T12:54:25.735Z
annotator_0009,session_0009,28.0,single/solo,human_bbox_annotation,3,ILSVRC2012_val_00043661.JPEG,sal t or pepper shaker,,1.0,bbox,,"[[87,73,322,469]]",1,380.0,571.0,2026-08-31T12:53:03.536Z,2026-08-31T12:54:25.735Z
annotator_0009,session_0009,29.0,single/multi,human_bbox_annotation,3,ILSVRC2012_val_00029698.JPEG,bird,,1.0,bbox,,"[[79,36,409,316]]",1,500.0,375.0,2026-08-31T12:53:06.205Z,2026-08-31T12:54:25.735Z
annotator_0009,session_0009,30.0,single/multi,human_bbox_annotation,3,ILSVRC2013_val_00001740.JPEG,bicycl e,,1.0,bbox,,"[[244,225,371,347]]",1,333.0,500.0,2026-08-31T12:53:08.703Z,2026-08-31T12:54:25.735Z
annotator_0009,session_0009,31.0,single/multi,human_bbox_annotation,3,ILSVRC2012_val_00035151.JPEG,burd,,1.0,bbox,,"[[-19,67,413,397]]",1,500.0,384.0,2026-08-31T12:53:12.370Z,2026-08-31T12:54:25.735Z
annotator_0009,session_0009,32.0,multi,human_bbox_annotation,3,ILSVRC2012_val_00026051.JPEG,"bookshelf, dog",,2.0,bbox,,"[[138,95,297,436]]",1,415.0,500.0,2026-08-31T12:53:15.130Z,2026-08-31T12:54:25.735Z
annotator_0009,session_0009,33.0,multi,human_bbox_annotation,3,ILSVRC2012_val_00018814.JPEG,"croquet ball, person, pingpogg bawl",,3.0,bbox,,[],0,500.0,417.0,2026-08-31T12:53:22.105Z,2026-08-31T12:54:25.735Z
annotator_0009,session_0009,34.0,multi,human_bbox_annotation,3,ILSVRC2012_val_00004068.JPEG,"axe, person",,2.0,bbox,,"[[109,277,444,572]]",1,375.0,500.0,2026-08-31T12:53:25.427Z,2026-08-31T12:54:25.735Z
annotator_0009,session_0009,35.0,udacity,human_bbox_annotation,3,1478898087511960878.jpg,"car, truck",,2.0,bbox,,"[[44,106,267,283]]",1,480.0,300.0,2026-08-31T12:53:28.286Z,2026-08-31T12:54:25.735Z
annotator_0009,session_0009,36.0,udacity,human_bbox_annotation,3,1478896071431847989.jpg,cav,,1.0,reject,unclear_label,[],0,480.0,300.0,2026-08-31T12:53:30.437Z,2026-08-31T12:54:25.735Z
annotator_0009,session_0009,37.0,udacity,human_bbox_annotation,3,1478895568695802824.jpg,car,,1.0,bbox,,"[[24,142,129,212]]",1,480.0,300.0,2026-08-31T12:53:32.492Z,2026-08-31T12:54:25.735Z
annotator_0009,session_0009,38.0,single/solo,human_bbox_annotation,3,ILSVRC2013_val_00001634.JPEG,table,,1.0,bbox,,[],0,500.0,500.0,2026-08-31T12:53:38.050Z,2026-08-31T12:54:25.735Z
annotator_0009,session_0009,39.0,single/solo,human_bbox_annotation,3,ILSVRC2012_val_00026917.JPEG,butterfly,,1.0,bbox,,"[[224,102,410,306]]",1,500.0,443.0,2026-08-31T12:53:40.810Z,2026-08-31T12:54:25.735Z
annotator_0009,session_0009,40.0,single/solo,human_bbox_annotation,3,ILSVRC2012_val_00024314.JPEG,sneak,,1.0,bbox,,"[[134,234,492,375]]",1,640.0,480.0,2026-08-31T12:53:43.630Z,2026-08-31T12:54:25.735Z
annotator_0009,session_0009,41.0,single/multi,human_bbox_annotation,3,ILSVRC2012_val_00035101.JPEG,zebra,,1.0,bbox,,"[[0,101,285,397],[-48,15,440,402]]",2,500.0,421.0,2026-08-31T12:53:48.995Z,2026-08-31T12:54:25.735Z
annotator_0009,session_0009,42.0,single/multi,human_bbox_annotation,3,ILSVRC2012_val_00035612.JPEG,mokney,,1.0,bbox,,"[[35,31,411,523]]",1,500.0,500.0,2026-08-31T12:53:51.828Z,2026-08-31T12:54:25.735Z
annotator_0009,session_0009,43.0,single/multi,human_bbox_annotation,3,ILSVRC2012_val_00035457.JPEG,cart,,1.0,bbox,,"[[184,133,559,334]]",1,624.0,396.0,2026-08-31T12:53:55.120Z,2026-08-31T12:54:25.735Z
annotator_0009,session_0009,44.0,multi,human_bbox_annotation,3,ILSVRC2012_val_00035378.JPEG,"bird, dog",,2.0,bbox,,"[[77,120,379,261],[132,35,373,315]]",2,500.0,400.0,2026-08-31T12:53:58.915Z,2026-08-31T12:54:25.735Z
annotator_0009,session_0009,45.0,multi,human_bbox_annotation,3,ILSVRC2012_val_00044472.JPEG,"hat with a wide brim, person",,2.0,bbox,,"[[23,-37,405,163],[99,138,477,474]]",2,375.0,500.0,2026-08-31T12:54:07.893Z,2026-08-31T12:54:25.735Z
annotator_0009,session_0009,46.0,multi,human_bbox_annotation,3,ILSVRC2013_val_00003860.JPEG,"digital clock, person",,2.0,bbox,,"[[282,58,508,568]]",1,500.0,500.0,2026-08-31T12:54:11.966Z,2026-08-31T12:54:25.735Z
annotator_0009,session_0009,47.0,udacity,human_bbox_annotation,3,1478732233783674595.jpg,car,,1.0,bbox,,"[[314,137,372,181],[118,125,209,168],[233,135,291,157]]",3,480.0,300.0,2026-08-31T12:54:17.306Z,2026-08-31T12:54:25.735Z
annotator_0009,session_0009,48.0,udacity,human_bbox_annotation,3,1479501447174309879.jpg,car,,1.0,bbox,,"[[10,96,382,250]]",1,480.0,300.0,2026-08-31T12:54:20.710Z,2026-08-31T12:54:25.735Z
annotator_0009,session_0009,49.0,udacity,human_bbox_annotation,3,1479500714623724165.jpg,car,,1.0,bbox,,"[[68,126,165,205],[7,143,56,197]]",2,480.0,300.0,2026-08-31T12:54:24.252Z,2026-08-31T12:54:25.735Z
annotator_0010,session_0010,,single/solo,human_bbox_annotation,1,ILSVRC2012_val_00032560.JPEG,beaker,,1.0,reject,unclear_image,[],0,334.0,500.0,2026-08-31T12:49:14.784Z,2026-08-31T12:55:27.761Z
annotator_0010,session_0010,2.0,single/solo,human_bbox_annotation,1,ILSVRC2012_val_00031771.JPEG,crooked ball,,1.0,bbox,,"[[159,130,288,221]]",1,500.0,333.0,2026-08-31T12:49:47.168Z,2026-08-31T12:55:27.761Z
annotator_0010,session_0010,3.0,single/solo,human_bbox_annotation,1,ILSVRC2012_val_00043730.JPEG,behr,,1.0,skip,,[],0,350.0,252.0,2026-08-31T12:49:58.663Z,2026-08-31T12:55:27.761Z
annotator_0010,session_0010,4.0,single/multi,human_bbox_annotation,1,ILSVRC2012_val_00019305.JPEG,dog,,1.0,reject,unclear_image,[],0,500.0,375.0,2026-08-31T12:50:02.599Z,2026-08-31T12:55:27.761Z
annotator_0010,session_0010,5.0,single/multi,human_bbox_annotation,1,ILSVRC2012_val_00045966.JPEG,sopa dis𝕡enser,,1.0,reject,unclear_image,[],0,499.0,500.0,2026-08-31T12:50:07.727Z,2026-08-31T12:55:27.761Z
annotator_0010,session_0010,6.0,single/multi,human_bbox_annotation,1,ILSVRC2012_val_00035612.JPEG,mno key,,1.0,reject,unclear_image,[],0,500.0,500.0,2026-08-31T12:50:14.320Z,2026-08-31T12:55:27.761Z
annotator_0010,session_0010,7.0,multi,human_bbox_annotation,1,ILSVRC2012_val_00003176.JPEG,"bench, dog",,2.0,reject,unclear_image,[],0,500.0,375.0,2026-08-31T12:50:16.920Z,2026-08-31T12:55:27.761Z
annotator_0010,session_0010,8.0,multi,human_bbox_annotation,1,ILSVRC2012_val_00012739.JPEG,"dug, pe rson",,2.0,bbox,,"[[73,51,506,369]]",1,500.0,375.0,2026-08-31T12:50:34.713Z,2026-08-31T12:55:27.761Z
annotator_0010,session_0010,9.0,multi,human_bbox_annotation,1,ILSVRC2012_val_00048612.JPEG,"my crow phone, pearson",,2.0,reject,unclear_image,[],0,500.0,424.0,2026-08-31T12:50:37.809Z,2026-08-31T12:55:27.761Z
annotator_0010,session_0010,10.0,udacity,human_bbox_annotation,1,1479501447174309879.jpg,car,,1.0,reject,unclear_image,[],0,480.0,300.0,2026-08-31T12:50:40.905Z,2026-08-31T12:55:27.761Z
annotator_0010,session_0010,11.0,udacity,human_bbox_annotation,1,1478896670714322051.jpg,cer,,1.0,reject,unclear_label,[],0,480.0,300.0,2026-08-31T12:50:48.121Z,2026-08-31T12:55:27.761Z
annotator_0010,session_0010,12.0,udacity,human_bbox_annotation,1,1479500714623724165.jpg,car,,1.0,reject,unclear_image,[],0,480.0,300.0,2026-08-31T12:50:51.090Z,2026-08-31T12:55:27.761Z
annotator_0010,session_0010,13.0,single/solo,human_bbox_annotation,1,ILSVRC2012_val_00047636.JPEG,flower pot,,1.0,skip,,[],0,380.0,500.0,2026-08-31T12:51:00.625Z,2026-08-31T12:55:27.761Z
annotator_0010,session_0010,14.0,single/solo,human_bbox_annotation,1,ILSVRC2012_val_00030868.JPEG,dig,,1.0,reject,unclear_label,[],0,500.0,375.0,2026-08-31T12:51:03.697Z,2026-08-31T12:55:27.761Z
annotator_0010,session_0010,15.0,single/solo,human_bbox_annotation,1,ILSVRC2012_val_00014439.JPEG,Ιizaⲅd,,1.0,reject,unclear_label,[],0,500.0,375.0,2026-08-31T12:51:07.488Z,2026-08-31T12:55:27.761Z
annotator_0010,session_0010,16.0,single/multi,human_bbox_annotation,1,ILSVRC2012_val_00008726.JPEG,fox,,1.0,reject,unclear_image,[],0,500.0,357.0,2026-08-31T12:51:10.513Z,2026-08-31T12:55:27.761Z
annotator_0010,session_0010,17.0,single/multi,human_bbox_annotation,1,ILSVRC2012_val_00007527.JPEG,dot,,1.0,reject,unclear_label,[],0,500.0,375.0,2026-08-31T12:51:13.417Z,2026-08-31T12:55:27.761Z
annotator_0010,session_0010,18.0,single/multi,human_bbox_annotation,1,ILSVRC2012_val_00008877.JPEG,monkey,,1.0,reject,unclear_image,[],0,350.0,230.0,2026-08-31T12:51:19.185Z,2026-08-31T12:55:27.761Z
annotator_0010,session_0010,20.0,multi,human_bbox_annotation,1,ILSVRC2012_val_00028881.JPEG,"dog, person",,2.0,reject,unclear_image,[],0,859.0,878.0,2026-08-31T12:51:28.930Z,2026-08-31T12:55:27.761Z
annotator_0010,session_0010,21.0,multi,human_bbox_annotation,1,ILSVRC2013_val_00001603.JPEG,"pizz𝝰, strawberry",,2.0,reject,unclear_image,[],0,500.0,500.0,2026-08-31T12:51:34.161Z,2026-08-31T12:55:27.761Z
annotator_0010,session_0010,22.0,multi,human_bbox_annotation,1,ILSVRC2013_val_00003860.JPEG,"digital clock, pearson",,2.0,reject,unclear_label,[],0,500.0,500.0,2026-08-31T12:53:07.459Z,2026-08-31T12:55:27.761Z
annotator_0010,session_0010,23.0,udacity,human_bbox_annotation,1,1478020860712187115.jpg,car,,1.0,bbox,,"[[334,141,410,185]]",1,480.0,300.0,2026-08-31T12:53:14.307Z,2026-08-31T12:55:27.761Z
annotator_0010,session_0010,24.0,udacity,human_bbox_annotation,1,1479501447174309879.jpg,cam,,1.0,reject,unclear_label,[],0,480.0,300.0,2026-08-31T12:53:16.867Z,2026-08-31T12:55:27.761Z
annotator_0010,session_0010,25.0,udacity,human_bbox_annotation,1,1479500715624185918.jpg,cap,,1.0,reject,unclear_label,[],0,480.0,300.0,2026-08-31T12:53:18.850Z,2026-08-31T12:55:27.761Z
annotator_0010,session_0010,26.0,single/solo,human_bbox_annotation,1,ILSVRC2012_val_00017187.JPEG,rabbit,,1.0,reject,unclear_image,[],0,500.0,375.0,2026-08-31T12:53:21.706Z,2026-08-31T12:55:27.761Z
annotator_0010,session_0010,27.0,single/solo,human_bbox_annotation,1,ILSVRC2013_val_00004426.JPEG,koala bear,,1.0,reject,unclear_label,[],0,332.0,500.0,2026-08-31T12:53:27.234Z,2026-08-31T12:55:27.761Z
annotator_0010,session_0010,28.0,single/solo,human_bbox_annotation,1,ILSVRC2012_val_00002595.JPEG,train,,1.0,reject,unclear_image,[],0,500.0,375.0,2026-08-31T12:53:30.115Z,2026-08-31T12:55:27.761Z
annotator_0010,session_0010,29.0,single/multi,human_bbox_annotation,1,ILSVRC2012_val_00018436.JPEG,antelope,,1.0,reject,unclear_image,[],0,500.0,339.0,2026-08-31T12:53:31.882Z,2026-08-31T12:55:27.761Z
annotator_0010,session_0010,30.0,single/multi,human_bbox_annotation,1,ILSVRC2012_val_00024424.JPEG,hammer,,1.0,reject,unclear_label,[],0,500.0,500.0,2026-08-31T12:53:35.875Z,2026-08-31T12:55:27.761Z
annotator_0010,session_0010,31.0,single/multi,human_bbox_annotation,1,ILSVRC2013_val_00003790.JPEG,pearson,,1.0,reject,unclear_label,[],0,500.0,333.0,2026-08-31T12:53:38.585Z,2026-08-31T12:55:27.761Z
annotator_0010,session_0010,32.0,multi,human_bbox_annotation,1,ILSVRC2013_val_00002848.JPEG,"bookshelf, chair, refrigerator, table",,4.0,reject,unclear_image,[],0,500.0,297.0,2026-08-31T12:53:42.179Z,2026-08-31T12:55:27.761Z
annotator_0010,session_0010,33.0,multi,human_bbox_annotation,1,ILSVRC2012_val_00042150.JPEG,"car, person, unicycle",,3.0,reject,unclear_label,[],0,500.0,375.0,2026-08-31T12:53:50.739Z,2026-08-31T12:55:27.761Z
annotator_0010,session_0010,34.0,multi,human_bbox_annotation,1,ILSVRC2012_val_00010502.JPEG,"plastic bag, pomegranate",,2.0,reject,unclear_image,[],0,500.0,356.0,2026-08-31T12:53:53.210Z,2026-08-31T12:55:27.761Z
annotator_0010,session_0010,35.0,udacity,human_bbox_annotation,1,1478898995863305961.jpg,car,,1.0,bbox,,"[[100,115,250,223]]",1,480.0,300.0,2026-08-31T12:54:01.337Z,2026-08-31T12:55:27.761Z
annotator_0010,session_0010,36.0,udacity,human_bbox_annotation,1,1478898324025854293.jpg,"car, pedestrian",,2.0,reject,unclear_label,[],0,480.0,300.0,2026-08-31T12:54:06.220Z,2026-08-31T12:55:27.761Z
annotator_0010,session_0010,37.0,udacity,human_bbox_annotation,1,1478898087511960878.jpg,"car, truck",,2.0,reject,unclear_image,[],0,480.0,300.0,2026-08-31T12:54:16.915Z,2026-08-31T12:55:27.761Z
annotator_0010,session_0010,38.0,single/solo,human_bbox_annotation,1,ILSVRC2012_val_00029161.JPEG,monkey,,1.0,bbox,,"[[107,49,232,231]]",1,420.0,280.0,2026-08-31T12:54:24.243Z,2026-08-31T12:55:27.761Z
annotator_0010,session_0010,39.0,single/solo,human_bbox_annotation,1,ILSVRC2012_val_00039247.JPEG,pooch,,1.0,reject,unclear_label,[],0,500.0,421.0,2026-08-31T12:54:29.771Z,2026-08-31T12:55:27.761Z
annotator_0010,session_0010,40.0,single/solo,human_bbox_annotation,1,ILSVRC2012_val_00029356.JPEG,bird,,1.0,bbox,,"[[110,209,270,402]]",1,480.0,500.0,2026-08-31T12:54:35.691Z,2026-08-31T12:55:27.761Z
annotator_0010,session_0010,41.0,single/multi,human_bbox_annotation,1,ILSVRC2012_val_00018599.JPEG,corkscrew,,1.0,reject,unclear_image,[],0,919.0,1024.0,2026-08-31T12:54:37.875Z,2026-08-31T12:55:27.761Z
annotator_0010,session_0010,42.0,single/multi,human_bbox_annotation,1,ILSVRC2012_val_00042837.JPEG,per𝐟ume,,1.0,reject,unclear_label,[],0,500.0,495.0,2026-08-31T12:54:42.827Z,2026-08-31T12:55:27.761Z
annotator_0010,session_0010,43.0,single/multi,human_bbox_annotation,1,ILSVRC2012_val_00016527.JPEG,car,,1.0,bbox,,"[[77,112,449,325]]",1,500.0,375.0,2026-08-31T12:54:48.891Z,2026-08-31T12:55:27.761Z
annotator_0010,session_0010,44.0,multi,human_bbox_annotation,1,ILSVRC2012_val_00030479.JPEG,"dog, person",,2.0,reject,unclear_label,[],0,500.0,375.0,2026-08-31T12:54:54.075Z,2026-08-31T12:55:27.761Z
annotator_0010,session_0010,45.0,multi,human_bbox_annotation,1,ILSVRC2012_val_00038720.JPEG,"elephant, person",,2.0,reject,unclear_label,[],0,350.0,250.0,2026-08-31T12:55:03.380Z,2026-08-31T12:55:27.761Z
annotator_0010,session_0010,46.0,multi,human_bbox_annotation,1,ILSVRC2012_val_00015213.JPEG,"dog, person",,2.0,reject,unclear_label,[],0,483.0,500.0,2026-08-31T12:55:09.132Z,2026-08-31T12:55:27.761Z
annotator_0010,session_0010,47.0,udacity,human_bbox_annotation,1,1478896071431847989.jpg,car,,1.0,reject,unclear_image,[],0,480.0,300.0,2026-08-31T12:55:11.250Z,2026-08-31T12:55:27.761Z
annotator_0010,session_0010,48.0,udacity,human_bbox_annotation,1,1478020369195764352.jpg,car,,1.0,reject,unclear_image,[],0,480.0,300.0,2026-08-31T12:55:19.731Z,2026-08-31T12:55:27.761Z
annotator_0010,session_0010,49.0,udacity,human_bbox_annotation,1,1479505730961910134.jpg,car,,1.0,bbox,,"[[144,67,375,258]]",1,480.0,300.0,2026-08-31T12:55:26.243Z,2026-08-31T12:55:27.761Z
annotator_0011,session_0011,,single/solo,human_bbox_annotation,3,ILSVRC2012_val_00006233.JPEG,diaper,,1.0,bbox,,"[[345,594,542,720],[138,213,257,326]]",2,375.0,500.0,2026-08-31T12:43:26.416Z,2026-08-31T12:57:22.373Z
annotator_0011,session_0011,1.0,single/solo,human_bbox_annotation,3,ILSVRC2012_val_00010994.JPEG,dot,,1.0,skip,,[],0,500.0,375.0,2026-08-31T12:43:51.238Z,2026-08-31T12:57:22.373Z
annotator_0011,session_0011,2.0,single/solo,human_bbox_annotation,3,ILSVRC2012_val_00047845.JPEG,sneak,,1.0,bbox,,"[[17,151,437,288]]",1,500.0,375.0,2026-08-31T12:44:17.730Z,2026-08-31T12:57:22.373Z
annotator_0011,session_0011,3.0,single/multi,human_bbox_annotation,3,ILSVRC2012_val_00041903.JPEG,salt or pepper shaker,,1.0,bbox,,"[[115,323,375,792]]",1,582.0,815.0,2026-08-31T12:44:43.548Z,2026-08-31T12:57:22.373Z
annotator_0011,session_0011,4.0,single/multi,human_bbox_annotation,3,ILSVRC2012_val_00044520.JPEG,iuod,,1.0,bbox,,"[[217,39,344,174]]",1,500.0,241.0,2026-08-31T12:46:15.803Z,2026-08-31T12:57:22.373Z
annotator_0011,session_0011,5.0,single/multi,human_bbox_annotation,3,ILSVRC2012_val_00004401.JPEG,islpod,,1.0,bbox,,"[[29,9,365,489]]",1,375.0,500.0,2026-08-31T12:46:27.559Z,2026-08-31T12:57:22.373Z
annotator_0011,session_0011,6.0,multi,human_bbox_annotation,3,ILSVRC2012_val_00022857.JPEG,"dog, person",,2.0,bbox,,"[[55,37,520,394],[191,-18,230,-16],[234,9,242,34]]",3,500.0,375.0,2026-08-31T12:46:52.551Z,2026-08-31T12:57:22.373Z
annotator_0011,session_0011,7.0,multi,human_bbox_annotation,3,ILSVRC2012_val_00039154.JPEG,"pirson, racket",,2.0,bbox,,"[[271,207,370,422]]",1,500.0,376.0,2026-08-31T12:47:02.731Z,2026-08-31T12:57:22.373Z
annotator_0011,session_0011,8.0,multi,human_bbox_annotation,3,ILSVRC2012_val_00030479.JPEG,"dog, individual",,2.0,bbox,,"[[101,76,535,298],[355,7,491,63]]",2,500.0,375.0,2026-08-31T12:47:21.952Z,2026-08-31T12:57:22.373Z
annotator_0011,session_0011,9.0,udacity,human_bbox_annotation,3,1479501431172538806.jpg,car,,1.0,bbox,,"[[87,48,511,239]]",1,480.0,300.0,2026-08-31T12:47:31.149Z,2026-08-31T12:57:22.373Z
annotator_0011,session_0011,10.0,udacity,human_bbox_annotation,3,1479501447174309879.jpg,cab,,1.0,bbox,,"[[21,81,405,228]]",1,480.0,300.0,2026-08-31T12:47:44.703Z,2026-08-31T12:57:22.373Z
annotator_0011,session_0011,11.0,udacity,human_bbox_annotation,3,1479503322799978016.jpg,car,,1.0,bbox,,"[[163,84,361,298],[401,103,479,207],[19,89,135,223],[-43,88,65,253]]",4,480.0,300.0,2026-08-31T12:48:09.585Z,2026-08-31T12:57:22.373Z
annotator_0011,session_0011,12.0,single/solo,human_bbox_annotation,3,ILSVRC2012_val_00031771.JPEG,croquet ball,,1.0,bbox,,"[[152,131,299,229]]",1,500.0,333.0,2026-08-31T12:48:20.716Z,2026-08-31T12:57:22.373Z
annotator_0011,session_0011,13.0,single/solo,human_bbox_annotation,3,ILSVRC2012_val_00032258.JPEG,golf fihs,,1.0,bbox,,"[[114,47,419,317]]",1,500.0,375.0,2026-08-31T12:48:37.881Z,2026-08-31T12:57:22.373Z
annotator_0011,session_0011,14.0,single/solo,human_bbox_annotation,3,ILSVRC2012_val_00013465.JPEG,hippopotamus,,1.0,bbox,,"[[53,174,300,327]]",1,396.0,500.0,2026-08-31T12:48:45.217Z,2026-08-31T12:57:22.373Z
annotator_0011,session_0011,15.0,single/multi,human_bbox_annotation,3,ILSVRC2012_val_00048808.JPEG,isopod,,1.0,bbox,,"[[16,127,171,345],[175,74,313,252],[349,173,519,344]]",3,500.0,375.0,2026-08-31T12:48:59.202Z,2026-08-31T12:57:22.373Z
annotator_0011,session_0011,16.0,single/multi,human_bbox_annotation,3,ILSVRC2012_val_00039027.JPEG,dot,,1.0,bbox,,"[[225,172,591,384]]",1,500.0,375.0,2026-08-31T12:49:21.982Z,2026-08-31T12:57:22.373Z
annotator_0011,session_0011,17.0,single/multi,human_bbox_annotation,3,ILSVRC2012_val_00039795.JPEG,bare,,1.0,bbox,,"[[39,2,250,185]]",1,250.0,168.0,2026-08-31T12:49:49.596Z,2026-08-31T12:57:22.373Z
annotator_0011,session_0011,18.0,multi,human_bbox_annotation,3,ILSVRC2012_val_00004709.JPEG,"brassiere, person",,2.0,bbox,,"[[67,1,688,521]]",1,338.0,500.0,2026-08-31T12:50:10.229Z,2026-08-31T12:57:22.373Z
annotator_0011,session_0011,19.0,multi,human_bbox_annotation,3,ILSVRC2012_val_00006695.JPEG,"bow tie, ob oe, pearspn",,3.0,bbox,,"[[43,342,486,977]]",1,867.0,996.0,2026-08-31T12:50:33.690Z,2026-08-31T12:57:22.373Z
annotator_0011,session_0011,20.0,multi,human_bbox_annotation,3,ILSVRC2012_val_00004048.JPEG,"croquet ball, flower pot, ping-pong ball",,3.0,bbox,,"[[154,203,245,389]]",1,375.0,500.0,2026-08-31T12:50:43.480Z,2026-08-31T12:57:22.373Z
annotator_0011,session_0011,21.0,udacity,human_bbox_annotation,3,1478896071431847989.jpg,car,,1.0,bbox,,"[[411,101,559,212]]",1,480.0,300.0,2026-08-31T12:50:50.890Z,2026-08-31T12:57:22.373Z
annotator_0011,session_0011,22.0,udacity,human_bbox_annotation,3,1478898995863305961.jpg,can,,1.0,bbox,,"[[144,121,322,243]]",1,480.0,300.0,2026-08-31T12:50:59.942Z,2026-08-31T12:57:22.373Z
annotator_0011,session_0011,23.0,udacity,human_bbox_annotation,3,1478898087511960878.jpg,"car, track",,2.0,bbox,,"[[36,82,264,286]]",1,480.0,300.0,2026-08-31T12:51:11.230Z,2026-08-31T12:57:22.373Z
annotator_0011,session_0011,24.0,single/solo,human_bbox_annotation,3,ILSVRC2013_val_00004426.JPEG,koala bear,,1.0,bbox,,"[[45,70,340,470]]",1,332.0,500.0,2026-08-31T12:51:26.599Z,2026-08-31T12:57:22.373Z
annotator_0011,session_0011,25.0,single/solo,human_bbox_annotation,3,ILSVRC2013_val_00004383.JPEG,person,,1.0,bbox,,"[[46,31,403,490]]",1,333.0,500.0,2026-08-31T12:51:35.126Z,2026-08-31T12:57:22.373Z
annotator_0011,session_0011,26.0,single/solo,human_bbox_annotation,3,ILSVRC2012_val_00043661.JPEG,sal t or pepper shaker,,1.0,bbox,,"[[94,50,296,468]]",1,380.0,571.0,2026-08-31T12:51:50.169Z,2026-08-31T12:57:22.373Z
annotator_0011,session_0011,27.0,single/multi,human_bbox_annotation,3,ILSVRC2012_val_00029698.JPEG,bird,,1.0,bbox,,"[[60,3,449,341]]",1,500.0,375.0,2026-08-31T12:52:01.406Z,2026-08-31T12:57:22.373Z
annotator_0011,session_0011,28.0,single/multi,human_bbox_annotation,3,ILSVRC2013_val_00001740.JPEG,bicycl e,,1.0,bbox,,"[[220,200,332,418]]",1,333.0,500.0,2026-08-31T12:52:09.955Z,2026-08-31T12:57:22.373Z
annotator_0011,session_0011,29.0,single/multi,human_bbox_annotation,3,ILSVRC2012_val_00035151.JPEG,burd,,1.0,bbox,,"[[-17,33,494,419]]",1,500.0,384.0,2026-08-31T12:52:25.808Z,2026-08-31T12:57:22.373Z
annotator_0011,session_0011,30.0,multi,human_bbox_annotation,3,ILSVRC2012_val_00026051.JPEG,"bookshelf, dog",,2.0,bbox,,"[[-53,70,688,419]]",1,415.0,500.0,2026-08-31T12:52:39.477Z,2026-08-31T12:57:22.373Z
annotator_0011,session_0011,31.0,multi,human_bbox_annotation,3,ILSVRC2012_val_00018814.JPEG,"croquet ball, person, pingpogg bawl",,3.0,bbox,,"[[97,77,501,404]]",1,500.0,417.0,2026-08-31T12:52:58.696Z,2026-08-31T12:57:22.373Z
annotator_0011,session_0011,32.0,multi,human_bbox_annotation,3,ILSVRC2012_val_00004068.JPEG,"axe, person",,2.0,bbox,,"[[131,230,456,521]]",1,375.0,500.0,2026-08-31T12:53:12.659Z,2026-08-31T12:57:22.373Z
annotator_0011,session_0011,33.0,udacity,human_bbox_annotation,3,1478898087511960878.jpg,"car, truck",,2.0,bbox,,"[[47,90,285,260]]",1,480.0,300.0,2026-08-31T12:53:18.936Z,2026-08-31T12:57:22.373Z
annotator_0011,session_0011,34.0,udacity,human_bbox_annotation,3,1478896071431847989.jpg,cav,,1.0,bbox,,"[[34,162,113,223],[378,91,497,224]]",2,480.0,300.0,2026-08-31T12:53:38.820Z,2026-08-31T12:57:22.373Z
annotator_0011,session_0011,35.0,udacity,human_bbox_annotation,3,1478895568695802824.jpg,car,,1.0,bbox,,"[[38,143,152,213]]",1,480.0,300.0,2026-08-31T12:53:43.007Z,2026-08-31T12:57:22.373Z
annotator_0011,session_0011,36.0,single/solo,human_bbox_annotation,3,ILSVRC2013_val_00001634.JPEG,table,,1.0,bbox,,"[[32,32,454,475],[269,22,271,53]]",2,500.0,500.0,2026-08-31T12:54:03.751Z,2026-08-31T12:57:22.373Z
annotator_0011,session_0011,38.0,single/solo,human_bbox_annotation,3,ILSVRC2012_val_00026917.JPEG,butterfly,,1.0,bbox,,"[[219,121,473,350]]",1,500.0,443.0,2026-08-31T12:54:34.687Z,2026-08-31T12:57:22.373Z
annotator_0011,session_0011,39.0,single/solo,human_bbox_annotation,3,ILSVRC2012_val_00024314.JPEG,sneak,,1.0,reject,other,[],0,640.0,480.0,2026-08-31T12:54:51.203Z,2026-08-31T12:57:22.373Z
annotator_0011,session_0011,40.0,single/multi,human_bbox_annotation,3,ILSVRC2012_val_00035101.JPEG,zebra,,1.0,reject,other,[],0,500.0,421.0,2026-08-31T12:55:10.110Z,2026-08-31T12:57:22.373Z
annotator_0011,session_0011,41.0,single/multi,human_bbox_annotation,3,ILSVRC2012_val_00035612.JPEG,mokney,,1.0,reject,other,[],0,500.0,500.0,2026-08-31T12:55:26.555Z,2026-08-31T12:57:22.373Z
annotator_0011,session_0011,42.0,single/multi,human_bbox_annotation,3,ILSVRC2012_val_00035457.JPEG,cart,,1.0,reject,other,[],0,624.0,396.0,2026-08-31T12:55:44.581Z,2026-08-31T12:57:22.373Z
annotator_0011,session_0011,43.0,multi,human_bbox_annotation,3,ILSVRC2012_val_00035378.JPEG,"bird, dog",,2.0,reject,other,[],0,500.0,400.0,2026-08-31T12:55:57.164Z,2026-08-31T12:57:22.373Z
annotator_0011,session_0011,44.0,multi,human_bbox_annotation,3,ILSVRC2012_val_00044472.JPEG,"hat with a wide brim, person",,2.0,reject,other,[],0,375.0,500.0,2026-08-31T12:56:13.181Z,2026-08-31T12:57:22.373Z
annotator_0011,session_0011,45.0,multi,human_bbox_annotation,3,ILSVRC2013_val_00003860.JPEG,"digital clock, person",,2.0,reject,other,[],0,500.0,500.0,2026-08-31T12:56:26.700Z,2026-08-31T12:57:22.373Z
annotator_0011,session_0011,46.0,udacity,human_bbox_annotation,3,1478732233783674595.jpg,car,,1.0,reject,other,[],0,480.0,300.0,2026-08-31T12:56:40.363Z,2026-08-31T12:57:22.373Z
annotator_0011,session_0011,48.0,udacity,human_bbox_annotation,3,1479501447174309879.jpg,car,,1.0,reject,other,[],0,480.0,300.0,2026-08-31T12:57:00.433Z,2026-08-31T12:57:22.373Z
annotator_0011,session_0011,49.0,udacity,human_bbox_annotation,3,1479500714623724165.jpg,car,,1.0,reject,other,[],0,480.0,300.0,2026-08-31T12:57:08.762Z,2026-08-31T12:57:22.373Z
annotator_0012,session_0012,,single/solo,human_bbox_annotation,2,ILSVRC2012_val_00047878.JPEG,bird,,1.0,bbox,,"[[185,139,366,232]]",1,500.0,382.0,2026-08-31T12:36:48.346Z,2026-08-31T12:58:45.157Z
annotator_0012,session_0012,1.0,single/solo,human_bbox_annotation,2,ILSVRC2012_val_00028513.JPEG,𝛼ntelopz,,1.0,bbox,,"[[67,104,300,319]]",1,500.0,344.0,2026-08-31T12:36:57.594Z,2026-08-31T12:58:45.157Z
annotator_0012,session_0012,2.0,single/solo,human_bbox_annotation,2,ILSVRC2012_val_00016909.JPEG,herd,,1.0,reject,unclear_label,[],0,500.0,375.0,2026-08-31T12:37:00.664Z,2026-08-31T12:58:45.157Z
annotator_0012,session_0012,3.0,single/multi,human_bbox_annotation,2,ILSVRC2012_val_00018599.JPEG,corkscrew,,1.0,bbox,,"[[531,75,810,713]]",1,919.0,1024.0,2026-08-31T12:37:19.043Z,2026-08-31T12:58:45.157Z
annotator_0012,session_0012,4.0,single/multi,human_bbox_annotation,2,ILSVRC2012_val_00042837.JPEG,perfurne,,1.0,bbox,,"[[265,133,450,437]]",1,500.0,495.0,2026-08-31T12:37:36.976Z,2026-08-31T12:58:45.157Z
annotator_0012,session_0012,6.0,single/multi,human_bbox_annotation,2,ILSVRC2012_val_00042837.JPEG,pel fume,,1.0,bbox,,"[[256,122,442,435]]",1,500.0,495.0,2026-08-31T12:38:07.723Z,2026-08-31T12:58:45.157Z
annotator_0012,session_0012,7.0,multi,human_bbox_annotation,2,ILSVRC2013_val_00000449.JPEG,"bowl, person",,2.0,bbox,,"[[113,362,356,501],[5,6,371,328]]",2,375.0,500.0,2026-08-31T12:38:49.521Z,2026-08-31T12:58:45.157Z
annotator_0012,session_0012,8.0,multi,human_bbox_annotation,2,ILSVRC2013_val_00003495.JPEG,"baby bead, filing cabinet, stove, desk",,4.0,bbox,,"[[98,159,152,209],[249,189,340,254],[393,175,444,241],[99,223,232,293]]",4,500.0,375.0,2026-08-31T12:40:53.286Z,2026-08-31T12:58:45.157Z
annotator_0012,session_0012,9.0,multi,human_bbox_annotation,2,ILSVRC2012_val_00004761.JPEG,"fowl, pearson, saxophone",,3.0,bbox,,"[[147,157,220,409],[172,80,370,494],[197,10,309,75]]",3,500.0,500.0,2026-08-31T12:42:28.818Z,2026-08-31T12:58:45.157Z
annotator_0012,session_0012,10.0,udacity,human_bbox_annotation,2,1478020860712187115.jpg,car,,1.0,bbox,,"[[324,137,416,185],[292,123,340,163],[230,133,260,153]]",3,480.0,300.0,2026-08-31T12:43:42.269Z,2026-08-31T12:58:45.157Z
annotator_0012,session_0012,11.0,udacity,human_bbox_annotation,2,1478020280197384728.jpg,cap,,1.0,bbox,,"[[260,145,272,149]]",1,480.0,300.0,2026-08-31T12:45:48.733Z,2026-08-31T12:58:45.157Z
annotator_0012,session_0012,12.0,udacity,human_bbox_annotation,2,1479501447174309879.jpg,cam,,1.0,reject,unclear_label,[],0,480.0,300.0,2026-08-31T12:47:27.525Z,2026-08-31T12:58:45.157Z
annotator_0012,session_0012,13.0,single/solo,human_bbox_annotation,2,ILSVRC2012_val_00012307.JPEG,bird,,1.0,bbox,,"[[141,53,268,177]]",1,443.0,500.0,2026-08-31T12:47:38.250Z,2026-08-31T12:58:45.157Z
annotator_0012,session_0012,14.0,single/solo,human_bbox_annotation,2,ILSVRC2012_val_00043873.JPEG,dig,,1.0,reject,unclear_label,[],0,500.0,375.0,2026-08-31T12:48:26.398Z,2026-08-31T12:58:45.157Z
annotator_0012,session_0012,15.0,single/solo,human_bbox_annotation,2,ILSVRC2012_val_00002595.JPEG,locomotive,,1.0,bbox,,"[[269,164,379,207]]",1,500.0,375.0,2026-08-31T12:49:10.316Z,2026-08-31T12:58:45.157Z
annotator_0012,session_0012,16.0,single/multi,human_bbox_annotation,2,ILSVRC2012_val_00029698.JPEG,bird,,1.0,bbox,,"[[73,28,422,305]]",1,500.0,375.0,2026-08-31T12:49:22.030Z,2026-08-31T12:58:45.157Z
annotator_0012,session_0012,17.0,single/multi,human_bbox_annotation,2,ILSVRC2013_val_00000008.JPEG,herd,,1.0,bbox,,"[[62,18,453,324]]",1,500.0,334.0,2026-08-31T12:49:36.224Z,2026-08-31T12:58:45.157Z
annotator_0012,session_0012,18.0,single/multi,human_bbox_annotation,2,ILSVRC2012_val_00037937.JPEG,per fume,,1.0,bbox,,"[[44,154,240,415]]",1,500.0,486.0,2026-08-31T12:49:47.703Z,2026-08-31T12:58:45.157Z
annotator_0012,session_0012,19.0,multi,human_bbox_annotation,2,ILSVRC2012_val_00003176.JPEG,"bench, dog",,2.0,bbox,,"[[41,2,240,66],[170,61,405,346]]",2,500.0,375.0,2026-08-31T12:50:04.965Z,2026-08-31T12:58:45.157Z
annotator_0012,session_0012,20.0,multi,human_bbox_annotation,2,ILSVRC2012_val_00016267.JPEG,"aple, reler",,2.0,bbox,,"[[215,101,407,276],[76,209,488,325]]",2,500.0,334.0,2026-08-31T12:50:32.617Z,2026-08-31T12:58:45.157Z
annotator_0012,session_0012,22.0,multi,human_bbox_annotation,2,ILSVRC2012_val_00047487.JPEG,"dug, person",,2.0,bbox,,"[[39,75,289,255],[102,-6,323,141]]",2,400.0,290.0,2026-08-31T12:51:05.429Z,2026-08-31T12:58:45.157Z
annotator_0012,session_0012,23.0,udacity,human_bbox_annotation,2,1478895568695802824.jpg,car,,1.0,bbox,,"[[30,136,113,197]]",1,480.0,300.0,2026-08-31T12:51:12.709Z,2026-08-31T12:58:45.157Z
annotator_0012,session_0012,24.0,udacity,human_bbox_annotation,2,1478896071431847989.jpg,can,,1.0,reject,unclear_label,[],0,480.0,300.0,2026-08-31T12:51:39.899Z,2026-08-31T12:58:45.157Z
annotator_0012,session_0012,25.0,udacity,human_bbox_annotation,2,1479501431172538806.jpg,cam,,1.0,reject,unclear_label,[],0,480.0,300.0,2026-08-31T12:51:56.417Z,2026-08-31T12:58:45.157Z
annotator_0012,session_0012,26.0,single/solo,human_bbox_annotation,2,ILSVRC2012_val_00006233.JPEG,diaper,,1.0,bbox,,"[[122,219,242,325]]",1,375.0,500.0,2026-08-31T12:52:06.193Z,2026-08-31T12:58:45.157Z
annotator_0012,session_0012,27.0,single/solo,human_bbox_annotation,2,ILSVRC2012_val_00026917.JPEG,butterfly,,1.0,bbox,,"[[213,55,442,319]]",1,500.0,443.0,2026-08-31T12:52:20.911Z,2026-08-31T12:58:45.157Z
annotator_0012,session_0012,28.0,single/solo,human_bbox_annotation,2,ILSVRC2012_val_00024314.JPEG,snake,,1.0,bbox,,"[[133,172,471,400]]",1,640.0,480.0,2026-08-31T12:52:33.311Z,2026-08-31T12:58:45.157Z
annotator_0012,session_0012,29.0,single/multi,human_bbox_annotation,2,ILSVRC2012_val_00037816.JPEG,antelope,,1.0,bbox,,"[[245,93,402,222],[20,166,166,254]]",2,500.0,333.0,2026-08-31T12:52:44.656Z,2026-08-31T12:58:45.157Z
annotator_0012,session_0012,30.0,single/multi,human_bbox_annotation,2,ILSVRC2012_val_00002802.JPEG,bird,,1.0,bbox,,"[[175,3,492,370],[8,93,207,365]]",2,500.0,385.0,2026-08-31T12:53:04.518Z,2026-08-31T12:58:45.157Z
annotator_0012,session_0012,31.0,single/multi,human_bbox_annotation,2,ILSVRC2012_val_00022295.JPEG,bench,,1.0,bbox,,"[[8,319,94,404],[159,331,268,393]]",2,500.0,442.0,2026-08-31T12:53:15.672Z,2026-08-31T12:58:45.157Z
annotator_0012,session_0012,32.0,multi,human_bbox_annotation,2,ILSVRC2012_val_00010502.JPEG,"plastic bag, pomegranate",,2.0,bbox,,"[[115,45,392,307]]",1,500.0,356.0,2026-08-31T12:53:25.441Z,2026-08-31T12:58:45.157Z
annotator_0012,session_0012,33.0,multi,human_bbox_annotation,2,ILSVRC2012_val_00038249.JPEG,"bookshelf, disxwasher",,2.0,bbox,,"[[532,482,597,670],[64,126,527,533]]",2,590.0,892.0,2026-08-31T12:53:43.164Z,2026-08-31T12:58:45.157Z
annotator_0012,session_0012,34.0,multi,human_bbox_annotation,2,ILSVRC2012_val_00024444.JPEG,"bench, cello, chair, pe rson, piano",,5.0,bbox,,"[[32,208,101,290],[45,97,135,276],[188,34,361,208],[105,458,215,509]]",4,392.0,500.0,2026-08-31T12:54:31.396Z,2026-08-31T12:58:45.157Z
annotator_0012,session_0012,35.0,udacity,human_bbox_annotation,2,1478896071431847989.jpg,car,,1.0,bbox,,"[[386,89,487,202]]",1,480.0,300.0,2026-08-31T12:54:43.268Z,2026-08-31T12:58:45.157Z
annotator_0012,session_0012,36.0,udacity,human_bbox_annotation,2,1479504312367157311.jpg,"automobilp, truck",,2.0,bbox,,"[[138,139,318,265]]",1,480.0,300.0,2026-08-31T12:54:59.829Z,2026-08-31T12:58:45.157Z
annotator_0012,session_0012,37.0,udacity,human_bbox_annotation,2,1478898995863305961.jpg,automobile,,1.0,bbox,,"[[141,117,243,210]]",1,480.0,300.0,2026-08-31T12:55:07.970Z,2026-08-31T12:58:45.157Z
annotator_0012,session_0012,38.0,single/solo,human_bbox_annotation,2,ILSVRC2012_val_00001314.JPEG,dog,,1.0,bbox,,"[[166,81,382,224]]",1,500.0,375.0,2026-08-31T12:55:16.852Z,2026-08-31T12:58:45.157Z
annotator_0012,session_0012,39.0,single/solo,human_bbox_annotation,2,ILSVRC2012_val_00015173.JPEG,pooch,,1.0,bbox,,"[[37,124,305,310]]",1,345.0,500.0,2026-08-31T12:55:23.390Z,2026-08-31T12:58:45.157Z
annotator_0012,session_0012,40.0,single/solo,human_bbox_annotation,2,ILSVRC2012_val_00017504.JPEG,perfume,,1.0,bbox,,"[[42,56,240,339]]",1,260.0,375.0,2026-08-31T12:55:30.506Z,2026-08-31T12:58:45.157Z
annotator_0012,session_0012,41.0,single/multi,human_bbox_annotation,2,ILSVRC2012_val_00012301.JPEG,snake,,1.0,bbox,,"[[1,12,375,504]]",1,430.0,500.0,2026-08-31T12:55:47.630Z,2026-08-31T12:58:45.157Z
annotator_0012,session_0012,42.0,single/multi,human_bbox_annotation,2,ILSVRC2012_val_00045966.JPEG,soap dispenser,,1.0,bbox,,"[[284,22,474,476]]",1,499.0,500.0,2026-08-31T12:55:57.461Z,2026-08-31T12:58:45.157Z
annotator_0012,session_0012,43.0,single/multi,human_bbox_annotation,2,ILSVRC2012_val_00041903.JPEG,salt or pepper shaker,,1.0,bbox,,"[[78,314,418,791]]",1,582.0,815.0,2026-08-31T12:56:26.851Z,2026-08-31T12:58:45.157Z
annotator_0012,session_0012,44.0,multi,human_bbox_annotation,2,ILSVRC2012_val_00005713.JPEG,"person, soccer ball",,2.0,bbox,,"[[110,109,173,212],[98,12,211,109]]",2,300.0,225.0,2026-08-31T12:56:42.639Z,2026-08-31T12:58:45.157Z
annotator_0012,session_0012,45.0,multi,human_bbox_annotation,2,ILSVRC2012_val_00042150.JPEG,"car, individual, unicycle",,3.0,bbox,,"[[27,141,238,239],[380,107,418,187],[238,266,306,333]]",3,500.0,375.0,2026-08-31T12:57:05.769Z,2026-08-31T12:58:45.157Z
annotator_0012,session_0012,46.0,multi,human_bbox_annotation,2,ILSVRC2013_val_00001956.JPEG,"ucp or mug, strawberry, table",,3.0,bbox,,"[[328,130,489,413],[37,38,117,111],[49,29,457,472]]",3,500.0,500.0,2026-08-31T12:58:09.381Z,2026-08-31T12:58:45.157Z
annotator_0012,session_0012,47.0,udacity,human_bbox_annotation,2,1478020280197384728.jpg,car,,1.0,bbox,,"[[244,121,335,167]]",1,480.0,300.0,2026-08-31T12:58:17.250Z,2026-08-31T12:58:45.157Z
annotator_0012,session_0012,48.0,udacity,human_bbox_annotation,2,1479500700123235425.jpg,truck,,1.0,bbox,,"[[-2,101,109,177]]",1,480.0,300.0,2026-08-31T12:58:29.274Z,2026-08-31T12:58:45.157Z
annotator_0012,session_0012,49.0,udacity,human_bbox_annotation,2,1479501447174309879.jpg,car,,1.0,bbox,,"[[1,89,367,247]]",1,480.0,300.0,2026-08-31T12:58:43.484Z,2026-08-31T12:58:45.157Z
annotator_0013,session_0013,,single/solo,human_bbox_annotation,1,ILSVRC2012_val_00032560.JPEG,beaker,,1.0,reject,unclear_image,[],0,334.0,500.0,2026-08-31T12:56:20.215Z,2026-08-31T12:59:33.363Z
annotator_0013,session_0013,2.0,single/solo,human_bbox_annotation,1,ILSVRC2012_val_00031771.JPEG,crooked ball,,1.0,reject,unclear_label,[],0,500.0,333.0,2026-08-31T12:56:26.815Z,2026-08-31T12:59:33.363Z
annotator_0013,session_0013,3.0,single/solo,human_bbox_annotation,1,ILSVRC2012_val_00043730.JPEG,behr,,1.0,reject,unclear_label,[],0,350.0,252.0,2026-08-31T12:56:29.622Z,2026-08-31T12:59:33.363Z
annotator_0013,session_0013,4.0,single/multi,human_bbox_annotation,1,ILSVRC2012_val_00019305.JPEG,dog,,1.0,reject,unclear_image,[],0,500.0,375.0,2026-08-31T12:56:31.822Z,2026-08-31T12:59:33.363Z
annotator_0013,session_0013,5.0,single/multi,human_bbox_annotation,1,ILSVRC2012_val_00045966.JPEG,sopa dis𝕡enser,,1.0,reject,unclear_label,[],0,499.0,500.0,2026-08-31T12:56:36.903Z,2026-08-31T12:59:33.363Z
annotator_0013,session_0013,6.0,single/multi,human_bbox_annotation,1,ILSVRC2012_val_00035612.JPEG,mno key,,1.0,reject,unclear_label,[],0,500.0,500.0,2026-08-31T12:56:39.422Z,2026-08-31T12:59:33.363Z
annotator_0013,session_0013,8.0,multi,human_bbox_annotation,1,ILSVRC2012_val_00003176.JPEG,"bench, dog",,2.0,reject,unclear_image,[],0,500.0,375.0,2026-08-31T12:56:44.614Z,2026-08-31T12:59:33.363Z
annotator_0013,session_0013,9.0,multi,human_bbox_annotation,1,ILSVRC2012_val_00012739.JPEG,"dug, pe rson",,2.0,reject,unclear_label,[],0,500.0,375.0,2026-08-31T12:56:47.030Z,2026-08-31T12:59:33.363Z
annotator_0013,session_0013,10.0,multi,human_bbox_annotation,1,ILSVRC2012_val_00048612.JPEG,"my crow phone, pearson",,2.0,reject,unclear_image,[],0,500.0,424.0,2026-08-31T12:56:51.893Z,2026-08-31T12:59:33.363Z
annotator_0013,session_0013,11.0,udacity,human_bbox_annotation,1,1479501447174309879.jpg,car,,1.0,reject,unclear_image,[],0,480.0,300.0,2026-08-31T12:56:53.477Z,2026-08-31T12:59:33.363Z
annotator_0013,session_0013,12.0,udacity,human_bbox_annotation,1,1478896670714322051.jpg,cer,,1.0,reject,unclear_label,[],0,480.0,300.0,2026-08-31T12:56:56.021Z,2026-08-31T12:59:33.363Z
annotator_0013,session_0013,13.0,udacity,human_bbox_annotation,1,1479500714623724165.jpg,car,,1.0,reject,unclear_image,[],0,480.0,300.0,2026-08-31T12:56:58.357Z,2026-08-31T12:59:33.363Z
annotator_0013,session_0013,14.0,single/solo,human_bbox_annotation,1,ILSVRC2012_val_00047636.JPEG,flower pot,,1.0,reject,unclear_label,[],0,380.0,500.0,2026-08-31T12:57:00.751Z,2026-08-31T12:59:33.363Z
annotator_0013,session_0013,15.0,single/solo,human_bbox_annotation,1,ILSVRC2012_val_00030868.JPEG,dig,,1.0,reject,unclear_label,[],0,500.0,375.0,2026-08-31T12:57:04.087Z,2026-08-31T12:59:33.363Z
annotator_0013,session_0013,16.0,single/solo,human_bbox_annotation,1,ILSVRC2012_val_00014439.JPEG,Ιizaⲅd,,1.0,reject,unclear_image,[],0,500.0,375.0,2026-08-31T12:57:06.271Z,2026-08-31T12:59:33.363Z
annotator_0013,session_0013,17.0,single/multi,human_bbox_annotation,1,ILSVRC2012_val_00008726.JPEG,fox,,1.0,reject,unclear_image,[],0,500.0,357.0,2026-08-31T12:57:07.871Z,2026-08-31T12:59:33.363Z
annotator_0013,session_0013,18.0,single/multi,human_bbox_annotation,1,ILSVRC2012_val_00007527.JPEG,dot,,1.0,reject,unclear_label,[],0,500.0,375.0,2026-08-31T12:57:09.790Z,2026-08-31T12:59:33.363Z
annotator_0013,session_0013,19.0,single/multi,human_bbox_annotation,1,ILSVRC2012_val_00008877.JPEG,monkey,,1.0,reject,unclear_image,[],0,350.0,230.0,2026-08-31T12:57:15.335Z,2026-08-31T12:59:33.363Z
annotator_0013,session_0013,20.0,multi,human_bbox_annotation,1,ILSVRC2012_val_00028881.JPEG,"dog, person",,2.0,reject,unclear_image,[],0,859.0,878.0,2026-08-31T12:57:18.174Z,2026-08-31T12:59:33.363Z
annotator_0013,session_0013,21.0,multi,human_bbox_annotation,1,ILSVRC2013_val_00001603.JPEG,"pizz𝝰, strawberry",,2.0,reject,unclear_image,[],0,500.0,500.0,2026-08-31T12:57:20.262Z,2026-08-31T12:59:33.363Z
annotator_0013,session_0013,22.0,multi,human_bbox_annotation,1,ILSVRC2013_val_00003860.JPEG,"digital clock, pearson",,2.0,reject,unclear_label,[],0,500.0,500.0,2026-08-31T12:57:23.366Z,2026-08-31T12:59:33.363Z
annotator_0013,session_0013,23.0,udacity,human_bbox_annotation,1,1478020860712187115.jpg,car,,1.0,reject,unclear_image,[],0,480.0,300.0,2026-08-31T12:57:26.135Z,2026-08-31T12:59:33.363Z
annotator_0013,session_0013,24.0,udacity,human_bbox_annotation,1,1479501447174309879.jpg,cam,,1.0,reject,unclear_image,[],0,480.0,300.0,2026-08-31T12:57:27.670Z,2026-08-31T12:59:33.363Z
annotator_0013,session_0013,25.0,udacity,human_bbox_annotation,1,1479500715624185918.jpg,cap,,1.0,reject,unclear_image,[],0,480.0,300.0,2026-08-31T12:57:29.021Z,2026-08-31T12:59:33.363Z
annotator_0013,session_0013,26.0,single/solo,human_bbox_annotation,1,ILSVRC2012_val_00017187.JPEG,rabbit,,1.0,reject,unclear_image,[],0,500.0,375.0,2026-08-31T12:57:30.933Z,2026-08-31T12:59:33.363Z
annotator_0013,session_0013,27.0,single/solo,human_bbox_annotation,1,ILSVRC2013_val_00004426.JPEG,koala bear,,1.0,reject,unclear_label,[],0,332.0,500.0,2026-08-31T12:57:34.117Z,2026-08-31T12:59:33.363Z
annotator_0013,session_0013,28.0,single/solo,human_bbox_annotation,1,ILSVRC2012_val_00002595.JPEG,train,,1.0,reject,unclear_image,[],0,500.0,375.0,2026-08-31T12:57:40.301Z,2026-08-31T12:59:33.363Z
annotator_0013,session_0013,29.0,single/multi,human_bbox_annotation,1,ILSVRC2012_val_00018436.JPEG,antelope,,1.0,reject,unclear_label,[],0,500.0,339.0,2026-08-31T12:57:44.861Z,2026-08-31T12:59:33.363Z
annotator_0013,session_0013,30.0,single/multi,human_bbox_annotation,1,ILSVRC2012_val_00024424.JPEG,hammer,,1.0,reject,unclear_image,[],0,500.0,500.0,2026-08-31T12:58:28.269Z,2026-08-31T12:59:33.363Z
annotator_0013,session_0013,31.0,single/multi,human_bbox_annotation,1,ILSVRC2013_val_00003790.JPEG,pearson,,1.0,reject,unclear_label,[],0,500.0,333.0,2026-08-31T12:58:31.612Z,2026-08-31T12:59:33.363Z
annotator_0013,session_0013,32.0,multi,human_bbox_annotation,1,ILSVRC2013_val_00002848.JPEG,"bookshelf, chair, refrigerator, table",,4.0,reject,unclear_image,[],0,500.0,297.0,2026-08-31T12:58:34.116Z,2026-08-31T12:59:33.363Z
annotator_0013,session_0013,33.0,multi,human_bbox_annotation,1,ILSVRC2012_val_00042150.JPEG,"car, person, unicycle",,3.0,reject,unclear_label,[],0,500.0,375.0,2026-08-31T12:58:37.716Z,2026-08-31T12:59:33.363Z
annotator_0013,session_0013,34.0,multi,human_bbox_annotation,1,ILSVRC2012_val_00010502.JPEG,"plastic bag, pomegranate",,2.0,reject,unclear_image,[],0,500.0,356.0,2026-08-31T12:58:40.652Z,2026-08-31T12:59:33.363Z
annotator_0013,session_0013,35.0,udacity,human_bbox_annotation,1,1478898995863305961.jpg,car,,1.0,bbox,,"[[128,121,253,210]]",1,480.0,300.0,2026-08-31T12:58:46.220Z,2026-08-31T12:59:33.363Z
annotator_0013,session_0013,36.0,udacity,human_bbox_annotation,1,1478898324025854293.jpg,"car, pedestrian",,2.0,reject,unclear_label,[],0,480.0,300.0,2026-08-31T12:58:49.795Z,2026-08-31T12:59:33.363Z
annotator_0013,session_0013,37.0,udacity,human_bbox_annotation,1,1478898087511960878.jpg,"car, truck",,2.0,reject,unclear_image,[],0,480.0,300.0,2026-08-31T12:58:51.700Z,2026-08-31T12:59:33.363Z
annotator_0013,session_0013,38.0,single/solo,human_bbox_annotation,1,ILSVRC2012_val_00029161.JPEG,monkey,,1.0,bbox,,"[[111,56,229,203]]",1,420.0,280.0,2026-08-31T12:58:57.059Z,2026-08-31T12:59:33.363Z
annotator_0013,session_0013,39.0,single/solo,human_bbox_annotation,1,ILSVRC2012_val_00039247.JPEG,pooch,,1.0,reject,unclear_label,[],0,500.0,421.0,2026-08-31T12:58:59.859Z,2026-08-31T12:59:33.363Z
annotator_0013,session_0013,40.0,single/solo,human_bbox_annotation,1,ILSVRC2012_val_00029356.JPEG,bird,,1.0,bbox,,"[[159,208,254,376]]",1,480.0,500.0,2026-08-31T12:59:04.828Z,2026-08-31T12:59:33.363Z
annotator_0013,session_0013,41.0,single/multi,human_bbox_annotation,1,ILSVRC2012_val_00018599.JPEG,corkscrew,,1.0,reject,unclear_image,[],0,919.0,1024.0,2026-08-31T12:59:07.140Z,2026-08-31T12:59:33.363Z
annotator_0013,session_0013,42.0,single/multi,human_bbox_annotation,1,ILSVRC2012_val_00042837.JPEG,per𝐟ume,,1.0,reject,unclear_label,[],0,500.0,495.0,2026-08-31T12:59:09.652Z,2026-08-31T12:59:33.363Z
annotator_0013,session_0013,43.0,single/multi,human_bbox_annotation,1,ILSVRC2012_val_00016527.JPEG,car,,1.0,bbox,,"[[63,103,449,335]]",1,500.0,375.0,2026-08-31T12:59:14.308Z,2026-08-31T12:59:33.363Z
annotator_0013,session_0013,44.0,multi,human_bbox_annotation,1,ILSVRC2012_val_00030479.JPEG,"dog, person",,2.0,reject,unclear_label,[],0,500.0,375.0,2026-08-31T12:59:18.140Z,2026-08-31T12:59:33.363Z
annotator_0013,session_0013,45.0,multi,human_bbox_annotation,1,ILSVRC2012_val_00038720.JPEG,"elephant, person",,2.0,reject,unclear_label,[],0,350.0,250.0,2026-08-31T12:59:20.460Z,2026-08-31T12:59:33.363Z
annotator_0013,session_0013,46.0,multi,human_bbox_annotation,1,ILSVRC2012_val_00015213.JPEG,"dog, person",,2.0,reject,unclear_label,[],0,483.0,500.0,2026-08-31T12:59:23.124Z,2026-08-31T12:59:33.363Z
annotator_0013,session_0013,47.0,udacity,human_bbox_annotation,1,1478896071431847989.jpg,car,,1.0,reject,unclear_image,[],0,480.0,300.0,2026-08-31T12:59:24.732Z,2026-08-31T12:59:33.363Z
annotator_0013,session_0013,48.0,udacity,human_bbox_annotation,1,1478020369195764352.jpg,car,,1.0,reject,unclear_image,[],0,480.0,300.0,2026-08-31T12:59:27.482Z,2026-08-31T12:59:33.363Z
annotator_0013,session_0013,49.0,udacity,human_bbox_annotation,1,1479505730961910134.jpg,car,,1.0,bbox,,"[[136,63,370,276]]",1,480.0,300.0,2026-08-31T12:59:31.987Z,2026-08-31T12:59:33.363Z
annotator_0014,session_0014,,single/solo,human_bbox_annotation,1,ILSVRC2012_val_00032560.JPEG,beaker,,1.0,reject,unclear_image,[],0,334.0,500.0,2026-08-31T12:47:49.305Z,2026-08-31T12:59:49.133Z
annotator_0014,session_0014,1.0,single/solo,human_bbox_annotation,1,ILSVRC2012_val_00031771.JPEG,crooked ball,,1.0,bbox,,"[[156,112,288,259]]",1,500.0,333.0,2026-08-31T12:50:07.409Z,2026-08-31T12:59:49.133Z
annotator_0014,session_0014,2.0,single/solo,human_bbox_annotation,1,ILSVRC2012_val_00043730.JPEG,behr,,1.0,bbox,,"[[144,54,350,187]]",1,350.0,252.0,2026-08-31T12:50:14.699Z,2026-08-31T12:59:49.133Z
annotator_0014,session_0014,3.0,single/multi,human_bbox_annotation,1,ILSVRC2012_val_00019305.JPEG,dog,,1.0,reject,unclear_image,[],0,500.0,375.0,2026-08-31T12:50:20.205Z,2026-08-31T12:59:49.133Z
annotator_0014,session_0014,4.0,single/multi,human_bbox_annotation,1,ILSVRC2012_val_00045966.JPEG,sopa dis𝕡enser,,1.0,bbox,,"[[296,19,462,485],[30,53,235,459]]",2,499.0,500.0,2026-08-31T12:50:28.987Z,2026-08-31T12:59:49.133Z
annotator_0014,session_0014,5.0,single/multi,human_bbox_annotation,1,ILSVRC2012_val_00035612.JPEG,mno key,,1.0,bbox,,"[[62,21,439,512]]",1,500.0,500.0,2026-08-31T12:50:48.206Z,2026-08-31T12:59:49.133Z
annotator_0014,session_0014,6.0,multi,human_bbox_annotation,1,ILSVRC2012_val_00003176.JPEG,"bench, dog",,2.0,bbox,,"[[142,30,433,335]]",1,500.0,375.0,2026-08-31T12:50:54.462Z,2026-08-31T12:59:49.133Z
annotator_0014,session_0014,7.0,multi,human_bbox_annotation,1,ILSVRC2012_val_00012739.JPEG,"dug, pe rson",,2.0,bbox,,"[[95,34,480,358]]",1,500.0,375.0,2026-08-31T12:51:08.432Z,2026-08-31T12:59:49.133Z
annotator_0014,session_0014,8.0,multi,human_bbox_annotation,1,ILSVRC2012_val_00048612.JPEG,"my crow phone, pearson",,2.0,bbox,,"[[209,9,494,418]]",1,500.0,424.0,2026-08-31T12:51:51.344Z,2026-08-31T12:59:49.133Z
annotator_0014,session_0014,9.0,udacity,human_bbox_annotation,1,1479501447174309879.jpg,car,,1.0,bbox,,"[[2,106,357,239]]",1,480.0,300.0,2026-08-31T12:52:02.022Z,2026-08-31T12:59:49.133Z
annotator_0014,session_0014,10.0,udacity,human_bbox_annotation,1,1478896670714322051.jpg,cer,,1.0,bbox,,"[[85,108,350,297]]",1,480.0,300.0,2026-08-31T12:52:16.202Z,2026-08-31T12:59:49.133Z
annotator_0014,session_0014,11.0,udacity,human_bbox_annotation,1,1479500714623724165.jpg,car,,1.0,bbox,,"[[4,122,172,204]]",1,480.0,300.0,2026-08-31T12:52:21.845Z,2026-08-31T12:59:49.133Z
annotator_0014,session_0014,12.0,single/solo,human_bbox_annotation,1,ILSVRC2012_val_00047636.JPEG,flower pot,,1.0,bbox,,"[[26,21,369,475]]",1,380.0,500.0,2026-08-31T12:52:46.422Z,2026-08-31T12:59:49.133Z
annotator_0014,session_0014,14.0,single/solo,human_bbox_annotation,1,ILSVRC2012_val_00030868.JPEG,dig,,1.0,bbox,,"[[144,13,390,350]]",1,500.0,375.0,2026-08-31T12:53:10.105Z,2026-08-31T12:59:49.133Z
annotator_0014,session_0014,15.0,single/solo,human_bbox_annotation,1,ILSVRC2012_val_00014439.JPEG,Ιizaⲅd,,1.0,reject,unclear_image,[],0,500.0,375.0,2026-08-31T12:54:06.107Z,2026-08-31T12:59:49.133Z
annotator_0014,session_0014,16.0,single/multi,human_bbox_annotation,1,ILSVRC2012_val_00008726.JPEG,fox,,1.0,bbox,,"[[109,17,434,317]]",1,500.0,357.0,2026-08-31T12:54:27.412Z,2026-08-31T12:59:49.133Z
annotator_0014,session_0014,17.0,single/multi,human_bbox_annotation,1,ILSVRC2012_val_00007527.JPEG,dot,,1.0,bbox,,"[[122,118,503,343]]",1,500.0,375.0,2026-08-31T12:54:35.060Z,2026-08-31T12:59:49.133Z
annotator_0014,session_0014,18.0,single/multi,human_bbox_annotation,1,ILSVRC2012_val_00008877.JPEG,monkey,,1.0,bbox,,"[[50,19,327,205]]",1,350.0,230.0,2026-08-31T12:54:40.899Z,2026-08-31T12:59:49.133Z
annotator_0014,session_0014,19.0,multi,human_bbox_annotation,1,ILSVRC2012_val_00028881.JPEG,"dog, person",,2.0,bbox,,"[[166,314,776,836]]",1,859.0,878.0,2026-08-31T12:54:51.635Z,2026-08-31T12:59:49.133Z
annotator_0014,session_0014,20.0,multi,human_bbox_annotation,1,ILSVRC2013_val_00001603.JPEG,"pizz𝝰, strawberry",,2.0,bbox,,"[[52,6,485,475]]",1,500.0,500.0,2026-08-31T12:55:00.843Z,2026-08-31T12:59:49.133Z
annotator_0014,session_0014,21.0,multi,human_bbox_annotation,1,ILSVRC2013_val_00003860.JPEG,"digital clock, pearson",,2.0,bbox,,"[[18,62,158,247]]",1,500.0,500.0,2026-08-31T12:55:14.785Z,2026-08-31T12:59:49.133Z
annotator_0014,session_0014,22.0,udacity,human_bbox_annotation,1,1478020860712187115.jpg,car,,1.0,bbox,,"[[284,120,415,207],[221,128,268,181]]",2,480.0,300.0,2026-08-31T12:55:20.684Z,2026-08-31T12:59:49.133Z
annotator_0014,session_0014,23.0,udacity,human_bbox_annotation,1,1479501447174309879.jpg,cam,,1.0,bbox,,"[[6,94,371,241]]",1,480.0,300.0,2026-08-31T12:55:34.631Z,2026-08-31T12:59:49.133Z
annotator_0014,session_0014,24.0,udacity,human_bbox_annotation,1,1479500715624185918.jpg,cap,,1.0,bbox,,"[[113,116,231,205]]",1,480.0,300.0,2026-08-31T12:55:48.836Z,2026-08-31T12:59:49.133Z
annotator_0014,session_0014,25.0,single/solo,human_bbox_annotation,1,ILSVRC2012_val_00017187.JPEG,rabbit,,1.0,bbox,,"[[197,42,408,350]]",1,500.0,375.0,2026-08-31T12:55:53.394Z,2026-08-31T12:59:49.133Z
annotator_0014,session_0014,26.0,single/solo,human_bbox_annotation,1,ILSVRC2013_val_00004426.JPEG,koala bear,,1.0,bbox,,"[[28,65,314,480]]",1,332.0,500.0,2026-08-31T12:56:01.899Z,2026-08-31T12:59:49.133Z
annotator_0014,session_0014,27.0,single/solo,human_bbox_annotation,1,ILSVRC2012_val_00002595.JPEG,train,,1.0,reject,unclear_image,[],0,500.0,375.0,2026-08-31T12:56:06.387Z,2026-08-31T12:59:49.133Z
annotator_0014,session_0014,28.0,single/multi,human_bbox_annotation,1,ILSVRC2012_val_00018436.JPEG,antelope,,1.0,bbox,,"[[183,77,451,224]]",1,500.0,339.0,2026-08-31T12:56:17.902Z,2026-08-31T12:59:49.133Z
annotator_0014,session_0014,29.0,single/multi,human_bbox_annotation,1,ILSVRC2012_val_00024424.JPEG,hammer,,1.0,bbox,,"[[78,120,483,441]]",1,500.0,500.0,2026-08-31T12:56:34.526Z,2026-08-31T12:59:49.133Z
annotator_0014,session_0014,30.0,single/multi,human_bbox_annotation,1,ILSVRC2013_val_00003790.JPEG,pearson,,1.0,bbox,,"[[88,5,435,294]]",1,500.0,333.0,2026-08-31T12:56:42.715Z,2026-08-31T12:59:49.133Z
annotator_0014,session_0014,31.0,multi,human_bbox_annotation,1,ILSVRC2013_val_00002848.JPEG,"bookshelf, chair, refrigerator, table",,4.0,bbox,,"[[401,23,479,283],[260,153,300,209],[10,81,140,293],[319,167,376,248]]",4,500.0,297.0,2026-08-31T12:57:06.908Z,2026-08-31T12:59:49.133Z
annotator_0014,session_0014,32.0,multi,human_bbox_annotation,1,ILSVRC2012_val_00042150.JPEG,"car, person, unicycle",,3.0,bbox,,"[[23,122,234,247],[366,114,431,189],[227,260,327,350]]",3,500.0,375.0,2026-08-31T12:57:19.651Z,2026-08-31T12:59:49.133Z
annotator_0014,session_0014,33.0,multi,human_bbox_annotation,1,ILSVRC2012_val_00010502.JPEG,"plastic bag, pomegranate",,2.0,bbox,,"[[112,46,411,338],[8,31,95,281]]",2,500.0,356.0,2026-08-31T12:57:27.555Z,2026-08-31T12:59:49.133Z
annotator_0014,session_0014,34.0,udacity,human_bbox_annotation,1,1478898995863305961.jpg,car,,1.0,bbox,,"[[141,104,243,237]]",1,480.0,300.0,2026-08-31T12:57:34.636Z,2026-08-31T12:59:49.133Z
annotator_0014,session_0014,35.0,udacity,human_bbox_annotation,1,1478898324025854293.jpg,"car, pedestrian",,2.0,bbox,,"[[37,138,311,303]]",1,480.0,300.0,2026-08-31T12:57:40.177Z,2026-08-31T12:59:49.133Z
annotator_0014,session_0014,36.0,udacity,human_bbox_annotation,1,1478898087511960878.jpg,"car, truck",,2.0,bbox,,"[[62,81,305,243]]",1,480.0,300.0,2026-08-31T12:57:46.063Z,2026-08-31T12:59:49.133Z
annotator_0014,session_0014,37.0,single/solo,human_bbox_annotation,1,ILSVRC2012_val_00029161.JPEG,monkey,,1.0,bbox,,"[[112,26,245,235]]",1,420.0,280.0,2026-08-31T12:57:50.604Z,2026-08-31T12:59:49.133Z
annotator_0014,session_0014,38.0,single/solo,human_bbox_annotation,1,ILSVRC2012_val_00039247.JPEG,pooch,,1.0,bbox,,"[[181,39,406,363]]",1,500.0,421.0,2026-08-31T12:57:56.519Z,2026-08-31T12:59:49.133Z
annotator_0014,session_0014,40.0,single/solo,human_bbox_annotation,1,ILSVRC2012_val_00029356.JPEG,bird,,1.0,bbox,,"[[141,187,264,438]]",1,480.0,500.0,2026-08-31T12:58:14.366Z,2026-08-31T12:59:49.133Z
annotator_0014,session_0014,41.0,single/multi,human_bbox_annotation,1,ILSVRC2012_val_00018599.JPEG,corkscrew,,1.0,bbox,,"[[30,349,633,874]]",1,919.0,1024.0,2026-08-31T12:58:39.333Z,2026-08-31T12:59:49.133Z
annotator_0014,session_0014,42.0,single/multi,human_bbox_annotation,1,ILSVRC2012_val_00042837.JPEG,per𝐟ume,,1.0,bbox,,"[[248,116,432,466],[39,110,264,469]]",2,500.0,495.0,2026-08-31T12:58:48.742Z,2026-08-31T12:59:49.133Z
annotator_0014,session_0014,43.0,single/multi,human_bbox_annotation,1,ILSVRC2012_val_00016527.JPEG,car,,1.0,bbox,,"[[56,82,492,332]]",1,500.0,375.0,2026-08-31T12:58:55.119Z,2026-08-31T12:59:49.133Z
annotator_0014,session_0014,44.0,multi,human_bbox_annotation,1,ILSVRC2012_val_00030479.JPEG,"dog, person",,2.0,bbox,,"[[35,60,376,270],[388,1,475,107]]",2,500.0,375.0,2026-08-31T12:59:01.461Z,2026-08-31T12:59:49.133Z
annotator_0014,session_0014,45.0,multi,human_bbox_annotation,1,ILSVRC2012_val_00038720.JPEG,"elephant, person",,2.0,bbox,,"[[85,10,270,247],[304,26,347,235]]",2,350.0,250.0,2026-08-31T12:59:14.381Z,2026-08-31T12:59:49.133Z
annotator_0014,session_0014,46.0,multi,human_bbox_annotation,1,ILSVRC2012_val_00015213.JPEG,"dog, person",,2.0,bbox,,"[[129,236,460,477],[55,25,305,478]]",2,483.0,500.0,2026-08-31T12:59:31.071Z,2026-08-31T12:59:49.133Z
annotator_0014,session_0014,47.0,udacity,human_bbox_annotation,1,1478896071431847989.jpg,car,,1.0,bbox,,"[[390,87,491,235]]",1,480.0,300.0,2026-08-31T12:59:36.232Z,2026-08-31T12:59:49.133Z
annotator_0014,session_0014,48.0,udacity,human_bbox_annotation,1,1478020369195764352.jpg,car,,1.0,bbox,,"[[284,122,439,192]]",1,480.0,300.0,2026-08-31T12:59:41.331Z,2026-08-31T12:59:49.133Z
annotator_0014,session_0014,49.0,udacity,human_bbox_annotation,1,1479505730961910134.jpg,car,,1.0,bbox,,"[[3,98,477,243]]",1,480.0,300.0,2026-08-31T12:59:47.484Z,2026-08-31T12:59:49.133Z
annotator_0015,session_0015,,single/solo,human_bbox_annotation,3,ILSVRC2012_val_00006233.JPEG,diaper,,1.0,reject,unclear_image,[],0,375.0,500.0,2026-08-31T13:00:17.987Z,2026-08-31T13:01:59.590Z
annotator_0015,session_0015,1.0,single/solo,human_bbox_annotation,3,ILSVRC2012_val_00010994.JPEG,dot,,1.0,reject,unclear_label,[],0,500.0,375.0,2026-08-31T13:00:22.657Z,2026-08-31T13:01:59.590Z
annotator_0015,session_0015,2.0,single/solo,human_bbox_annotation,3,ILSVRC2012_val_00047845.JPEG,sneak,,1.0,reject,unclear_image,[],0,500.0,375.0,2026-08-31T13:00:24.795Z,2026-08-31T13:01:59.590Z
annotator_0015,session_0015,3.0,single/multi,human_bbox_annotation,3,ILSVRC2012_val_00041903.JPEG,salt or pepper shaker,,1.0,reject,unclear_image,[],0,582.0,815.0,2026-08-31T13:00:26.587Z,2026-08-31T13:01:59.590Z
annotator_0015,session_0015,4.0,single/multi,human_bbox_annotation,3,ILSVRC2012_val_00044520.JPEG,iuod,,1.0,reject,unclear_image,[],0,500.0,241.0,2026-08-31T13:00:28.674Z,2026-08-31T13:01:59.590Z
annotator_0015,session_0015,5.0,single/multi,human_bbox_annotation,3,ILSVRC2012_val_00004401.JPEG,islpod,,1.0,reject,unclear_label,[],0,375.0,500.0,2026-08-31T13:00:30.604Z,2026-08-31T13:01:59.590Z
annotator_0015,session_0015,6.0,multi,human_bbox_annotation,3,ILSVRC2012_val_00022857.JPEG,"dog, person",,2.0,reject,unclear_label,[],0,500.0,375.0,2026-08-31T13:00:32.613Z,2026-08-31T13:01:59.590Z
annotator_0015,session_0015,7.0,multi,human_bbox_annotation,3,ILSVRC2012_val_00039154.JPEG,"pirson, racket",,2.0,reject,unclear_label,[],0,500.0,376.0,2026-08-31T13:00:36.357Z,2026-08-31T13:01:59.590Z
annotator_0015,session_0015,8.0,multi,human_bbox_annotation,3,ILSVRC2012_val_00030479.JPEG,"dog, individual",,2.0,reject,unclear_image,[],0,500.0,375.0,2026-08-31T13:00:37.724Z,2026-08-31T13:01:59.590Z
annotator_0015,session_0015,9.0,udacity,human_bbox_annotation,3,1479501431172538806.jpg,car,,1.0,reject,unclear_label,[],0,480.0,300.0,2026-08-31T13:00:39.139Z,2026-08-31T13:01:59.590Z
annotator_0015,session_0015,10.0,udacity,human_bbox_annotation,3,1479501447174309879.jpg,cab,,1.0,reject,unclear_image,[],0,480.0,300.0,2026-08-31T13:00:40.335Z,2026-08-31T13:01:59.590Z
annotator_0015,session_0015,11.0,udacity,human_bbox_annotation,3,1479503322799978016.jpg,car,,1.0,reject,unclear_label,[],0,480.0,300.0,2026-08-31T13:00:43.433Z,2026-08-31T13:01:59.590Z
annotator_0015,session_0015,12.0,single/solo,human_bbox_annotation,3,ILSVRC2012_val_00031771.JPEG,croquet ball,,1.0,reject,unclear_label,[],0,500.0,333.0,2026-08-31T13:00:47.117Z,2026-08-31T13:01:59.590Z
annotator_0015,session_0015,13.0,single/solo,human_bbox_annotation,3,ILSVRC2012_val_00032258.JPEG,golf fihs,,1.0,reject,unclear_image,[],0,500.0,375.0,2026-08-31T13:00:48.323Z,2026-08-31T13:01:59.590Z
annotator_0015,session_0015,14.0,single/solo,human_bbox_annotation,3,ILSVRC2012_val_00013465.JPEG,hippopotamus,,1.0,reject,unclear_label,[],0,396.0,500.0,2026-08-31T13:00:49.587Z,2026-08-31T13:01:59.590Z
annotator_0015,session_0015,15.0,single/multi,human_bbox_annotation,3,ILSVRC2012_val_00048808.JPEG,isopod,,1.0,reject,unclear_image,[],0,500.0,375.0,2026-08-31T13:00:50.770Z,2026-08-31T13:01:59.590Z
annotator_0015,session_0015,16.0,single/multi,human_bbox_annotation,3,ILSVRC2012_val_00039027.JPEG,dot,,1.0,reject,unclear_label,[],0,500.0,375.0,2026-08-31T13:00:52.145Z,2026-08-31T13:01:59.590Z
annotator_0015,session_0015,17.0,single/multi,human_bbox_annotation,3,ILSVRC2012_val_00039795.JPEG,bare,,1.0,reject,unclear_image,[],0,250.0,168.0,2026-08-31T13:00:54.819Z,2026-08-31T13:01:59.590Z
annotator_0015,session_0015,18.0,multi,human_bbox_annotation,3,ILSVRC2012_val_00004709.JPEG,"brassiere, person",,2.0,reject,unclear_label,[],0,338.0,500.0,2026-08-31T13:00:56.275Z,2026-08-31T13:01:59.590Z
annotator_0015,session_0015,19.0,multi,human_bbox_annotation,3,ILSVRC2012_val_00006695.JPEG,"bow tie, ob oe, pearspn",,3.0,reject,unclear_image,[],0,867.0,996.0,2026-08-31T13:00:58.124Z,2026-08-31T13:01:59.590Z
annotator_0015,session_0015,20.0,multi,human_bbox_annotation,3,ILSVRC2012_val_00004048.JPEG,"croquet ball, flower pot, ping-pong ball",,3.0,reject,unclear_label,[],0,375.0,500.0,2026-08-31T13:00:59.698Z,2026-08-31T13:01:59.590Z
annotator_0015,session_0015,21.0,udacity,human_bbox_annotation,3,1478896071431847989.jpg,car,,1.0,reject,unclear_image,[],0,480.0,300.0,2026-08-31T13:01:01.285Z,2026-08-31T13:01:59.590Z
annotator_0015,session_0015,22.0,udacity,human_bbox_annotation,3,1478898995863305961.jpg,can,,1.0,reject,unclear_label,[],0,480.0,300.0,2026-08-31T13:01:02.539Z,2026-08-31T13:01:59.590Z
annotator_0015,session_0015,24.0,udacity,human_bbox_annotation,3,1478898087511960878.jpg,"car, track",,2.0,reject,unclear_label,[],0,480.0,300.0,2026-08-31T13:01:05.408Z,2026-08-31T13:01:59.590Z
annotator_0015,session_0015,25.0,single/solo,human_bbox_annotation,3,ILSVRC2013_val_00004426.JPEG,koala bear,,1.0,reject,unclear_image,[],0,332.0,500.0,2026-08-31T13:01:06.836Z,2026-08-31T13:01:59.590Z
annotator_0015,session_0015,26.0,single/solo,human_bbox_annotation,3,ILSVRC2013_val_00004383.JPEG,person,,1.0,reject,unclear_label,[],0,333.0,500.0,2026-08-31T13:01:08.419Z,2026-08-31T13:01:59.590Z
annotator_0015,session_0015,27.0,single/solo,human_bbox_annotation,3,ILSVRC2012_val_00043661.JPEG,sal t or pepper shaker,,1.0,reject,unclear_image,[],0,380.0,571.0,2026-08-31T13:01:09.802Z,2026-08-31T13:01:59.590Z
annotator_0015,session_0015,28.0,single/multi,human_bbox_annotation,3,ILSVRC2012_val_00029698.JPEG,bird,,1.0,reject,unclear_image,[],0,500.0,375.0,2026-08-31T13:01:11.415Z,2026-08-31T13:01:59.590Z
annotator_0015,session_0015,29.0,single/multi,human_bbox_annotation,3,ILSVRC2013_val_00001740.JPEG,bicycl e,,1.0,reject,unclear_image,[],0,333.0,500.0,2026-08-31T13:01:12.626Z,2026-08-31T13:01:59.590Z
annotator_0015,session_0015,30.0,single/multi,human_bbox_annotation,3,ILSVRC2012_val_00035151.JPEG,burd,,1.0,reject,unclear_label,[],0,500.0,384.0,2026-08-31T13:01:13.905Z,2026-08-31T13:01:59.590Z
annotator_0015,session_0015,31.0,multi,human_bbox_annotation,3,ILSVRC2012_val_00026051.JPEG,"bookshelf, dog",,2.0,reject,unclear_image,[],0,415.0,500.0,2026-08-31T13:01:15.122Z,2026-08-31T13:01:59.590Z
annotator_0015,session_0015,32.0,multi,human_bbox_annotation,3,ILSVRC2012_val_00018814.JPEG,"croquet ball, person, pingpogg bawl",,3.0,reject,unclear_label,[],0,500.0,417.0,2026-08-31T13:01:17.217Z,2026-08-31T13:01:59.590Z
annotator_0015,session_0015,33.0,multi,human_bbox_annotation,3,ILSVRC2012_val_00004068.JPEG,"axe, person",,2.0,reject,unclear_image,[],0,375.0,500.0,2026-08-31T13:01:19.104Z,2026-08-31T13:01:59.590Z
annotator_0015,session_0015,34.0,udacity,human_bbox_annotation,3,1478898087511960878.jpg,"car, truck",,2.0,reject,unclear_image,[],0,480.0,300.0,2026-08-31T13:01:21.512Z,2026-08-31T13:01:59.590Z
annotator_0015,session_0015,35.0,udacity,human_bbox_annotation,3,1478896071431847989.jpg,cav,,1.0,reject,unclear_label,[],0,480.0,300.0,2026-08-31T13:01:23.610Z,2026-08-31T13:01:59.590Z
annotator_0015,session_0015,37.0,udacity,human_bbox_annotation,3,1478895568695802824.jpg,car,,1.0,reject,unclear_label,[],0,480.0,300.0,2026-08-31T13:01:26.954Z,2026-08-31T13:01:59.590Z
annotator_0015,session_0015,38.0,single/solo,human_bbox_annotation,3,ILSVRC2013_val_00001634.JPEG,table,,1.0,reject,unclear_label,[],0,500.0,500.0,2026-08-31T13:01:29.049Z,2026-08-31T13:01:59.590Z
annotator_0015,session_0015,39.0,single/solo,human_bbox_annotation,3,ILSVRC2012_val_00026917.JPEG,butterfly,,1.0,reject,unclear_image,[],0,500.0,443.0,2026-08-31T13:01:30.875Z,2026-08-31T13:01:59.590Z
annotator_0015,session_0015,40.0,single/solo,human_bbox_annotation,3,ILSVRC2012_val_00024314.JPEG,sneak,,1.0,reject,unclear_label,[],0,640.0,480.0,2026-08-31T13:01:34.219Z,2026-08-31T13:01:59.590Z
annotator_0015,session_0015,41.0,single/multi,human_bbox_annotation,3,ILSVRC2012_val_00035101.JPEG,zebra,,1.0,reject,unclear_label,[],0,500.0,421.0,2026-08-31T13:01:36.386Z,2026-08-31T13:01:59.590Z
annotator_0015,session_0015,42.0,single/multi,human_bbox_annotation,3,ILSVRC2012_val_00035612.JPEG,mokney,,1.0,reject,unclear_label,[],0,500.0,500.0,2026-08-31T13:01:38.313Z,2026-08-31T13:01:59.590Z
annotator_0015,session_0015,43.0,single/multi,human_bbox_annotation,3,ILSVRC2012_val_00035457.JPEG,cart,,1.0,reject,unclear_image,[],0,624.0,396.0,2026-08-31T13:01:40.123Z,2026-08-31T13:01:59.590Z
annotator_0015,session_0015,44.0,multi,human_bbox_annotation,3,ILSVRC2012_val_00035378.JPEG,"bird, dog",,2.0,reject,unclear_label,[],0,500.0,400.0,2026-08-31T13:01:41.668Z,2026-08-31T13:01:59.590Z
annotator_0015,session_0015,45.0,multi,human_bbox_annotation,3,ILSVRC2012_val_00044472.JPEG,"hat with a wide brim, person",,2.0,reject,unclear_image,[],0,375.0,500.0,2026-08-31T13:01:43.466Z,2026-08-31T13:01:59.590Z
annotator_0015,session_0015,46.0,multi,human_bbox_annotation,3,ILSVRC2013_val_00003860.JPEG,"digital clock, person",,2.0,reject,unclear_label,[],0,500.0,500.0,2026-08-31T13:01:45.675Z,2026-08-31T13:01:59.590Z
annotator_0015,session_0015,47.0,udacity,human_bbox_annotation,3,1478732233783674595.jpg,car,,1.0,reject,unclear_image,[],0,480.0,300.0,2026-08-31T13:01:48.252Z,2026-08-31T13:01:59.590Z
annotator_0015,session_0015,48.0,udacity,human_bbox_annotation,3,1479501447174309879.jpg,car,,1.0,reject,unclear_image,[],0,480.0,300.0,2026-08-31T13:01:50.076Z,2026-08-31T13:01:59.590Z
annotator_0015,session_0015,49.0,udacity,human_bbox_annotation,3,1479500714623724165.jpg,car,,1.0,reject,unclear_image,[],0,480.0,300.0,2026-08-31T13:01:51.800Z,2026-08-31T13:01:59.590Z
annotator_0016,session_0016,,single/solo,human_bbox_annotation,1,ILSVRC2012_val_00032560.JPEG,beaker,,1.0,reject,unclear_image,[],0,334.0,500.0,2026-08-31T12:59:17.257Z,2026-08-31T13:03:09.340Z
annotator_0016,session_0016,1.0,single/solo,human_bbox_annotation,1,ILSVRC2012_val_00031771.JPEG,crooked ball,,1.0,reject,unclear_label,[],0,500.0,333.0,2026-08-31T12:59:19.169Z,2026-08-31T13:03:09.340Z
annotator_0016,session_0016,2.0,single/solo,human_bbox_annotation,1,ILSVRC2012_val_00043730.JPEG,behr,,1.0,skip,,[],0,350.0,252.0,2026-08-31T12:59:36.762Z,2026-08-31T13:03:09.340Z
annotator_0016,session_0016,3.0,single/multi,human_bbox_annotation,1,ILSVRC2012_val_00019305.JPEG,dog,,1.0,reject,unclear_image,[],0,500.0,375.0,2026-08-31T12:59:38.801Z,2026-08-31T13:03:09.340Z
annotator_0016,session_0016,4.0,single/multi,human_bbox_annotation,1,ILSVRC2012_val_00045966.JPEG,sopa dis𝕡enser,,1.0,skip,,[],0,499.0,500.0,2026-08-31T12:59:41.065Z,2026-08-31T13:03:09.340Z
annotator_0016,session_0016,5.0,single/multi,human_bbox_annotation,1,ILSVRC2012_val_00035612.JPEG,mno key,,1.0,skip,,[],0,500.0,500.0,2026-08-31T12:59:43.834Z,2026-08-31T13:03:09.340Z
annotator_0016,session_0016,6.0,multi,human_bbox_annotation,1,ILSVRC2012_val_00003176.JPEG,"bench, dog",,2.0,skip,,[],0,500.0,375.0,2026-08-31T12:59:45.749Z,2026-08-31T13:03:09.340Z
annotator_0016,session_0016,7.0,multi,human_bbox_annotation,1,ILSVRC2012_val_00012739.JPEG,"dug, pe rson",,2.0,skip,,[],0,500.0,375.0,2026-08-31T12:59:47.977Z,2026-08-31T13:03:09.340Z
annotator_0016,session_0016,8.0,multi,human_bbox_annotation,1,ILSVRC2012_val_00048612.JPEG,"my crow phone, pearson",,2.0,skip,,[],0,500.0,424.0,2026-08-31T12:59:50.081Z,2026-08-31T13:03:09.340Z
annotator_0016,session_0016,9.0,udacity,human_bbox_annotation,1,1479501447174309879.jpg,car,,1.0,reject,unclear_image,[],0,480.0,300.0,2026-08-31T12:59:51.858Z,2026-08-31T13:03:09.340Z
annotator_0016,session_0016,10.0,udacity,human_bbox_annotation,1,1478896670714322051.jpg,cer,,1.0,skip,,[],0,480.0,300.0,2026-08-31T12:59:53.538Z,2026-08-31T13:03:09.340Z
annotator_0016,session_0016,11.0,udacity,human_bbox_annotation,1,1479500714623724165.jpg,car,,1.0,reject,other,[],0,480.0,300.0,2026-08-31T12:59:56.116Z,2026-08-31T13:03:09.340Z
annotator_0016,session_0016,12.0,single/solo,human_bbox_annotation,1,ILSVRC2012_val_00047636.JPEG,flower pot,,1.0,skip,,[],0,380.0,500.0,2026-08-31T12:59:58.497Z,2026-08-31T13:03:09.340Z
annotator_0016,session_0016,13.0,single/solo,human_bbox_annotation,1,ILSVRC2012_val_00030868.JPEG,dig,,1.0,bbox,,"[[120,13,368,351]]",1,500.0,375.0,2026-08-31T13:00:19.026Z,2026-08-31T13:03:09.340Z
annotator_0016,session_0016,14.0,single/solo,human_bbox_annotation,1,ILSVRC2012_val_00014439.JPEG,Ιizaⲅd,,1.0,bbox,,"[[102,75,458,342]]",1,500.0,375.0,2026-08-31T13:00:24.426Z,2026-08-31T13:03:09.340Z
annotator_0016,session_0016,15.0,single/multi,human_bbox_annotation,1,ILSVRC2012_val_00008726.JPEG,fox,,1.0,bbox,,"[[42,18,459,335]]",1,500.0,357.0,2026-08-31T13:00:37.449Z,2026-08-31T13:03:09.340Z
annotator_0016,session_0016,16.0,single/multi,human_bbox_annotation,1,ILSVRC2012_val_00007527.JPEG,dot,,1.0,bbox,,"[[46,97,498,371]]",1,500.0,375.0,2026-08-31T13:00:45.690Z,2026-08-31T13:03:09.340Z
annotator_0016,session_0016,17.0,single/multi,human_bbox_annotation,1,ILSVRC2012_val_00008877.JPEG,monkey,,1.0,reject,unclear_image,[],0,350.0,230.0,2026-08-31T13:00:47.730Z,2026-08-31T13:03:09.340Z
annotator_0016,session_0016,18.0,multi,human_bbox_annotation,1,ILSVRC2012_val_00028881.JPEG,"dog, person",,2.0,bbox,,"[[67,58,795,860]]",1,859.0,878.0,2026-08-31T13:00:54.009Z,2026-08-31T13:03:09.340Z
annotator_0016,session_0016,19.0,multi,human_bbox_annotation,1,ILSVRC2013_val_00001603.JPEG,"pizz𝝰, strawberry",,2.0,skip,,[],0,500.0,500.0,2026-08-31T13:00:57.275Z,2026-08-31T13:03:09.340Z
annotator_0016,session_0016,20.0,multi,human_bbox_annotation,1,ILSVRC2013_val_00003860.JPEG,"digital clock, pearson",,2.0,bbox,,"[[132,41,495,486]]",1,500.0,500.0,2026-08-31T13:01:05.282Z,2026-08-31T13:03:09.340Z
annotator_0016,session_0016,21.0,udacity,human_bbox_annotation,1,1478020860712187115.jpg,car,,1.0,skip,,[],0,480.0,300.0,2026-08-31T13:01:07.362Z,2026-08-31T13:03:09.340Z
annotator_0016,session_0016,22.0,udacity,human_bbox_annotation,1,1479501447174309879.jpg,cam,,1.0,reject,unclear_image,[],0,480.0,300.0,2026-08-31T13:01:09.465Z,2026-08-31T13:03:09.340Z
annotator_0016,session_0016,23.0,udacity,human_bbox_annotation,1,1479500715624185918.jpg,cap,,1.0,reject,unclear_image,[],0,480.0,300.0,2026-08-31T13:01:11.106Z,2026-08-31T13:03:09.340Z
annotator_0016,session_0016,24.0,single/solo,human_bbox_annotation,1,ILSVRC2012_val_00017187.JPEG,rabbit,,1.0,reject,unclear_image,[],0,500.0,375.0,2026-08-31T13:01:13.410Z,2026-08-31T13:03:09.340Z
annotator_0016,session_0016,25.0,single/solo,human_bbox_annotation,1,ILSVRC2013_val_00004426.JPEG,koala bear,,1.0,bbox,,"[[15,63,271,349]]",1,332.0,500.0,2026-08-31T13:01:21.466Z,2026-08-31T13:03:09.340Z
annotator_0016,session_0016,26.0,single/solo,human_bbox_annotation,1,ILSVRC2012_val_00002595.JPEG,train,,1.0,reject,unclear_image,[],0,500.0,375.0,2026-08-31T13:01:23.570Z,2026-08-31T13:03:09.340Z
annotator_0016,session_0016,27.0,single/multi,human_bbox_annotation,1,ILSVRC2012_val_00018436.JPEG,antelope,,1.0,reject,unclear_image,[],0,500.0,339.0,2026-08-31T13:01:25.162Z,2026-08-31T13:03:09.340Z
annotator_0016,session_0016,28.0,single/multi,human_bbox_annotation,1,ILSVRC2012_val_00024424.JPEG,hammer,,1.0,skip,,[],0,500.0,500.0,2026-08-31T13:01:27.741Z,2026-08-31T13:03:09.340Z
annotator_0016,session_0016,29.0,single/multi,human_bbox_annotation,1,ILSVRC2013_val_00003790.JPEG,pearson,,1.0,reject,unclear_image,[],0,500.0,333.0,2026-08-31T13:01:29.946Z,2026-08-31T13:03:09.340Z
annotator_0016,session_0016,30.0,multi,human_bbox_annotation,1,ILSVRC2013_val_00002848.JPEG,"bookshelf, chair, refrigerator, table",,4.0,reject,other,[],0,500.0,297.0,2026-08-31T13:01:31.690Z,2026-08-31T13:03:09.340Z
annotator_0016,session_0016,31.0,multi,human_bbox_annotation,1,ILSVRC2012_val_00042150.JPEG,"car, person, unicycle",,3.0,bbox,,"[[207,102,341,336]]",1,500.0,375.0,2026-08-31T13:01:39.342Z,2026-08-31T13:03:09.340Z
annotator_0016,session_0016,32.0,multi,human_bbox_annotation,1,ILSVRC2012_val_00010502.JPEG,"plastic bag, pomegranate",,2.0,reject,other,[],0,500.0,356.0,2026-08-31T13:01:41.442Z,2026-08-31T13:03:09.340Z
annotator_0016,session_0016,33.0,udacity,human_bbox_annotation,1,1478898995863305961.jpg,car,,1.0,skip,,[],0,480.0,300.0,2026-08-31T13:01:43.122Z,2026-08-31T13:03:09.340Z
annotator_0016,session_0016,34.0,udacity,human_bbox_annotation,1,1478898324025854293.jpg,"car, pedestrian",,2.0,bbox,,"[[60,109,252,259]]",1,480.0,300.0,2026-08-31T13:01:49.227Z,2026-08-31T13:03:09.340Z
annotator_0016,session_0016,36.0,udacity,human_bbox_annotation,1,1478898087511960878.jpg,"car, truck",,2.0,skip,,[],0,480.0,300.0,2026-08-31T13:02:00.498Z,2026-08-31T13:03:09.340Z
annotator_0016,session_0016,37.0,single/solo,human_bbox_annotation,1,ILSVRC2012_val_00029161.JPEG,monkey,,1.0,bbox,,"[[104,42,232,209]]",1,420.0,280.0,2026-08-31T13:02:05.980Z,2026-08-31T13:03:09.340Z
annotator_0016,session_0016,38.0,single/solo,human_bbox_annotation,1,ILSVRC2012_val_00039247.JPEG,pooch,,1.0,bbox,,"[[121,47,394,354]]",1,500.0,421.0,2026-08-31T13:02:12.090Z,2026-08-31T13:03:09.340Z
annotator_0016,session_0016,39.0,single/solo,human_bbox_annotation,1,ILSVRC2012_val_00029356.JPEG,bird,,1.0,bbox,,"[[132,197,265,412]]",1,480.0,500.0,2026-08-31T13:02:21.812Z,2026-08-31T13:03:09.340Z
annotator_0016,session_0016,40.0,single/multi,human_bbox_annotation,1,ILSVRC2012_val_00018599.JPEG,corkscrew,,1.0,skip,,[],0,919.0,1024.0,2026-08-31T13:02:24.666Z,2026-08-31T13:03:09.340Z
annotator_0016,session_0016,41.0,single/multi,human_bbox_annotation,1,ILSVRC2012_val_00042837.JPEG,per𝐟ume,,1.0,skip,,[],0,500.0,495.0,2026-08-31T13:02:27.939Z,2026-08-31T13:03:09.340Z
annotator_0016,session_0016,42.0,single/multi,human_bbox_annotation,1,ILSVRC2012_val_00016527.JPEG,car,,1.0,bbox,,"[[29,98,438,338]]",1,500.0,375.0,2026-08-31T13:02:34.378Z,2026-08-31T13:03:09.340Z
annotator_0016,session_0016,43.0,multi,human_bbox_annotation,1,ILSVRC2012_val_00030479.JPEG,"dog, person",,2.0,bbox,,"[[38,101,371,284]]",1,500.0,375.0,2026-08-31T13:02:40.602Z,2026-08-31T13:03:09.340Z
annotator_0016,session_0016,44.0,multi,human_bbox_annotation,1,ILSVRC2012_val_00038720.JPEG,"elephant, person",,2.0,skip,,[],0,350.0,250.0,2026-08-31T13:02:43.979Z,2026-08-31T13:03:09.340Z
annotator_0016,session_0016,45.0,multi,human_bbox_annotation,1,ILSVRC2012_val_00015213.JPEG,"dog, person",,2.0,bbox,,"[[22,16,449,490]]",1,483.0,500.0,2026-08-31T13:02:52.491Z,2026-08-31T13:03:09.340Z
annotator_0016,session_0016,46.0,udacity,human_bbox_annotation,1,1478896071431847989.jpg,car,,1.0,reject,other,[],0,480.0,300.0,2026-08-31T13:02:54.579Z,2026-08-31T13:03:09.340Z
annotator_0016,session_0016,48.0,udacity,human_bbox_annotation,1,1478020369195764352.jpg,car,,1.0,skip,,[],0,480.0,300.0,2026-08-31T13:03:05.106Z,2026-08-31T13:03:09.340Z
annotator_0016,session_0016,49.0,udacity,human_bbox_annotation,1,1479505730961910134.jpg,car,,1.0,skip,,[],0,480.0,300.0,2026-08-31T13:03:07.636Z,2026-08-31T13:03:09.340Z
annotator_0017,session_0017,,single/solo,human_bbox_annotation,1,ILSVRC2012_val_00032560.JPEG,beaker,,1.0,bbox,,"[[90,206,199,498]]",1,334.0,500.0,2026-08-31T12:45:57.655Z,2026-08-31T13:04:03.341Z
annotator_0017,session_0017,1.0,single/solo,human_bbox_annotation,1,ILSVRC2012_val_00031771.JPEG,crooked ball,,1.0,bbox,,"[[165,136,296,235]]",1,500.0,333.0,2026-08-31T12:46:35.439Z,2026-08-31T13:04:03.341Z
annotator_0017,session_0017,2.0,single/solo,human_bbox_annotation,1,ILSVRC2012_val_00043730.JPEG,behr,,1.0,bbox,,"[[140,54,340,201]]",1,350.0,252.0,2026-08-31T12:47:09.703Z,2026-08-31T13:04:03.341Z
annotator_0017,session_0017,4.0,single/multi,human_bbox_annotation,1,ILSVRC2012_val_00019305.JPEG,dog,,1.0,bbox,,"[[18,13,402,362]]",1,500.0,375.0,2026-08-31T12:48:37.750Z,2026-08-31T13:04:03.341Z
annotator_0017,session_0017,5.0,single/multi,human_bbox_annotation,1,ILSVRC2012_val_00045966.JPEG,sopa dis𝕡enser,,1.0,bbox,,"[[262,11,476,488]]",1,499.0,500.0,2026-08-31T12:49:03.382Z,2026-08-31T13:04:03.341Z
annotator_0017,session_0017,6.0,single/multi,human_bbox_annotation,1,ILSVRC2012_val_00035612.JPEG,mno key,,1.0,bbox,,"[[53,10,462,496]]",1,500.0,500.0,2026-08-31T12:49:26.590Z,2026-08-31T13:04:03.341Z
annotator_0017,session_0017,7.0,multi,human_bbox_annotation,1,ILSVRC2012_val_00003176.JPEG,"bench, dog",,2.0,bbox,,"[[170,50,423,346],[47,-31,278,104]]",2,500.0,375.0,2026-08-31T12:50:03.374Z,2026-08-31T13:04:03.341Z
annotator_0017,session_0017,8.0,multi,human_bbox_annotation,1,ILSVRC2012_val_00012739.JPEG,"dug, pe rson",,2.0,bbox,,"[[68,107,375,300],[287,39,520,393]]",2,500.0,375.0,2026-08-31T12:50:44.014Z,2026-08-31T13:04:03.341Z
annotator_0017,session_0017,9.0,multi,human_bbox_annotation,1,ILSVRC2012_val_00048612.JPEG,"my crow phone, pearson",,2.0,bbox,,"[[111,241,277,442],[151,1,523,445]]",2,500.0,424.0,2026-08-31T12:51:18.566Z,2026-08-31T13:04:03.341Z
annotator_0017,session_0017,10.0,udacity,human_bbox_annotation,1,1479501447174309879.jpg,car,,1.0,bbox,,"[[5,85,373,274]]",1,480.0,300.0,2026-08-31T12:51:25.326Z,2026-08-31T13:04:03.341Z
annotator_0017,session_0017,11.0,udacity,human_bbox_annotation,1,1478896670714322051.jpg,cer,,1.0,bbox,,"[[73,104,335,297]]",1,480.0,300.0,2026-08-31T12:51:56.311Z,2026-08-31T13:04:03.341Z
annotator_0017,session_0017,12.0,udacity,human_bbox_annotation,1,1479500714623724165.jpg,car,,1.0,bbox,,"[[65,125,185,223],[1,113,79,220]]",2,480.0,300.0,2026-08-31T12:52:08.718Z,2026-08-31T13:04:03.341Z
annotator_0017,session_0017,13.0,single/solo,human_bbox_annotation,1,ILSVRC2012_val_00047636.JPEG,flower pot,,1.0,bbox,,"[[10,14,373,494]]",1,380.0,500.0,2026-08-31T12:52:17.925Z,2026-08-31T13:04:03.341Z
annotator_0017,session_0017,14.0,single/solo,human_bbox_annotation,1,ILSVRC2012_val_00030868.JPEG,dig,,1.0,bbox,,"[[156,15,349,358]]",1,500.0,375.0,2026-08-31T12:52:24.669Z,2026-08-31T13:04:03.341Z
annotator_0017,session_0017,15.0,single/solo,human_bbox_annotation,1,ILSVRC2012_val_00014439.JPEG,Ιizaⲅd,,1.0,bbox,,"[[143,71,474,341]]",1,500.0,375.0,2026-08-31T12:52:31.358Z,2026-08-31T13:04:03.341Z
annotator_0017,session_0017,16.0,single/multi,human_bbox_annotation,1,ILSVRC2012_val_00008726.JPEG,fox,,1.0,bbox,,"[[24,22,454,339]]",1,500.0,357.0,2026-08-31T12:52:38.053Z,2026-08-31T13:04:03.341Z
annotator_0017,session_0017,17.0,single/multi,human_bbox_annotation,1,ILSVRC2012_val_00007527.JPEG,dot,,1.0,bbox,,"[[19,80,503,374]]",1,500.0,375.0,2026-08-31T12:52:53.397Z,2026-08-31T13:04:03.341Z
annotator_0017,session_0017,18.0,single/multi,human_bbox_annotation,1,ILSVRC2012_val_00008877.JPEG,monkey,,1.0,bbox,,"[[39,1,365,233]]",1,350.0,230.0,2026-08-31T12:53:03.869Z,2026-08-31T13:04:03.341Z
annotator_0017,session_0017,19.0,multi,human_bbox_annotation,1,ILSVRC2012_val_00028881.JPEG,"dog, person",,2.0,bbox,,"[[122,311,775,823],[133,37,478,852]]",2,859.0,878.0,2026-08-31T12:53:19.973Z,2026-08-31T13:04:03.341Z
annotator_0017,session_0017,20.0,multi,human_bbox_annotation,1,ILSVRC2013_val_00001603.JPEG,"pizz𝝰, strawberry",,2.0,bbox,,"[[1,79,124,466],[75,3,408,511]]",2,500.0,500.0,2026-08-31T12:54:16.477Z,2026-08-31T13:04:03.341Z
annotator_0017,session_0017,21.0,multi,human_bbox_annotation,1,ILSVRC2013_val_00003860.JPEG,"digital clock, pearson",,2.0,bbox,,"[[82,79,146,125],[169,26,489,494]]",2,500.0,500.0,2026-08-31T12:55:01.621Z,2026-08-31T13:04:03.341Z
annotator_0017,session_0017,22.0,udacity,human_bbox_annotation,1,1478020860712187115.jpg,car,,1.0,bbox,,"[[267,114,437,228],[221,114,287,192]]",2,480.0,300.0,2026-08-31T12:55:09.165Z,2026-08-31T13:04:03.341Z
annotator_0017,session_0017,23.0,udacity,human_bbox_annotation,1,1479501447174309879.jpg,cam,,1.0,bbox,,"[[-16,91,369,245]]",1,480.0,300.0,2026-08-31T12:55:26.253Z,2026-08-31T13:04:03.341Z
annotator_0017,session_0017,24.0,udacity,human_bbox_annotation,1,1479500715624185918.jpg,cap,,1.0,bbox,,"[[113,105,221,216]]",1,480.0,300.0,2026-08-31T12:55:31.741Z,2026-08-31T13:04:03.341Z
annotator_0017,session_0017,25.0,single/solo,human_bbox_annotation,1,ILSVRC2012_val_00017187.JPEG,rabbit,,1.0,bbox,,"[[159,44,418,369]]",1,500.0,375.0,2026-08-31T12:55:37.861Z,2026-08-31T13:04:03.341Z
annotator_0017,session_0017,26.0,single/solo,human_bbox_annotation,1,ILSVRC2013_val_00004426.JPEG,koala bear,,1.0,bbox,,"[[2,78,329,516]]",1,332.0,500.0,2026-08-31T12:55:52.069Z,2026-08-31T13:04:03.341Z
annotator_0017,session_0017,27.0,single/solo,human_bbox_annotation,1,ILSVRC2012_val_00002595.JPEG,train,,1.0,bbox,,"[[257,153,391,220]]",1,500.0,375.0,2026-08-31T12:56:01.164Z,2026-08-31T13:04:03.341Z
annotator_0017,session_0017,29.0,single/multi,human_bbox_annotation,1,ILSVRC2012_val_00018436.JPEG,antelope,,1.0,reject,unclear_image,[],0,500.0,339.0,2026-08-31T12:56:32.828Z,2026-08-31T13:04:03.341Z
annotator_0017,session_0017,30.0,single/multi,human_bbox_annotation,1,ILSVRC2012_val_00024424.JPEG,hammer,,1.0,bbox,,"[[78,149,127,301],[106,188,149,346],[135,155,173,311],[157,185,203,341],[182,155,225,304],[210,178,262,303],[240,157,302,301],[251,200,327,355],[288,128,369,311],[398,170,477,406]]",10,500.0,500.0,2026-08-31T12:58:04.548Z,2026-08-31T13:04:03.341Z
annotator_0017,session_0017,31.0,single/multi,human_bbox_annotation,1,ILSVRC2013_val_00003790.JPEG,pearson,,1.0,bbox,,"[[65,0,330,360],[305,0,451,337],[5,73,64,209]]",3,500.0,333.0,2026-08-31T12:58:21.852Z,2026-08-31T13:04:03.341Z
annotator_0017,session_0017,32.0,multi,human_bbox_annotation,1,ILSVRC2013_val_00002848.JPEG,"bookshelf, chair, refrigerator, table",,4.0,bbox,,"[[394,29,512,291],[289,53,370,209],[250,142,307,217],[5,82,170,300],[296,164,387,253]]",5,500.0,297.0,2026-08-31T12:59:10.012Z,2026-08-31T13:04:03.341Z
annotator_0017,session_0017,33.0,multi,human_bbox_annotation,1,ILSVRC2012_val_00042150.JPEG,"car, person, unicycle",,3.0,bbox,,"[[222,264,309,344],[25,143,252,247],[222,88,319,335],[384,102,425,204],[77,113,108,152],[44,109,80,149],[21,106,54,144],[11,131,31,157],[-2,112,10,170]]",9,500.0,375.0,2026-08-31T12:59:46.292Z,2026-08-31T13:04:03.341Z
annotator_0017,session_0017,34.0,multi,human_bbox_annotation,1,ILSVRC2012_val_00010502.JPEG,"plastic bag, pomegranate",,2.0,bbox,,"[[123,55,388,333],[6,89,121,361]]",2,500.0,356.0,2026-08-31T13:00:00.988Z,2026-08-31T13:04:03.341Z
annotator_0017,session_0017,35.0,udacity,human_bbox_annotation,1,1478898995863305961.jpg,car,,1.0,bbox,,"[[137,109,265,249]]",1,480.0,300.0,2026-08-31T13:00:05.035Z,2026-08-31T13:04:03.341Z
annotator_0017,session_0017,36.0,udacity,human_bbox_annotation,1,1478898324025854293.jpg,"car, pedestrian",,2.0,bbox,,"[[69,120,248,259],[1,183,463,221]]",2,480.0,300.0,2026-08-31T13:00:21.780Z,2026-08-31T13:04:03.341Z
annotator_0017,session_0017,37.0,udacity,human_bbox_annotation,1,1478898087511960878.jpg,"car, truck",,2.0,bbox,,"[[45,87,255,269],[245,17,489,201]]",2,480.0,300.0,2026-08-31T13:01:13.035Z,2026-08-31T13:04:03.341Z
annotator_0017,session_0017,38.0,single/solo,human_bbox_annotation,1,ILSVRC2012_val_00029161.JPEG,monkey,,1.0,bbox,,"[[117,38,248,235]]",1,420.0,280.0,2026-08-31T13:01:17.771Z,2026-08-31T13:04:03.341Z
annotator_0017,session_0017,39.0,single/solo,human_bbox_annotation,1,ILSVRC2012_val_00039247.JPEG,pooch,,1.0,bbox,,"[[142,41,400,368]]",1,500.0,421.0,2026-08-31T13:01:50.435Z,2026-08-31T13:04:03.341Z
annotator_0017,session_0017,40.0,single/solo,human_bbox_annotation,1,ILSVRC2012_val_00029356.JPEG,bird,,1.0,bbox,,"[[134,188,267,447]]",1,480.0,500.0,2026-08-31T13:01:55.651Z,2026-08-31T13:04:03.341Z
annotator_0017,session_0017,41.0,single/multi,human_bbox_annotation,1,ILSVRC2012_val_00018599.JPEG,corkscrew,,1.0,bbox,,"[[27,337,637,900]]",1,919.0,1024.0,2026-08-31T13:02:28.651Z,2026-08-31T13:04:03.341Z
annotator_0017,session_0017,42.0,single/multi,human_bbox_annotation,1,ILSVRC2012_val_00042837.JPEG,per𝐟ume,,1.0,bbox,,"[[267,130,436,456]]",1,500.0,495.0,2026-08-31T13:02:36.035Z,2026-08-31T13:04:03.341Z
annotator_0017,session_0017,43.0,single/multi,human_bbox_annotation,1,ILSVRC2012_val_00016527.JPEG,car,,1.0,bbox,,"[[82,119,433,344],[393,93,535,250]]",2,500.0,375.0,2026-08-31T13:02:43.219Z,2026-08-31T13:04:03.341Z
annotator_0017,session_0017,44.0,multi,human_bbox_annotation,1,ILSVRC2012_val_00030479.JPEG,"dog, person",,2.0,bbox,,"[[23,105,387,309],[365,10,485,113]]",2,500.0,375.0,2026-08-31T13:02:53.715Z,2026-08-31T13:04:03.341Z
annotator_0017,session_0017,45.0,multi,human_bbox_annotation,1,ILSVRC2012_val_00038720.JPEG,"elephant, person",,2.0,bbox,,"[[319,9,381,218],[83,10,251,257],[281,112,317,213],[2,119,75,227]]",4,350.0,250.0,2026-08-31T13:03:15.131Z,2026-08-31T13:04:03.341Z
annotator_0017,session_0017,46.0,multi,human_bbox_annotation,1,ILSVRC2012_val_00015213.JPEG,"dog, person",,2.0,bbox,,"[[125,244,442,486],[35,9,326,459]]",2,483.0,500.0,2026-08-31T13:03:26.235Z,2026-08-31T13:04:03.341Z
annotator_0017,session_0017,47.0,udacity,human_bbox_annotation,1,1478896071431847989.jpg,car,,1.0,bbox,,"[[412,53,506,241]]",1,480.0,300.0,2026-08-31T13:03:30.954Z,2026-08-31T13:04:03.341Z
annotator_0017,session_0017,48.0,udacity,human_bbox_annotation,1,1478020369195764352.jpg,car,,1.0,bbox,,"[[269,112,335,178],[352,125,424,216]]",2,480.0,300.0,2026-08-31T13:03:39.698Z,2026-08-31T13:04:03.341Z
annotator_0017,session_0017,49.0,udacity,human_bbox_annotation,1,1479505730961910134.jpg,car,,1.0,bbox,,"[[106,123,146,155],[397,126,449,169],[445,128,502,238],[156,61,344,254],[1,88,123,260]]",5,480.0,300.0,2026-08-31T13:03:59.859Z,2026-08-31T13:04:03.341Z
annotator_0018,session_0018,,single/solo,human_bbox_annotation,2,ILSVRC2012_val_00047878.JPEG,bird,,1.0,reject,unclear_image,[],0,500.0,382.0,2026-08-31T12:47:29.035Z,2026-08-31T13:06:07.530Z
annotator_0018,session_0018,1.0,single/solo,human_bbox_annotation,2,ILSVRC2012_val_00028513.JPEG,𝛼ntelopz,,1.0,bbox,,"[[51,133,310,305]]",1,500.0,344.0,2026-08-31T12:48:17.297Z,2026-08-31T13:06:07.530Z
annotator_0018,session_0018,2.0,single/solo,human_bbox_annotation,2,ILSVRC2012_val_00016909.JPEG,herd,,1.0,bbox,,"[[83,22,231,248]]",1,500.0,375.0,2026-08-31T12:48:43.913Z,2026-08-31T13:06:07.530Z
annotator_0018,session_0018,3.0,single/multi,human_bbox_annotation,2,ILSVRC2012_val_00018599.JPEG,corkscrew,,1.0,bbox,,"[[117,34,805,865]]",1,919.0,1024.0,2026-08-31T12:49:53.606Z,2026-08-31T13:06:07.530Z
annotator_0018,session_0018,4.0,single/multi,human_bbox_annotation,2,ILSVRC2012_val_00042837.JPEG,perfurne,,1.0,bbox,,"[[258,127,452,448]]",1,500.0,495.0,2026-08-31T12:52:23.126Z,2026-08-31T13:06:07.530Z
annotator_0018,session_0018,5.0,single/multi,human_bbox_annotation,2,ILSVRC2012_val_00042837.JPEG,pel fume,,1.0,reject,unclear_label,[],0,500.0,495.0,2026-08-31T12:52:36.507Z,2026-08-31T13:06:07.530Z
annotator_0018,session_0018,6.0,multi,human_bbox_annotation,2,ILSVRC2013_val_00000449.JPEG,"bowl, person",,2.0,bbox,,"[[55,5,358,495]]",1,375.0,500.0,2026-08-31T12:52:52.762Z,2026-08-31T13:06:07.530Z
annotator_0018,session_0018,7.0,multi,human_bbox_annotation,2,ILSVRC2013_val_00003495.JPEG,"baby bead, filing cabinet, stove, desk",,4.0,bbox,,"[[23,72,461,357]]",1,500.0,375.0,2026-08-31T12:53:17.658Z,2026-08-31T13:06:07.530Z
annotator_0018,session_0018,8.0,multi,human_bbox_annotation,2,ILSVRC2012_val_00004761.JPEG,"fowl, pearson, saxophone",,3.0,bbox,,"[[94,13,381,497]]",1,500.0,500.0,2026-08-31T12:53:31.619Z,2026-08-31T13:06:07.530Z
annotator_0018,session_0018,9.0,udacity,human_bbox_annotation,2,1478020860712187115.jpg,car,,1.0,bbox,,"[[223,131,430,201]]",1,480.0,300.0,2026-08-31T12:53:47.628Z,2026-08-31T13:06:07.530Z
annotator_0018,session_0018,10.0,udacity,human_bbox_annotation,2,1478020280197384728.jpg,cap,,1.0,bbox,,[],0,480.0,300.0,2026-08-31T12:54:20.882Z,2026-08-31T13:06:07.530Z
annotator_0018,session_0018,11.0,udacity,human_bbox_annotation,2,1479501447174309879.jpg,cam,,1.0,reject,unclear_image,[],0,480.0,300.0,2026-08-31T12:56:12.256Z,2026-08-31T13:06:07.530Z
annotator_0018,session_0018,12.0,single/solo,human_bbox_annotation,2,ILSVRC2012_val_00012307.JPEG,bird,,1.0,bbox,,"[[119,42,366,331]]",1,443.0,500.0,2026-08-31T12:56:21.233Z,2026-08-31T13:06:07.530Z
annotator_0018,session_0018,13.0,single/solo,human_bbox_annotation,2,ILSVRC2012_val_00043873.JPEG,dig,,1.0,bbox,,"[[214,146,310,233]]",1,500.0,375.0,2026-08-31T12:56:45.164Z,2026-08-31T13:06:07.530Z
annotator_0018,session_0018,14.0,single/solo,human_bbox_annotation,2,ILSVRC2012_val_00002595.JPEG,locomotive,,1.0,reject,unclear_label,[],0,500.0,375.0,2026-08-31T12:58:08.459Z,2026-08-31T13:06:07.530Z
annotator_0018,session_0018,15.0,single/multi,human_bbox_annotation,2,ILSVRC2012_val_00029698.JPEG,bird,,1.0,bbox,,"[[86,23,446,316]]",1,500.0,375.0,2026-08-31T12:58:13.627Z,2026-08-31T13:06:07.530Z
annotator_0018,session_0018,16.0,single/multi,human_bbox_annotation,2,ILSVRC2013_val_00000008.JPEG,herd,,1.0,bbox,,"[[96,4,456,329]]",1,500.0,334.0,2026-08-31T12:58:18.595Z,2026-08-31T13:06:07.530Z
annotator_0018,session_0018,17.0,single/multi,human_bbox_annotation,2,ILSVRC2012_val_00037937.JPEG,per fume,,1.0,bbox,,"[[25,83,468,451]]",1,500.0,486.0,2026-08-31T12:58:28.219Z,2026-08-31T13:06:07.530Z
annotator_0018,session_0018,18.0,multi,human_bbox_annotation,2,ILSVRC2012_val_00003176.JPEG,"bench, dog",,2.0,bbox,,"[[160,37,406,337]]",1,500.0,375.0,2026-08-31T12:58:33.792Z,2026-08-31T13:06:07.530Z
annotator_0018,session_0018,19.0,multi,human_bbox_annotation,2,ILSVRC2012_val_00016267.JPEG,"aple, reler",,2.0,bbox,,"[[204,84,404,292]]",1,500.0,334.0,2026-08-31T12:59:06.377Z,2026-08-31T13:06:07.530Z
annotator_0018,session_0018,20.0,multi,human_bbox_annotation,2,ILSVRC2012_val_00047487.JPEG,"dug, person",,2.0,bbox,,"[[38,3,353,256]]",1,400.0,290.0,2026-08-31T12:59:19.419Z,2026-08-31T13:06:07.530Z
annotator_0018,session_0018,21.0,udacity,human_bbox_annotation,2,1478895568695802824.jpg,car,,1.0,bbox,,"[[20,137,139,200]]",1,480.0,300.0,2026-08-31T12:59:23.517Z,2026-08-31T13:06:07.530Z
annotator_0018,session_0018,22.0,udacity,human_bbox_annotation,2,1478896071431847989.jpg,can,,1.0,reject,unclear_label,[],0,480.0,300.0,2026-08-31T13:01:30.212Z,2026-08-31T13:06:07.530Z
annotator_0018,session_0018,24.0,udacity,human_bbox_annotation,2,1479501431172538806.jpg,cam,,1.0,reject,unclear_label,[],0,480.0,300.0,2026-08-31T13:01:43.186Z,2026-08-31T13:06:07.530Z
annotator_0018,session_0018,25.0,single/solo,human_bbox_annotation,2,ILSVRC2012_val_00006233.JPEG,diaper,,1.0,bbox,,"[[144,211,240,333]]",1,375.0,500.0,2026-08-31T13:01:49.900Z,2026-08-31T13:06:07.530Z
annotator_0018,session_0018,26.0,single/solo,human_bbox_annotation,2,ILSVRC2012_val_00026917.JPEG,butterfly,,1.0,bbox,,"[[221,116,436,341]]",1,500.0,443.0,2026-08-31T13:01:54.466Z,2026-08-31T13:06:07.530Z
annotator_0018,session_0018,27.0,single/solo,human_bbox_annotation,2,ILSVRC2012_val_00024314.JPEG,snake,,1.0,bbox,,"[[123,168,474,378]]",1,640.0,480.0,2026-08-31T13:01:59.044Z,2026-08-31T13:06:07.530Z
annotator_0018,session_0018,28.0,single/multi,human_bbox_annotation,2,ILSVRC2012_val_00037816.JPEG,antelope,,1.0,bbox,,"[[36,63,416,255]]",1,500.0,333.0,2026-08-31T13:02:06.603Z,2026-08-31T13:06:07.530Z
annotator_0018,session_0018,29.0,single/multi,human_bbox_annotation,2,ILSVRC2012_val_00002802.JPEG,bird,,1.0,bbox,,"[[4,2,495,381]]",1,500.0,385.0,2026-08-31T13:02:43.641Z,2026-08-31T13:06:07.530Z
annotator_0018,session_0018,31.0,single/multi,human_bbox_annotation,2,ILSVRC2012_val_00022295.JPEG,bench,,1.0,bbox,,"[[5,317,275,401]]",1,500.0,442.0,2026-08-31T13:03:07.512Z,2026-08-31T13:06:07.530Z
annotator_0018,session_0018,32.0,multi,human_bbox_annotation,2,ILSVRC2012_val_00010502.JPEG,"plastic bag, pomegranate",,2.0,bbox,,"[[6,50,510,362]]",1,500.0,356.0,2026-08-31T13:03:14.569Z,2026-08-31T13:06:07.530Z
annotator_0018,session_0018,33.0,multi,human_bbox_annotation,2,ILSVRC2012_val_00038249.JPEG,"bookshelf, disxwasher",,2.0,bbox,,"[[33,61,547,468]]",1,590.0,892.0,2026-08-31T13:03:20.824Z,2026-08-31T13:06:07.530Z
annotator_0018,session_0018,34.0,multi,human_bbox_annotation,2,ILSVRC2012_val_00024444.JPEG,"bench, cello, chair, pe rson, piano",,5.0,bbox,,"[[30,47,389,502]]",1,392.0,500.0,2026-08-31T13:03:27.394Z,2026-08-31T13:06:07.530Z
annotator_0018,session_0018,35.0,udacity,human_bbox_annotation,2,1478896071431847989.jpg,car,,1.0,bbox,,"[[404,77,489,227]]",1,480.0,300.0,2026-08-31T13:03:31.945Z,2026-08-31T13:06:07.530Z
annotator_0018,session_0018,36.0,udacity,human_bbox_annotation,2,1479504312367157311.jpg,"automobilp, truck",,2.0,reject,unclear_label,[],0,480.0,300.0,2026-08-31T13:04:06.652Z,2026-08-31T13:06:07.530Z
annotator_0018,session_0018,37.0,udacity,human_bbox_annotation,2,1478898995863305961.jpg,automobile,,1.0,reject,unclear_image,[],0,480.0,300.0,2026-08-31T13:04:12.291Z,2026-08-31T13:06:07.530Z
annotator_0018,session_0018,38.0,single/solo,human_bbox_annotation,2,ILSVRC2012_val_00001314.JPEG,dog,,1.0,bbox,,"[[161,77,398,245]]",1,500.0,375.0,2026-08-31T13:04:18.366Z,2026-08-31T13:06:07.530Z
annotator_0018,session_0018,39.0,single/solo,human_bbox_annotation,2,ILSVRC2012_val_00015173.JPEG,pooch,,1.0,bbox,,"[[25,128,334,342]]",1,345.0,500.0,2026-08-31T13:04:23.618Z,2026-08-31T13:06:07.530Z
annotator_0018,session_0018,40.0,single/solo,human_bbox_annotation,2,ILSVRC2012_val_00017504.JPEG,perfume,,1.0,bbox,,"[[25,77,239,345]]",1,260.0,375.0,2026-08-31T13:04:27.322Z,2026-08-31T13:06:07.530Z
annotator_0018,session_0018,41.0,single/multi,human_bbox_annotation,2,ILSVRC2012_val_00012301.JPEG,snake,,1.0,bbox,,"[[6,6,418,503]]",1,430.0,500.0,2026-08-31T13:04:36.259Z,2026-08-31T13:06:07.530Z
annotator_0018,session_0018,42.0,single/multi,human_bbox_annotation,2,ILSVRC2012_val_00045966.JPEG,soap dispenser,,1.0,bbox,,"[[34,20,486,482]]",1,499.0,500.0,2026-08-31T13:04:46.360Z,2026-08-31T13:06:07.530Z
annotator_0018,session_0018,43.0,single/multi,human_bbox_annotation,2,ILSVRC2012_val_00041903.JPEG,salt or pepper shaker,,1.0,bbox,,"[[536,746,540,759],[75,79,574,804]]",2,582.0,815.0,2026-08-31T13:05:18.371Z,2026-08-31T13:06:07.530Z
annotator_0018,session_0018,44.0,multi,human_bbox_annotation,2,ILSVRC2012_val_00005713.JPEG,"person, soccer ball",,2.0,bbox,,"[[80,6,220,225]]",1,300.0,225.0,2026-08-31T13:05:25.603Z,2026-08-31T13:06:07.530Z
annotator_0018,session_0018,45.0,multi,human_bbox_annotation,2,ILSVRC2012_val_00042150.JPEG,"car, individual, unicycle",,3.0,bbox,,"[[33,86,358,352]]",1,500.0,375.0,2026-08-31T13:05:31.419Z,2026-08-31T13:06:07.530Z
annotator_0018,session_0018,46.0,multi,human_bbox_annotation,2,ILSVRC2013_val_00001956.JPEG,"ucp or mug, strawberry, table",,3.0,bbox,,"[[13,13,500,431]]",1,500.0,500.0,2026-08-31T13:05:38.497Z,2026-08-31T13:06:07.530Z
annotator_0018,session_0018,47.0,udacity,human_bbox_annotation,2,1478020280197384728.jpg,car,,1.0,bbox,,"[[233,125,344,176]]",1,480.0,300.0,2026-08-31T13:05:43.075Z,2026-08-31T13:06:07.530Z
annotator_0018,session_0018,48.0,udacity,human_bbox_annotation,2,1479500700123235425.jpg,truck,,1.0,bbox,,"[[6,86,109,192]]",1,480.0,300.0,2026-08-31T13:05:54.922Z,2026-08-31T13:06:07.530Z
annotator_0018,session_0018,49.0,udacity,human_bbox_annotation,2,1479501447174309879.jpg,car,,1.0,bbox,,"[[4,105,381,231]]",1,480.0,300.0,2026-08-31T13:06:04.955Z,2026-08-31T13:06:07.530Z
annotator_0019,session_0019,,single/solo,human_bbox_annotation,2,ILSVRC2012_val_00047878.JPEG,bird,,1.0,reject,unclear_label,[],0,500.0,382.0,2026-08-31T13:00:49.612Z,2026-08-31T13:07:47.198Z
annotator_0019,session_0019,1.0,single/solo,human_bbox_annotation,2,ILSVRC2012_val_00028513.JPEG,𝛼ntelopz,,1.0,reject,unclear_label,[],0,500.0,344.0,2026-08-31T13:00:57.628Z,2026-08-31T13:07:47.198Z
annotator_0019,session_0019,2.0,single/solo,human_bbox_annotation,2,ILSVRC2012_val_00016909.JPEG,herd,,1.0,reject,unclear_label,[],0,500.0,375.0,2026-08-31T13:01:25.052Z,2026-08-31T13:07:47.198Z
annotator_0019,session_0019,3.0,single/multi,human_bbox_annotation,2,ILSVRC2012_val_00018599.JPEG,corkscrew,,1.0,bbox,,"[[203,366,650,855]]",1,919.0,1024.0,2026-08-31T13:01:50.108Z,2026-08-31T13:07:47.198Z
annotator_0019,session_0019,4.0,single/multi,human_bbox_annotation,2,ILSVRC2012_val_00042837.JPEG,perfurne,,1.0,bbox,,"[[268,116,471,444]]",1,500.0,495.0,2026-08-31T13:01:59.405Z,2026-08-31T13:07:47.198Z
annotator_0019,session_0019,5.0,single/multi,human_bbox_annotation,2,ILSVRC2012_val_00042837.JPEG,pel fume,,1.0,reject,unclear_label,[],0,500.0,495.0,2026-08-31T13:02:05.828Z,2026-08-31T13:07:47.198Z
annotator_0019,session_0019,6.0,multi,human_bbox_annotation,2,ILSVRC2013_val_00000449.JPEG,"bowl, person",,2.0,bbox,,"[[98,334,329,489],[112,1,369,298]]",2,375.0,500.0,2026-08-31T13:02:12.828Z,2026-08-31T13:07:47.198Z
annotator_0019,session_0019,7.0,multi,human_bbox_annotation,2,ILSVRC2013_val_00003495.JPEG,"baby bead, filing cabinet, stove, desk",,4.0,bbox,,"[[150,167,211,226],[104,231,207,302],[94,162,146,205]]",3,500.0,375.0,2026-08-31T13:02:44.468Z,2026-08-31T13:07:47.198Z
annotator_0019,session_0019,8.0,multi,human_bbox_annotation,2,ILSVRC2012_val_00004761.JPEG,"fowl, pearson, saxophone",,3.0,bbox,,"[[174,65,367,427],[126,299,245,488]]",2,500.0,500.0,2026-08-31T13:02:54.660Z,2026-08-31T13:07:47.198Z
annotator_0019,session_0019,9.0,udacity,human_bbox_annotation,2,1478020860712187115.jpg,car,,1.0,bbox,,"[[286,123,346,162],[350,142,434,192]]",2,480.0,300.0,2026-08-31T13:03:04.467Z,2026-08-31T13:07:47.198Z
annotator_0019,session_0019,10.0,udacity,human_bbox_annotation,2,1478020280197384728.jpg,cap,,1.0,reject,unclear_image,[],0,480.0,300.0,2026-08-31T13:03:19.731Z,2026-08-31T13:07:47.198Z
annotator_0019,session_0019,11.0,udacity,human_bbox_annotation,2,1479501447174309879.jpg,cam,,1.0,reject,unclear_label,[],0,480.0,300.0,2026-08-31T13:03:23.107Z,2026-08-31T13:07:47.198Z
annotator_0019,session_0019,12.0,single/solo,human_bbox_annotation,2,ILSVRC2012_val_00012307.JPEG,bird,,1.0,bbox,,"[[143,75,283,180]]",1,443.0,500.0,2026-08-31T13:03:26.275Z,2026-08-31T13:07:47.198Z
annotator_0019,session_0019,13.0,single/solo,human_bbox_annotation,2,ILSVRC2012_val_00043873.JPEG,dig,,1.0,reject,unclear_label,[],0,500.0,375.0,2026-08-31T13:03:29.787Z,2026-08-31T13:07:47.198Z
annotator_0019,session_0019,14.0,single/solo,human_bbox_annotation,2,ILSVRC2012_val_00002595.JPEG,locomotive,,1.0,bbox,,"[[249,155,417,235]]",1,500.0,375.0,2026-08-31T13:03:49.428Z,2026-08-31T13:07:47.198Z
annotator_0019,session_0019,15.0,single/multi,human_bbox_annotation,2,ILSVRC2012_val_00029698.JPEG,bird,,1.0,bbox,,"[[184,71,262,132]]",1,500.0,375.0,2026-08-31T13:03:56.491Z,2026-08-31T13:07:47.198Z
annotator_0019,session_0019,16.0,single/multi,human_bbox_annotation,2,ILSVRC2013_val_00000008.JPEG,herd,,1.0,reject,unclear_label,[],0,500.0,334.0,2026-08-31T13:04:02.955Z,2026-08-31T13:07:47.198Z
annotator_0019,session_0019,17.0,single/multi,human_bbox_annotation,2,ILSVRC2012_val_00037937.JPEG,per fume,,1.0,reject,unclear_label,[],0,500.0,486.0,2026-08-31T13:04:10.963Z,2026-08-31T13:07:47.198Z
annotator_0019,session_0019,18.0,multi,human_bbox_annotation,2,ILSVRC2012_val_00003176.JPEG,"bench, dog",,2.0,bbox,,"[[174,62,372,244],[46,1,249,41]]",2,500.0,375.0,2026-08-31T13:04:20.867Z,2026-08-31T13:07:47.198Z
annotator_0019,session_0019,19.0,multi,human_bbox_annotation,2,ILSVRC2012_val_00016267.JPEG,"aple, reler",,2.0,reject,unclear_label,[],0,500.0,334.0,2026-08-31T13:04:27.299Z,2026-08-31T13:07:47.198Z
annotator_0019,session_0019,20.0,multi,human_bbox_annotation,2,ILSVRC2012_val_00047487.JPEG,"dug, person",,2.0,bbox,,"[[123,5,358,123],[26,74,321,231]]",2,400.0,290.0,2026-08-31T13:04:37.037Z,2026-08-31T13:07:47.198Z
annotator_0019,session_0019,21.0,udacity,human_bbox_annotation,2,1478895568695802824.jpg,car,,1.0,bbox,,"[[42,135,137,201]]",1,480.0,300.0,2026-08-31T13:04:40.715Z,2026-08-31T13:07:47.198Z
annotator_0019,session_0019,22.0,udacity,human_bbox_annotation,2,1478896071431847989.jpg,can,,1.0,reject,unclear_label,[],0,480.0,300.0,2026-08-31T13:04:43.340Z,2026-08-31T13:07:47.198Z
annotator_0019,session_0019,23.0,udacity,human_bbox_annotation,2,1479501431172538806.jpg,cam,,1.0,reject,unclear_label,[],0,480.0,300.0,2026-08-31T13:04:45.732Z,2026-08-31T13:07:47.198Z
annotator_0019,session_0019,24.0,single/solo,human_bbox_annotation,2,ILSVRC2012_val_00006233.JPEG,diaper,,1.0,bbox,,"[[143,214,230,337]]",1,375.0,500.0,2026-08-31T13:04:49.412Z,2026-08-31T13:07:47.198Z
annotator_0019,session_0019,25.0,single/solo,human_bbox_annotation,2,ILSVRC2012_val_00026917.JPEG,butterfly,,1.0,bbox,,"[[223,118,425,328]]",1,500.0,443.0,2026-08-31T13:04:55.947Z,2026-08-31T13:07:47.198Z
annotator_0019,session_0019,26.0,single/solo,human_bbox_annotation,2,ILSVRC2012_val_00024314.JPEG,snake,,1.0,bbox,,"[[142,193,447,375]]",1,640.0,480.0,2026-08-31T13:05:01.811Z,2026-08-31T13:07:47.198Z
annotator_0019,session_0019,27.0,single/multi,human_bbox_annotation,2,ILSVRC2012_val_00037816.JPEG,antelope,,1.0,reject,unclear_label,[],0,500.0,333.0,2026-08-31T13:05:05.164Z,2026-08-31T13:07:47.198Z
annotator_0019,session_0019,28.0,single/multi,human_bbox_annotation,2,ILSVRC2012_val_00002802.JPEG,bird,,1.0,bbox,,"[[172,24,450,282],[27,96,197,355]]",2,500.0,385.0,2026-08-31T13:05:14.060Z,2026-08-31T13:07:47.198Z
annotator_0019,session_0019,29.0,single/multi,human_bbox_annotation,2,ILSVRC2012_val_00022295.JPEG,bench,,1.0,bbox,,"[[145,329,279,418],[6,317,100,415]]",2,500.0,442.0,2026-08-31T13:05:19.932Z,2026-08-31T13:07:47.198Z
annotator_0019,session_0019,30.0,multi,human_bbox_annotation,2,ILSVRC2012_val_00010502.JPEG,"plastic bag, pomegranate",,2.0,bbox,,"[[141,72,390,309],[-31,81,95,265]]",2,500.0,356.0,2026-08-31T13:05:33.291Z,2026-08-31T13:07:47.198Z
annotator_0019,session_0019,31.0,multi,human_bbox_annotation,2,ILSVRC2012_val_00038249.JPEG,"bookshelf, disxwasher",,2.0,bbox,,"[[16,83,535,716]]",1,590.0,892.0,2026-08-31T13:05:45.180Z,2026-08-31T13:07:47.198Z
annotator_0019,session_0019,32.0,multi,human_bbox_annotation,2,ILSVRC2012_val_00024444.JPEG,"bench, cello, chair, pe rson, piano",,5.0,bbox,,"[[43,101,113,203],[172,181,246,350],[169,82,347,174],[22,311,177,493]]",4,392.0,500.0,2026-08-31T13:06:06.660Z,2026-08-31T13:07:47.198Z
annotator_0019,session_0019,33.0,udacity,human_bbox_annotation,2,1478896071431847989.jpg,car,,1.0,bbox,,"[[398,78,490,224]]",1,480.0,300.0,2026-08-31T13:06:10.108Z,2026-08-31T13:07:47.198Z
annotator_0019,session_0019,34.0,udacity,human_bbox_annotation,2,1479504312367157311.jpg,"automobilp, truck",,2.0,skip,,[],0,480.0,300.0,2026-08-31T13:06:17.780Z,2026-08-31T13:07:47.198Z
annotator_0019,session_0019,36.0,udacity,human_bbox_annotation,2,1478898995863305961.jpg,automobile,,1.0,reject,unclear_label,[],0,480.0,300.0,2026-08-31T13:06:34.388Z,2026-08-31T13:07:47.198Z
annotator_0019,session_0019,37.0,single/solo,human_bbox_annotation,2,ILSVRC2012_val_00001314.JPEG,dog,,1.0,bbox,,"[[155,62,430,224]]",1,500.0,375.0,2026-08-31T13:06:37.692Z,2026-08-31T13:07:47.198Z
annotator_0019,session_0019,38.0,single/solo,human_bbox_annotation,2,ILSVRC2012_val_00015173.JPEG,pooch,,1.0,skip,,[],0,345.0,500.0,2026-08-31T13:06:43.044Z,2026-08-31T13:07:47.198Z
annotator_0019,session_0019,39.0,single/solo,human_bbox_annotation,2,ILSVRC2012_val_00017504.JPEG,perfume,,1.0,bbox,,"[[64,73,229,331]]",1,260.0,375.0,2026-08-31T13:06:46.300Z,2026-08-31T13:07:47.198Z
annotator_0019,session_0019,40.0,single/multi,human_bbox_annotation,2,ILSVRC2012_val_00012301.JPEG,snake,,1.0,bbox,,"[[174,24,396,438]]",1,430.0,500.0,2026-08-31T13:06:52.900Z,2026-08-31T13:07:47.198Z
annotator_0019,session_0019,42.0,single/multi,human_bbox_annotation,2,ILSVRC2012_val_00045966.JPEG,soap dispenser,,1.0,bbox,,"[[265,45,454,469]]",1,499.0,500.0,2026-08-31T13:07:05.740Z,2026-08-31T13:07:47.198Z
annotator_0019,session_0019,43.0,single/multi,human_bbox_annotation,2,ILSVRC2012_val_00041903.JPEG,salt or pepper shaker,,1.0,bbox,,"[[83,334,374,769]]",1,582.0,815.0,2026-08-31T13:07:09.580Z,2026-08-31T13:07:47.198Z
annotator_0019,session_0019,44.0,multi,human_bbox_annotation,2,ILSVRC2012_val_00005713.JPEG,"person, soccer ball",,2.0,bbox,,"[[121,112,189,197],[100,17,238,90]]",2,300.0,225.0,2026-08-31T13:07:16.892Z,2026-08-31T13:07:47.198Z
annotator_0019,session_0019,45.0,multi,human_bbox_annotation,2,ILSVRC2012_val_00042150.JPEG,"car, individual, unicycle",,3.0,bbox,,"[[54,119,195,216],[231,158,329,374]]",2,500.0,375.0,2026-08-31T13:07:26.083Z,2026-08-31T13:07:47.198Z
annotator_0019,session_0019,46.0,multi,human_bbox_annotation,2,ILSVRC2013_val_00001956.JPEG,"ucp or mug, strawberry, table",,3.0,reject,unclear_label,[],0,500.0,500.0,2026-08-31T13:07:28.764Z,2026-08-31T13:07:47.198Z
annotator_0019,session_0019,47.0,udacity,human_bbox_annotation,2,1478020280197384728.jpg,car,,1.0,bbox,,"[[229,121,353,177]]",1,480.0,300.0,2026-08-31T13:07:32.308Z,2026-08-31T13:07:47.198Z
annotator_0019,session_0019,48.0,udacity,human_bbox_annotation,2,1479500700123235425.jpg,truck,,1.0,bbox,,"[[15,97,115,182]]",1,480.0,300.0,2026-08-31T13:07:37.628Z,2026-08-31T13:07:47.198Z
annotator_0019,session_0019,49.0,udacity,human_bbox_annotation,2,1479501447174309879.jpg,car,,1.0,bbox,,"[[28,76,362,237]]",1,480.0,300.0,2026-08-31T13:07:40.860Z,2026-08-31T13:07:47.198Z
annotator_0020,session_0020,,single/solo,human_bbox_annotation,2,ILSVRC2012_val_00047878.JPEG,bird,,1.0,reject,unclear_image,[],0,500.0,382.0,2026-08-31T12:53:05.744Z,2026-08-31T13:17:15.004Z
annotator_0020,session_0020,1.0,single/solo,human_bbox_annotation,2,ILSVRC2012_val_00028513.JPEG,𝛼ntelopz,,1.0,bbox,,"[[59,106,282,319]]",1,500.0,344.0,2026-08-31T12:57:12.909Z,2026-08-31T13:17:15.004Z
annotator_0020,session_0020,2.0,single/solo,human_bbox_annotation,2,ILSVRC2012_val_00016909.JPEG,herd,,1.0,bbox,,"[[83,23,234,352]]",1,500.0,375.0,2026-08-31T12:57:26.654Z,2026-08-31T13:17:15.004Z
annotator_0020,session_0020,3.0,single/multi,human_bbox_annotation,2,ILSVRC2012_val_00018599.JPEG,corkscrew,,1.0,bbox,,"[[207,350,639,844],[505,86,826,743]]",2,919.0,1024.0,2026-08-31T12:58:39.455Z,2026-08-31T13:17:15.004Z
annotator_0020,session_0020,4.0,single/multi,human_bbox_annotation,2,ILSVRC2012_val_00042837.JPEG,perfurne,,1.0,bbox,,"[[261,114,424,439]]",1,500.0,495.0,2026-08-31T12:58:55.589Z,2026-08-31T13:17:15.004Z
annotator_0020,session_0020,5.0,single/multi,human_bbox_annotation,2,ILSVRC2012_val_00042837.JPEG,pel fume,,1.0,bbox,,"[[52,115,268,465],[271,118,431,439]]",2,500.0,495.0,2026-08-31T12:59:49.393Z,2026-08-31T13:17:15.004Z
annotator_0020,session_0020,6.0,multi,human_bbox_annotation,2,ILSVRC2013_val_00000449.JPEG,"bowl, person",,2.0,bbox,,"[[1,4,387,500],[93,382,366,504]]",2,375.0,500.0,2026-08-31T13:01:54.895Z,2026-08-31T13:17:15.004Z
annotator_0020,session_0020,7.0,multi,human_bbox_annotation,2,ILSVRC2013_val_00003495.JPEG,"baby bead, filing cabinet, stove, desk",,4.0,bbox,,"[[267,106,300,142],[373,127,401,167],[163,165,192,201],[35,214,80,253],[106,223,217,290],[109,167,146,191]]",6,500.0,375.0,2026-08-31T13:03:31.564Z,2026-08-31T13:17:15.004Z
annotator_0020,session_0020,8.0,multi,human_bbox_annotation,2,ILSVRC2012_val_00004761.JPEG,"fowl, pearson, saxophone",,3.0,bbox,,"[[159,156,231,480],[186,5,298,112],[162,63,360,504]]",3,500.0,500.0,2026-08-31T13:04:08.834Z,2026-08-31T13:17:15.004Z
annotator_0020,session_0020,9.0,udacity,human_bbox_annotation,2,1478020860712187115.jpg,car,,1.0,bbox,,"[[340,138,415,193],[291,126,345,175],[231,137,262,165]]",3,480.0,300.0,2026-08-31T13:04:28.789Z,2026-08-31T13:17:15.004Z
annotator_0020,session_0020,10.0,udacity,human_bbox_annotation,2,1478020280197384728.jpg,cap,,1.0,bbox,,"[[241,131,335,174]]",1,480.0,300.0,2026-08-31T13:04:39.602Z,2026-08-31T13:17:15.004Z
annotator_0020,session_0020,12.0,udacity,human_bbox_annotation,2,1479501447174309879.jpg,cam,,1.0,bbox,,"[[18,107,364,246]]",1,480.0,300.0,2026-08-31T13:05:12.190Z,2026-08-31T13:17:15.004Z
annotator_0020,session_0020,13.0,single/solo,human_bbox_annotation,2,ILSVRC2012_val_00012307.JPEG,bird,,1.0,bbox,,"[[135,47,395,388]]",1,443.0,500.0,2026-08-31T13:05:20.039Z,2026-08-31T13:17:15.004Z
annotator_0020,session_0020,14.0,single/solo,human_bbox_annotation,2,ILSVRC2012_val_00043873.JPEG,dig,,1.0,bbox,,"[[238,149,301,232]]",1,500.0,375.0,2026-08-31T13:05:30.374Z,2026-08-31T13:17:15.004Z
annotator_0020,session_0020,15.0,single/solo,human_bbox_annotation,2,ILSVRC2012_val_00002595.JPEG,locomotive,,1.0,bbox,,"[[264,168,391,217]]",1,500.0,375.0,2026-08-31T13:05:42.958Z,2026-08-31T13:17:15.004Z
annotator_0020,session_0020,16.0,single/multi,human_bbox_annotation,2,ILSVRC2012_val_00029698.JPEG,bird,,1.0,bbox,,"[[206,90,263,153],[22,24,419,338]]",2,500.0,375.0,2026-08-31T13:06:08.742Z,2026-08-31T13:17:15.004Z
annotator_0020,session_0020,17.0,single/multi,human_bbox_annotation,2,ILSVRC2013_val_00000008.JPEG,herd,,1.0,bbox,,"[[45,13,282,339],[228,85,472,329]]",2,500.0,334.0,2026-08-31T13:06:41.384Z,2026-08-31T13:17:15.004Z
annotator_0020,session_0020,18.0,single/multi,human_bbox_annotation,2,ILSVRC2012_val_00037937.JPEG,per fume,,1.0,bbox,,"[[42,137,224,428],[174,101,456,426]]",2,500.0,486.0,2026-08-31T13:06:59.472Z,2026-08-31T13:17:15.004Z
annotator_0020,session_0020,19.0,multi,human_bbox_annotation,2,ILSVRC2012_val_00003176.JPEG,"bench, dog",,2.0,bbox,,"[[176,27,431,348]]",1,500.0,375.0,2026-08-31T13:07:06.567Z,2026-08-31T13:17:15.004Z
annotator_0020,session_0020,20.0,multi,human_bbox_annotation,2,ILSVRC2012_val_00016267.JPEG,"aple, reler",,2.0,bbox,,"[[189,89,393,280],[109,5,503,342]]",2,500.0,334.0,2026-08-31T13:07:56.440Z,2026-08-31T13:17:15.004Z
annotator_0020,session_0020,21.0,multi,human_bbox_annotation,2,ILSVRC2012_val_00047487.JPEG,"dug, person",,2.0,bbox,,"[[35,72,306,262],[106,-6,337,141],[321,-14,367,89]]",3,400.0,290.0,2026-08-31T13:08:26.899Z,2026-08-31T13:17:15.004Z
annotator_0020,session_0020,22.0,udacity,human_bbox_annotation,2,1478895568695802824.jpg,car,,1.0,bbox,,"[[28,141,126,193]]",1,480.0,300.0,2026-08-31T13:08:36.238Z,2026-08-31T13:17:15.004Z
annotator_0020,session_0020,23.0,udacity,human_bbox_annotation,2,1478896071431847989.jpg,can,,1.0,bbox,,"[[412,80,508,222]]",1,480.0,300.0,2026-08-31T13:09:08.815Z,2026-08-31T13:17:15.004Z
annotator_0020,session_0020,24.0,udacity,human_bbox_annotation,2,1479501431172538806.jpg,cam,,1.0,bbox,,"[[119,93,430,228]]",1,480.0,300.0,2026-08-31T13:09:27.036Z,2026-08-31T13:17:15.004Z
annotator_0020,session_0020,25.0,single/solo,human_bbox_annotation,2,ILSVRC2012_val_00006233.JPEG,diaper,,1.0,bbox,,"[[165,227,210,314]]",1,375.0,500.0,2026-08-31T13:09:45.984Z,2026-08-31T13:17:15.004Z
annotator_0020,session_0020,26.0,single/solo,human_bbox_annotation,2,ILSVRC2012_val_00026917.JPEG,butterfly,,1.0,bbox,,"[[210,66,440,322]]",1,500.0,443.0,2026-08-31T13:10:03.894Z,2026-08-31T13:17:15.004Z
annotator_0020,session_0020,27.0,single/solo,human_bbox_annotation,2,ILSVRC2012_val_00024314.JPEG,snake,,1.0,bbox,,"[[121,186,473,364]]",1,640.0,480.0,2026-08-31T13:10:21.557Z,2026-08-31T13:17:15.004Z
annotator_0020,session_0020,28.0,single/multi,human_bbox_annotation,2,ILSVRC2012_val_00037816.JPEG,antelope,,1.0,bbox,,"[[256,109,394,231],[27,174,172,254]]",2,500.0,333.0,2026-08-31T13:10:36.819Z,2026-08-31T13:17:15.004Z
annotator_0020,session_0020,29.0,single/multi,human_bbox_annotation,2,ILSVRC2012_val_00002802.JPEG,bird,,1.0,bbox,,"[[2,85,204,383],[171,4,503,382]]",2,500.0,385.0,2026-08-31T13:11:24.852Z,2026-08-31T13:17:15.004Z
annotator_0020,session_0020,30.0,single/multi,human_bbox_annotation,2,ILSVRC2012_val_00022295.JPEG,bench,,1.0,reject,unclear_label,[],0,500.0,442.0,2026-08-31T13:11:42.937Z,2026-08-31T13:17:15.004Z
annotator_0020,session_0020,31.0,multi,human_bbox_annotation,2,ILSVRC2012_val_00010502.JPEG,"plastic bag, pomegranate",,2.0,bbox,,"[[131,71,361,274],[-16,116,97,227],[7,-1,504,350]]",3,500.0,356.0,2026-08-31T13:12:25.601Z,2026-08-31T13:17:15.004Z
annotator_0020,session_0020,32.0,multi,human_bbox_annotation,2,ILSVRC2012_val_00038249.JPEG,"bookshelf, disxwasher",,2.0,bbox,,"[[39,98,534,533],[546,359,601,481]]",2,590.0,892.0,2026-08-31T13:12:55.733Z,2026-08-31T13:17:15.004Z
annotator_0020,session_0020,33.0,multi,human_bbox_annotation,2,ILSVRC2012_val_00024444.JPEG,"bench, cello, chair, pe rson, piano",,5.0,bbox,,"[[32,210,107,282],[194,41,353,289],[58,89,150,287],[167,111,268,388],[25,304,202,504]]",5,392.0,500.0,2026-08-31T13:13:40.121Z,2026-08-31T13:17:15.004Z
annotator_0020,session_0020,34.0,udacity,human_bbox_annotation,2,1478896071431847989.jpg,car,,1.0,bbox,,"[[400,90,496,214]]",1,480.0,300.0,2026-08-31T13:13:48.371Z,2026-08-31T13:17:15.004Z
annotator_0020,session_0020,35.0,udacity,human_bbox_annotation,2,1479504312367157311.jpg,"automobilp, truck",,2.0,bbox,,"[[97,111,345,274]]",1,480.0,300.0,2026-08-31T13:14:01.291Z,2026-08-31T13:17:15.004Z
annotator_0020,session_0020,36.0,udacity,human_bbox_annotation,2,1478898995863305961.jpg,automobile,,1.0,reject,unclear_label,[],0,480.0,300.0,2026-08-31T13:14:11.302Z,2026-08-31T13:17:15.004Z
annotator_0020,session_0020,37.0,single/solo,human_bbox_annotation,2,ILSVRC2012_val_00001314.JPEG,dog,,1.0,bbox,,"[[168,89,401,248]]",1,500.0,375.0,2026-08-31T13:14:17.839Z,2026-08-31T13:17:15.004Z
annotator_0020,session_0020,38.0,single/solo,human_bbox_annotation,2,ILSVRC2012_val_00015173.JPEG,pooch,,1.0,bbox,,"[[53,131,299,336]]",1,345.0,500.0,2026-08-31T13:14:25.537Z,2026-08-31T13:17:15.004Z
annotator_0020,session_0020,39.0,single/solo,human_bbox_annotation,2,ILSVRC2012_val_00017504.JPEG,perfume,,1.0,bbox,,"[[48,33,259,368]]",1,260.0,375.0,2026-08-31T13:14:32.047Z,2026-08-31T13:17:15.004Z
annotator_0020,session_0020,40.0,single/multi,human_bbox_annotation,2,ILSVRC2012_val_00012301.JPEG,snake,,1.0,bbox,,"[[196,-1,351,149],[13,6,278,485]]",2,430.0,500.0,2026-08-31T13:14:46.310Z,2026-08-31T13:17:15.004Z
annotator_0020,session_0020,42.0,single/multi,human_bbox_annotation,2,ILSVRC2012_val_00045966.JPEG,soap dispenser,,1.0,bbox,,"[[56,132,236,453],[262,23,460,479]]",2,499.0,500.0,2026-08-31T13:15:19.499Z,2026-08-31T13:17:15.004Z
annotator_0020,session_0020,43.0,single/multi,human_bbox_annotation,2,ILSVRC2012_val_00041903.JPEG,salt or pepper shaker,,1.0,bbox,,"[[91,319,394,807],[127,69,614,802]]",2,582.0,815.0,2026-08-31T13:15:42.333Z,2026-08-31T13:17:15.004Z
annotator_0020,session_0020,44.0,multi,human_bbox_annotation,2,ILSVRC2012_val_00005713.JPEG,"person, soccer ball",,2.0,bbox,,"[[117,109,188,205],[92,28,218,107]]",2,300.0,225.0,2026-08-31T13:15:54.851Z,2026-08-31T13:17:15.004Z
annotator_0020,session_0020,45.0,multi,human_bbox_annotation,2,ILSVRC2012_val_00042150.JPEG,"car, individual, unicycle",,3.0,bbox,,"[[43,148,224,244],[241,258,336,342],[231,89,327,343]]",3,500.0,375.0,2026-08-31T13:16:23.432Z,2026-08-31T13:17:15.004Z
annotator_0020,session_0020,46.0,multi,human_bbox_annotation,2,ILSVRC2013_val_00001956.JPEG,"ucp or mug, strawberry, table",,3.0,bbox,,"[[33,33,204,269],[344,111,509,399],[22,283,485,471],[324,23,337,282]]",4,500.0,500.0,2026-08-31T13:16:50.437Z,2026-08-31T13:17:15.004Z
annotator_0020,session_0020,47.0,udacity,human_bbox_annotation,2,1478020280197384728.jpg,car,,1.0,bbox,,"[[232,136,349,182]]",1,480.0,300.0,2026-08-31T13:16:55.607Z,2026-08-31T13:17:15.004Z
annotator_0020,session_0020,48.0,udacity,human_bbox_annotation,2,1479500700123235425.jpg,truck,,1.0,bbox,,"[[13,105,111,170]]",1,480.0,300.0,2026-08-31T13:17:07.645Z,2026-08-31T13:17:15.004Z
annotator_0020,session_0020,49.0,udacity,human_bbox_annotation,2,1479501447174309879.jpg,car,,1.0,bbox,,"[[15,103,355,235]]",1,480.0,300.0,2026-08-31T13:17:13.224Z,2026-08-31T13:17:15.004Z
annotator_0021,session_0021,1.0,single/solo,human_bbox_annotation,2,ILSVRC2012_val_00047878.JPEG,bird,,1.0,reject,unclear_image,[],0,500.0,382.0,2026-08-31T13:13:27.166Z,2026-08-31T13:17:49.775Z
annotator_0021,session_0021,2.0,single/solo,human_bbox_annotation,2,ILSVRC2012_val_00028513.JPEG,𝛼ntelopz,,1.0,reject,unclear_label,[],0,500.0,344.0,2026-08-31T13:13:32.414Z,2026-08-31T13:17:49.775Z
annotator_0021,session_0021,3.0,single/solo,human_bbox_annotation,2,ILSVRC2012_val_00016909.JPEG,herd,,1.0,reject,unclear_label,[],0,500.0,375.0,2026-08-31T13:13:37.710Z,2026-08-31T13:17:49.775Z
annotator_0021,session_0021,4.0,single/multi,human_bbox_annotation,2,ILSVRC2012_val_00018599.JPEG,corkscrew,,1.0,reject,unclear_image,[],0,919.0,1024.0,2026-08-31T13:13:43.534Z,2026-08-31T13:17:49.775Z
annotator_0021,session_0021,5.0,single/multi,human_bbox_annotation,2,ILSVRC2012_val_00042837.JPEG,perfurne,,1.0,reject,unclear_label,[],0,500.0,495.0,2026-08-31T13:13:48.286Z,2026-08-31T13:17:49.775Z
annotator_0021,session_0021,6.0,single/multi,human_bbox_annotation,2,ILSVRC2012_val_00042837.JPEG,pel fume,,1.0,reject,unclear_label,[],0,500.0,495.0,2026-08-31T13:13:52.302Z,2026-08-31T13:17:49.775Z
annotator_0021,session_0021,8.0,multi,human_bbox_annotation,2,ILSVRC2013_val_00000449.JPEG,"bowl, person",,2.0,reject,unclear_image,[],0,375.0,500.0,2026-08-31T13:14:01.630Z,2026-08-31T13:17:49.775Z
annotator_0021,session_0021,9.0,multi,human_bbox_annotation,2,ILSVRC2013_val_00003495.JPEG,"baby bead, filing cabinet, stove, desk",,4.0,reject,unclear_label,[],0,500.0,375.0,2026-08-31T13:14:08.756Z,2026-08-31T13:17:49.775Z
annotator_0021,session_0021,10.0,multi,human_bbox_annotation,2,ILSVRC2012_val_00004761.JPEG,"fowl, pearson, saxophone",,3.0,reject,unclear_image,[],0,500.0,500.0,2026-08-31T13:14:13.773Z,2026-08-31T13:17:49.775Z
annotator_0021,session_0021,11.0,udacity,human_bbox_annotation,2,1478020860712187115.jpg,car,,1.0,bbox,,"[[330,143,430,202]]",1,480.0,300.0,2026-08-31T13:14:21.205Z,2026-08-31T13:17:49.775Z
annotator_0021,session_0021,12.0,udacity,human_bbox_annotation,2,1478020280197384728.jpg,cap,,1.0,reject,unclear_label,[],0,480.0,300.0,2026-08-31T13:14:33.525Z,2026-08-31T13:17:49.775Z
annotator_0021,session_0021,13.0,udacity,human_bbox_annotation,2,1479501447174309879.jpg,cam,,1.0,reject,unclear_image,[],0,480.0,300.0,2026-08-31T13:14:37.756Z,2026-08-31T13:17:49.775Z
annotator_0021,session_0021,14.0,single/solo,human_bbox_annotation,2,ILSVRC2012_val_00012307.JPEG,bird,,1.0,bbox,,"[[123,37,310,315]]",1,443.0,500.0,2026-08-31T13:14:55.764Z,2026-08-31T13:17:49.775Z
annotator_0021,session_0021,15.0,single/solo,human_bbox_annotation,2,ILSVRC2012_val_00043873.JPEG,dig,,1.0,reject,unclear_label,[],0,500.0,375.0,2026-08-31T13:15:01.812Z,2026-08-31T13:17:49.775Z
annotator_0021,session_0021,16.0,single/solo,human_bbox_annotation,2,ILSVRC2012_val_00002595.JPEG,locomotive,,1.0,reject,unclear_label,[],0,500.0,375.0,2026-08-31T13:15:10.980Z,2026-08-31T13:17:49.775Z
annotator_0021,session_0021,17.0,single/multi,human_bbox_annotation,2,ILSVRC2012_val_00029698.JPEG,bird,,1.0,reject,unclear_image,[],0,500.0,375.0,2026-08-31T13:15:13.156Z,2026-08-31T13:17:49.775Z
annotator_0021,session_0021,18.0,single/multi,human_bbox_annotation,2,ILSVRC2013_val_00000008.JPEG,herd,,1.0,reject,unclear_label,[],0,500.0,334.0,2026-08-31T13:15:15.955Z,2026-08-31T13:17:49.775Z
annotator_0021,session_0021,19.0,single/multi,human_bbox_annotation,2,ILSVRC2012_val_00037937.JPEG,per fume,,1.0,reject,unclear_label,[],0,500.0,486.0,2026-08-31T13:15:22.571Z,2026-08-31T13:17:49.775Z
annotator_0021,session_0021,20.0,multi,human_bbox_annotation,2,ILSVRC2012_val_00003176.JPEG,"bench, dog",,2.0,reject,unclear_label,[],0,500.0,375.0,2026-08-31T13:15:25.171Z,2026-08-31T13:17:49.775Z
annotator_0021,session_0021,21.0,multi,human_bbox_annotation,2,ILSVRC2012_val_00016267.JPEG,"aple, reler",,2.0,reject,unclear_label,[],0,500.0,334.0,2026-08-31T13:15:32.074Z,2026-08-31T13:17:49.775Z
annotator_0021,session_0021,22.0,multi,human_bbox_annotation,2,ILSVRC2012_val_00047487.JPEG,"dug, person",,2.0,reject,unclear_label,[],0,400.0,290.0,2026-08-31T13:15:34.235Z,2026-08-31T13:17:49.775Z
annotator_0021,session_0021,23.0,udacity,human_bbox_annotation,2,1478895568695802824.jpg,car,,1.0,bbox,,"[[34,129,127,185]]",1,480.0,300.0,2026-08-31T13:15:41.274Z,2026-08-31T13:17:49.775Z
annotator_0021,session_0021,24.0,udacity,human_bbox_annotation,2,1478896071431847989.jpg,can,,1.0,reject,unclear_label,[],0,480.0,300.0,2026-08-31T13:15:45.058Z,2026-08-31T13:17:49.775Z
annotator_0021,session_0021,25.0,udacity,human_bbox_annotation,2,1479501431172538806.jpg,cam,,1.0,reject,unclear_image,[],0,480.0,300.0,2026-08-31T13:15:49.579Z,2026-08-31T13:17:49.775Z
annotator_0021,session_0021,26.0,single/solo,human_bbox_annotation,2,ILSVRC2012_val_00006233.JPEG,diaper,,1.0,reject,unclear_image,[],0,375.0,500.0,2026-08-31T13:15:54.675Z,2026-08-31T13:17:49.775Z
annotator_0021,session_0021,27.0,single/solo,human_bbox_annotation,2,ILSVRC2012_val_00026917.JPEG,butterfly,,1.0,bbox,,"[[205,107,439,324]]",1,500.0,443.0,2026-08-31T13:16:06.211Z,2026-08-31T13:17:49.775Z
annotator_0021,session_0021,28.0,single/solo,human_bbox_annotation,2,ILSVRC2012_val_00024314.JPEG,snake,,1.0,reject,unclear_image,[],0,640.0,480.0,2026-08-31T13:16:10.522Z,2026-08-31T13:17:49.775Z
annotator_0021,session_0021,29.0,single/multi,human_bbox_annotation,2,ILSVRC2012_val_00037816.JPEG,antelope,,1.0,reject,unclear_label,[],0,500.0,333.0,2026-08-31T13:16:13.793Z,2026-08-31T13:17:49.775Z
annotator_0021,session_0021,30.0,single/multi,human_bbox_annotation,2,ILSVRC2012_val_00002802.JPEG,bird,,1.0,bbox,,"[[135,2,483,403]]",1,500.0,385.0,2026-08-31T13:16:23.298Z,2026-08-31T13:17:49.775Z
annotator_0021,session_0021,31.0,single/multi,human_bbox_annotation,2,ILSVRC2012_val_00022295.JPEG,bench,,1.0,reject,unclear_image,[],0,500.0,442.0,2026-08-31T13:16:28.642Z,2026-08-31T13:17:49.775Z
annotator_0021,session_0021,32.0,multi,human_bbox_annotation,2,ILSVRC2012_val_00010502.JPEG,"plastic bag, pomegranate",,2.0,reject,unclear_image,[],0,500.0,356.0,2026-08-31T13:16:34.081Z,2026-08-31T13:17:49.775Z
annotator_0021,session_0021,33.0,multi,human_bbox_annotation,2,ILSVRC2012_val_00038249.JPEG,"bookshelf, disxwasher",,2.0,reject,unclear_label,[],0,590.0,892.0,2026-08-31T13:16:37.226Z,2026-08-31T13:17:49.775Z
annotator_0021,session_0021,34.0,multi,human_bbox_annotation,2,ILSVRC2012_val_00024444.JPEG,"bench, cello, chair, pe rson, piano",,5.0,reject,unclear_image,[],0,392.0,500.0,2026-08-31T13:16:41.617Z,2026-08-31T13:17:49.775Z
annotator_0021,session_0021,35.0,udacity,human_bbox_annotation,2,1478896071431847989.jpg,car,,1.0,reject,unclear_image,[],0,480.0,300.0,2026-08-31T13:16:46.448Z,2026-08-31T13:17:49.775Z
annotator_0021,session_0021,36.0,udacity,human_bbox_annotation,2,1479504312367157311.jpg,"automobilp, truck",,2.0,reject,unclear_image,[],0,480.0,300.0,2026-08-31T13:16:55.394Z,2026-08-31T13:17:49.775Z
annotator_0021,session_0021,37.0,udacity,human_bbox_annotation,2,1478898995863305961.jpg,automobile,,1.0,reject,unclear_image,[],0,480.0,300.0,2026-08-31T13:16:57.929Z,2026-08-31T13:17:49.775Z
annotator_0021,session_0021,38.0,single/solo,human_bbox_annotation,2,ILSVRC2012_val_00001314.JPEG,dog,,1.0,reject,unclear_label,[],0,500.0,375.0,2026-08-31T13:17:01.681Z,2026-08-31T13:17:49.775Z
annotator_0021,session_0021,39.0,single/solo,human_bbox_annotation,2,ILSVRC2012_val_00015173.JPEG,pooch,,1.0,reject,unclear_image,[],0,345.0,500.0,2026-08-31T13:17:09.897Z,2026-08-31T13:17:49.775Z
annotator_0021,session_0021,40.0,single/solo,human_bbox_annotation,2,ILSVRC2012_val_00017504.JPEG,perfume,,1.0,reject,unclear_image,[],0,260.0,375.0,2026-08-31T13:17:11.809Z,2026-08-31T13:17:49.775Z
annotator_0021,session_0021,41.0,single/multi,human_bbox_annotation,2,ILSVRC2012_val_00012301.JPEG,snake,,1.0,reject,unclear_label,[],0,430.0,500.0,2026-08-31T13:17:14.057Z,2026-08-31T13:17:49.775Z
annotator_0021,session_0021,42.0,single/multi,human_bbox_annotation,2,ILSVRC2012_val_00045966.JPEG,soap dispenser,,1.0,reject,unclear_image,[],0,499.0,500.0,2026-08-31T13:17:16.327Z,2026-08-31T13:17:49.775Z
annotator_0021,session_0021,43.0,single/multi,human_bbox_annotation,2,ILSVRC2012_val_00041903.JPEG,salt or pepper shaker,,1.0,reject,unclear_image,[],0,582.0,815.0,2026-08-31T13:17:18.520Z,2026-08-31T13:17:49.775Z
annotator_0021,session_0021,44.0,multi,human_bbox_annotation,2,ILSVRC2012_val_00005713.JPEG,"person, soccer ball",,2.0,bbox,,"[[83,8,222,212]]",1,300.0,225.0,2026-08-31T13:17:24.728Z,2026-08-31T13:17:49.775Z
annotator_0021,session_0021,45.0,multi,human_bbox_annotation,2,ILSVRC2012_val_00042150.JPEG,"car, individual, unicycle",,3.0,skip,,[],0,500.0,375.0,2026-08-31T13:17:36.040Z,2026-08-31T13:17:49.775Z
annotator_0021,session_0021,46.0,multi,human_bbox_annotation,2,ILSVRC2013_val_00001956.JPEG,"ucp or mug, strawberry, table",,3.0,reject,unclear_image,[],0,500.0,500.0,2026-08-31T13:17:38.255Z,2026-08-31T13:17:49.775Z
annotator_0021,session_0021,47.0,udacity,human_bbox_annotation,2,1478020280197384728.jpg,car,,1.0,reject,unclear_image,[],0,480.0,300.0,2026-08-31T13:17:39.647Z,2026-08-31T13:17:49.775Z
annotator_0021,session_0021,48.0,udacity,human_bbox_annotation,2,1479500700123235425.jpg,truck,,1.0,reject,unclear_image,[],0,480.0,300.0,2026-08-31T13:17:41.462Z,2026-08-31T13:17:49.775Z
annotator_0021,session_0021,49.0,udacity,human_bbox_annotation,2,1479501447174309879.jpg,car,,1.0,bbox,,"[[18,81,376,258]]",1,480.0,300.0,2026-08-31T13:17:46.623Z,2026-08-31T13:17:49.775Z
annotator_0022,session_0022,,single/solo,human_bbox_annotation,1,ILSVRC2012_val_00032560.JPEG,beaker,,1.0,reject,unclear_image,[],0,334.0,500.0,2026-08-31T13:13:18.500Z,2026-08-31T13:19:10.889Z
annotator_0022,session_0022,1.0,single/solo,human_bbox_annotation,1,ILSVRC2012_val_00031771.JPEG,crooked ball,,1.0,reject,unclear_label,[],0,500.0,333.0,2026-08-31T13:13:24.811Z,2026-08-31T13:19:10.889Z
annotator_0022,session_0022,2.0,single/solo,human_bbox_annotation,1,ILSVRC2012_val_00043730.JPEG,behr,,1.0,reject,unclear_label,[],0,350.0,252.0,2026-08-31T13:13:29.394Z,2026-08-31T13:19:10.889Z
annotator_0022,session_0022,3.0,single/multi,human_bbox_annotation,1,ILSVRC2012_val_00019305.JPEG,dog,,1.0,reject,unclear_image,[],0,500.0,375.0,2026-08-31T13:13:33.763Z,2026-08-31T13:19:10.889Z
annotator_0022,session_0022,4.0,single/multi,human_bbox_annotation,1,ILSVRC2012_val_00045966.JPEG,sopa dis𝕡enser,,1.0,reject,unclear_label,[],0,499.0,500.0,2026-08-31T13:13:40.164Z,2026-08-31T13:19:10.889Z
annotator_0022,session_0022,5.0,single/multi,human_bbox_annotation,1,ILSVRC2012_val_00035612.JPEG,mno key,,1.0,reject,unclear_label,[],0,500.0,500.0,2026-08-31T13:13:45.532Z,2026-08-31T13:19:10.889Z
annotator_0022,session_0022,6.0,multi,human_bbox_annotation,1,ILSVRC2012_val_00003176.JPEG,"bench, dog",,2.0,reject,unclear_image,[],0,500.0,375.0,2026-08-31T13:13:50.245Z,2026-08-31T13:19:10.889Z
annotator_0022,session_0022,7.0,multi,human_bbox_annotation,1,ILSVRC2012_val_00012739.JPEG,"dug, pe rson",,2.0,reject,unclear_label,[],0,500.0,375.0,2026-08-31T13:13:54.493Z,2026-08-31T13:19:10.889Z
annotator_0022,session_0022,8.0,multi,human_bbox_annotation,1,ILSVRC2012_val_00048612.JPEG,"my crow phone, pearson",,2.0,reject,unclear_label,[],0,500.0,424.0,2026-08-31T13:13:58.435Z,2026-08-31T13:19:10.889Z
annotator_0022,session_0022,9.0,udacity,human_bbox_annotation,1,1479501447174309879.jpg,car,,1.0,reject,unclear_image,[],0,480.0,300.0,2026-08-31T13:14:02.723Z,2026-08-31T13:19:10.889Z
annotator_0022,session_0022,10.0,udacity,human_bbox_annotation,1,1478896670714322051.jpg,cer,,1.0,reject,unclear_label,[],0,480.0,300.0,2026-08-31T13:14:11.420Z,2026-08-31T13:19:10.889Z
annotator_0022,session_0022,11.0,udacity,human_bbox_annotation,1,1479500714623724165.jpg,car,,1.0,reject,unclear_image,[],0,480.0,300.0,2026-08-31T13:14:15.076Z,2026-08-31T13:19:10.889Z
annotator_0022,session_0022,12.0,single/solo,human_bbox_annotation,1,ILSVRC2012_val_00047636.JPEG,flower pot,,1.0,reject,unclear_label,[],0,380.0,500.0,2026-08-31T13:14:30.796Z,2026-08-31T13:19:10.889Z
annotator_0022,session_0022,13.0,single/solo,human_bbox_annotation,1,ILSVRC2012_val_00030868.JPEG,dig,,1.0,reject,unclear_label,[],0,500.0,375.0,2026-08-31T13:14:35.402Z,2026-08-31T13:19:10.889Z
annotator_0022,session_0022,14.0,single/solo,human_bbox_annotation,1,ILSVRC2012_val_00014439.JPEG,Ιizaⲅd,,1.0,bbox,,"[[128,68,497,362]]",1,500.0,375.0,2026-08-31T13:14:59.244Z,2026-08-31T13:19:10.889Z
annotator_0022,session_0022,15.0,single/multi,human_bbox_annotation,1,ILSVRC2012_val_00008726.JPEG,fox,,1.0,bbox,,"[[66,22,422,317]]",1,500.0,357.0,2026-08-31T13:15:07.476Z,2026-08-31T13:19:10.889Z
annotator_0022,session_0022,16.0,single/multi,human_bbox_annotation,1,ILSVRC2012_val_00007527.JPEG,dot,,1.0,reject,unclear_label,[],0,500.0,375.0,2026-08-31T13:15:19.437Z,2026-08-31T13:19:10.889Z
annotator_0022,session_0022,17.0,single/multi,human_bbox_annotation,1,ILSVRC2012_val_00008877.JPEG,monkey,,1.0,reject,unclear_image,[],0,350.0,230.0,2026-08-31T13:15:29.500Z,2026-08-31T13:19:10.889Z
annotator_0022,session_0022,18.0,multi,human_bbox_annotation,1,ILSVRC2012_val_00028881.JPEG,"dog, person",,2.0,reject,unclear_image,[],0,859.0,878.0,2026-08-31T13:15:36.460Z,2026-08-31T13:19:10.889Z
annotator_0022,session_0022,19.0,multi,human_bbox_annotation,1,ILSVRC2013_val_00001603.JPEG,"pizz𝝰, strawberry",,2.0,reject,unclear_label,[],0,500.0,500.0,2026-08-31T13:15:47.613Z,2026-08-31T13:19:10.889Z
annotator_0022,session_0022,20.0,multi,human_bbox_annotation,1,ILSVRC2013_val_00003860.JPEG,"digital clock, pearson",,2.0,reject,unclear_label,[],0,500.0,500.0,2026-08-31T13:15:52.206Z,2026-08-31T13:19:10.889Z
annotator_0022,session_0022,21.0,udacity,human_bbox_annotation,1,1478020860712187115.jpg,car,,1.0,bbox,,"[[330,141,408,193]]",1,480.0,300.0,2026-08-31T13:15:59.534Z,2026-08-31T13:19:10.889Z
annotator_0022,session_0022,22.0,udacity,human_bbox_annotation,1,1479501447174309879.jpg,cam,,1.0,reject,unclear_image,[],0,480.0,300.0,2026-08-31T13:16:07.286Z,2026-08-31T13:19:10.889Z
annotator_0022,session_0022,23.0,udacity,human_bbox_annotation,1,1479500715624185918.jpg,cap,,1.0,reject,unclear_image,[],0,480.0,300.0,2026-08-31T13:16:11.958Z,2026-08-31T13:19:10.889Z
annotator_0022,session_0022,24.0,single/solo,human_bbox_annotation,1,ILSVRC2012_val_00017187.JPEG,rabbit,,1.0,reject,unclear_image,[],0,500.0,375.0,2026-08-31T13:16:15.734Z,2026-08-31T13:19:10.889Z
annotator_0022,session_0022,25.0,single/solo,human_bbox_annotation,1,ILSVRC2013_val_00004426.JPEG,koala bear,,1.0,reject,unclear_label,[],0,332.0,500.0,2026-08-31T13:16:26.500Z,2026-08-31T13:19:10.889Z
annotator_0022,session_0022,26.0,single/solo,human_bbox_annotation,1,ILSVRC2012_val_00002595.JPEG,train,,1.0,reject,unclear_image,[],0,500.0,375.0,2026-08-31T13:16:30.604Z,2026-08-31T13:19:10.889Z
annotator_0022,session_0022,27.0,single/multi,human_bbox_annotation,1,ILSVRC2012_val_00018436.JPEG,antelope,,1.0,reject,unclear_image,[],0,500.0,339.0,2026-08-31T13:16:32.421Z,2026-08-31T13:19:10.889Z
annotator_0022,session_0022,28.0,single/multi,human_bbox_annotation,1,ILSVRC2012_val_00024424.JPEG,hammer,,1.0,reject,unclear_label,[],0,500.0,500.0,2026-08-31T13:16:39.293Z,2026-08-31T13:19:10.889Z
annotator_0022,session_0022,29.0,single/multi,human_bbox_annotation,1,ILSVRC2013_val_00003790.JPEG,pearson,,1.0,reject,unclear_label,[],0,500.0,333.0,2026-08-31T13:16:44.477Z,2026-08-31T13:19:10.889Z
annotator_0022,session_0022,30.0,multi,human_bbox_annotation,1,ILSVRC2013_val_00002848.JPEG,"bookshelf, chair, refrigerator, table",,4.0,reject,unclear_label,[],0,500.0,297.0,2026-08-31T13:16:47.671Z,2026-08-31T13:19:10.889Z
annotator_0022,session_0022,31.0,multi,human_bbox_annotation,1,ILSVRC2012_val_00042150.JPEG,"car, person, unicycle",,3.0,reject,unclear_label,[],0,500.0,375.0,2026-08-31T13:16:53.030Z,2026-08-31T13:19:10.889Z
annotator_0022,session_0022,32.0,multi,human_bbox_annotation,1,ILSVRC2012_val_00010502.JPEG,"plastic bag, pomegranate",,2.0,reject,unclear_image,[],0,500.0,356.0,2026-08-31T13:16:59.126Z,2026-08-31T13:19:10.889Z
annotator_0022,session_0022,33.0,udacity,human_bbox_annotation,1,1478898995863305961.jpg,car,,1.0,bbox,,"[[137,117,258,213]]",1,480.0,300.0,2026-08-31T13:17:07.183Z,2026-08-31T13:19:10.889Z
annotator_0022,session_0022,34.0,udacity,human_bbox_annotation,1,1478898324025854293.jpg,"car, pedestrian",,2.0,bbox,,"[[65,102,252,271]]",1,480.0,300.0,2026-08-31T13:17:54.504Z,2026-08-31T13:19:10.889Z
annotator_0022,session_0022,35.0,udacity,human_bbox_annotation,1,1478898087511960878.jpg,"car, truck",,2.0,reject,unclear_image,[],0,480.0,300.0,2026-08-31T13:17:56.264Z,2026-08-31T13:19:10.889Z
annotator_0022,session_0022,36.0,single/solo,human_bbox_annotation,1,ILSVRC2012_val_00029161.JPEG,monkey,,1.0,bbox,,"[[113,37,229,221]]",1,420.0,280.0,2026-08-31T13:18:01.432Z,2026-08-31T13:19:10.889Z
annotator_0022,session_0022,37.0,single/solo,human_bbox_annotation,1,ILSVRC2012_val_00039247.JPEG,pooch,,1.0,reject,unclear_label,[],0,500.0,421.0,2026-08-31T13:18:26.070Z,2026-08-31T13:19:10.889Z
annotator_0022,session_0022,38.0,single/solo,human_bbox_annotation,1,ILSVRC2012_val_00029356.JPEG,bird,,1.0,bbox,,"[[125,204,247,421]]",1,480.0,500.0,2026-08-31T13:18:30.335Z,2026-08-31T13:19:10.889Z
annotator_0022,session_0022,39.0,single/multi,human_bbox_annotation,1,ILSVRC2012_val_00018599.JPEG,corkscrew,,1.0,reject,unclear_image,[],0,919.0,1024.0,2026-08-31T13:18:32.222Z,2026-08-31T13:19:10.889Z
annotator_0022,session_0022,42.0,single/multi,human_bbox_annotation,1,ILSVRC2012_val_00042837.JPEG,per𝐟ume,,1.0,reject,unclear_label,[],0,500.0,495.0,2026-08-31T13:18:40.519Z,2026-08-31T13:19:10.889Z
annotator_0022,session_0022,43.0,single/multi,human_bbox_annotation,1,ILSVRC2012_val_00016527.JPEG,car,,1.0,bbox,,"[[55,95,449,342]]",1,500.0,375.0,2026-08-31T13:18:44.519Z,2026-08-31T13:19:10.889Z
annotator_0022,session_0022,44.0,multi,human_bbox_annotation,1,ILSVRC2012_val_00030479.JPEG,"dog, person",,2.0,skip,,[],0,500.0,375.0,2026-08-31T13:18:50.383Z,2026-08-31T13:19:10.889Z
annotator_0022,session_0022,45.0,multi,human_bbox_annotation,1,ILSVRC2012_val_00038720.JPEG,"elephant, person",,2.0,bbox,,"[[72,18,232,267]]",1,350.0,250.0,2026-08-31T13:18:57.335Z,2026-08-31T13:19:10.889Z
annotator_0022,session_0022,46.0,multi,human_bbox_annotation,1,ILSVRC2012_val_00015213.JPEG,"dog, person",,2.0,reject,unclear_image,[],0,483.0,500.0,2026-08-31T13:18:59.481Z,2026-08-31T13:19:10.889Z
annotator_0022,session_0022,47.0,udacity,human_bbox_annotation,1,1478896071431847989.jpg,car,,1.0,reject,unclear_image,[],0,480.0,300.0,2026-08-31T13:19:02.368Z,2026-08-31T13:19:10.889Z
annotator_0022,session_0022,48.0,udacity,human_bbox_annotation,1,1478020369195764352.jpg,car,,1.0,reject,unclear_image,[],0,480.0,300.0,2026-08-31T13:19:04.553Z,2026-08-31T13:19:10.889Z
annotator_0022,session_0022,49.0,udacity,human_bbox_annotation,1,1479505730961910134.jpg,car,,1.0,bbox,,"[[149,70,370,270]]",1,480.0,300.0,2026-08-31T13:19:09.105Z,2026-08-31T13:19:10.889Z
annotator_0023,session_0023,,single/solo,human_bbox_annotation,3,ILSVRC2012_val_00006233.JPEG,diaper,,1.0,bbox,,"[[143,220,242,342]]",1,375.0,500.0,2026-08-31T13:12:22.865Z,2026-08-31T13:19:48.951Z
annotator_0023,session_0023,1.0,single/solo,human_bbox_annotation,3,ILSVRC2012_val_00010994.JPEG,dot,,1.0,bbox,,"[[76,183,112,220]]",1,500.0,375.0,2026-08-31T13:12:31.026Z,2026-08-31T13:19:48.951Z
annotator_0023,session_0023,2.0,single/solo,human_bbox_annotation,3,ILSVRC2012_val_00047845.JPEG,sneak,,1.0,reject,unclear_label,[],0,500.0,375.0,2026-08-31T13:12:34.450Z,2026-08-31T13:19:48.951Z
annotator_0023,session_0023,3.0,single/multi,human_bbox_annotation,3,ILSVRC2012_val_00041903.JPEG,salt or pepper shaker,,1.0,bbox,,"[[70,290,450,802]]",1,582.0,815.0,2026-08-31T13:12:38.546Z,2026-08-31T13:19:48.951Z
annotator_0023,session_0023,4.0,single/multi,human_bbox_annotation,3,ILSVRC2012_val_00044520.JPEG,iuod,,1.0,reject,unclear_label,[],0,500.0,241.0,2026-08-31T13:12:44.273Z,2026-08-31T13:19:48.951Z
annotator_0023,session_0023,5.0,single/multi,human_bbox_annotation,3,ILSVRC2012_val_00004401.JPEG,islpod,,1.0,skip,,[],0,375.0,500.0,2026-08-31T13:12:57.658Z,2026-08-31T13:19:48.951Z
annotator_0023,session_0023,6.0,multi,human_bbox_annotation,3,ILSVRC2012_val_00022857.JPEG,"dog, person",,2.0,bbox,,"[[-26,119,268,360],[307,110,453,305],[347,4,539,381]]",3,500.0,375.0,2026-08-31T13:14:04.635Z,2026-08-31T13:19:48.951Z
annotator_0023,session_0023,7.0,multi,human_bbox_annotation,3,ILSVRC2012_val_00039154.JPEG,"pirson, racket",,2.0,bbox,,"[[262,195,379,372]]",1,500.0,376.0,2026-08-31T13:14:12.178Z,2026-08-31T13:19:48.951Z
annotator_0023,session_0023,8.0,multi,human_bbox_annotation,3,ILSVRC2012_val_00030479.JPEG,"dog, individual",,2.0,reject,unclear_image,[],0,500.0,375.0,2026-08-31T13:14:18.115Z,2026-08-31T13:19:48.951Z
annotator_0023,session_0023,9.0,udacity,human_bbox_annotation,3,1479501431172538806.jpg,car,,1.0,bbox,,"[[119,86,441,212]]",1,480.0,300.0,2026-08-31T13:14:22.282Z,2026-08-31T13:19:48.951Z
annotator_0023,session_0023,10.0,udacity,human_bbox_annotation,3,1479501447174309879.jpg,cab,,1.0,reject,unclear_label,[],0,480.0,300.0,2026-08-31T13:14:37.763Z,2026-08-31T13:19:48.951Z
annotator_0023,session_0023,11.0,udacity,human_bbox_annotation,3,1479503322799978016.jpg,car,,1.0,bbox,,"[[141,90,331,232],[386,110,507,218],[-13,115,100,219]]",3,480.0,300.0,2026-08-31T13:14:50.611Z,2026-08-31T13:19:48.951Z
annotator_0023,session_0023,12.0,single/solo,human_bbox_annotation,3,ILSVRC2012_val_00031771.JPEG,croquet ball,,1.0,bbox,,"[[172,132,308,233]]",1,500.0,333.0,2026-08-31T13:14:55.067Z,2026-08-31T13:19:48.951Z
annotator_0023,session_0023,14.0,single/solo,human_bbox_annotation,3,ILSVRC2012_val_00032258.JPEG,golf fihs,,1.0,bbox,,"[[132,129,453,304]]",1,500.0,375.0,2026-08-31T13:15:14.107Z,2026-08-31T13:19:48.951Z
annotator_0023,session_0023,15.0,single/solo,human_bbox_annotation,3,ILSVRC2012_val_00013465.JPEG,hippopotamus,,1.0,bbox,,"[[48,146,264,302]]",1,396.0,500.0,2026-08-31T13:15:18.780Z,2026-08-31T13:19:48.951Z
annotator_0023,session_0023,16.0,single/multi,human_bbox_annotation,3,ILSVRC2012_val_00048808.JPEG,isopod,,1.0,reject,unclear_label,[],0,500.0,375.0,2026-08-31T13:15:23.915Z,2026-08-31T13:19:48.951Z
annotator_0023,session_0023,17.0,single/multi,human_bbox_annotation,3,ILSVRC2012_val_00039027.JPEG,dot,,1.0,reject,unclear_image,[],0,500.0,375.0,2026-08-31T13:15:31.699Z,2026-08-31T13:19:48.951Z
annotator_0023,session_0023,18.0,single/multi,human_bbox_annotation,3,ILSVRC2012_val_00039795.JPEG,bare,,1.0,bbox,,"[[111,7,253,110],[46,46,147,138]]",2,250.0,168.0,2026-08-31T13:15:39.700Z,2026-08-31T13:19:48.951Z
annotator_0023,session_0023,19.0,multi,human_bbox_annotation,3,ILSVRC2012_val_00004709.JPEG,"brassiere, person",,2.0,bbox,,"[[52,50,272,496]]",1,338.0,500.0,2026-08-31T13:15:43.668Z,2026-08-31T13:19:48.951Z
annotator_0023,session_0023,20.0,multi,human_bbox_annotation,3,ILSVRC2012_val_00006695.JPEG,"bow tie, ob oe, pearspn",,3.0,reject,unclear_label,[],0,867.0,996.0,2026-08-31T13:15:48.667Z,2026-08-31T13:19:48.951Z
annotator_0023,session_0023,21.0,multi,human_bbox_annotation,3,ILSVRC2012_val_00004048.JPEG,"croquet ball, flower pot, ping-pong ball",,3.0,bbox,,"[[174,223,229,354],[-18,184,86,274]]",2,375.0,500.0,2026-08-31T13:16:11.196Z,2026-08-31T13:19:48.951Z
annotator_0023,session_0023,22.0,udacity,human_bbox_annotation,3,1478896071431847989.jpg,car,,1.0,bbox,,"[[399,54,530,226]]",1,480.0,300.0,2026-08-31T13:16:14.708Z,2026-08-31T13:19:48.951Z
annotator_0023,session_0023,23.0,udacity,human_bbox_annotation,3,1478898995863305961.jpg,can,,1.0,reject,unclear_label,[],0,480.0,300.0,2026-08-31T13:16:16.732Z,2026-08-31T13:19:48.951Z
annotator_0023,session_0023,24.0,udacity,human_bbox_annotation,3,1478898087511960878.jpg,"car, track",,2.0,bbox,,"[[56,80,246,216],[261,41,466,205]]",2,480.0,300.0,2026-08-31T13:16:22.564Z,2026-08-31T13:19:48.951Z
annotator_0023,session_0023,25.0,single/solo,human_bbox_annotation,3,ILSVRC2013_val_00004426.JPEG,koala bear,,1.0,bbox,,"[[88,82,257,494]]",1,332.0,500.0,2026-08-31T13:16:32.644Z,2026-08-31T13:19:48.951Z
annotator_0023,session_0023,26.0,single/solo,human_bbox_annotation,3,ILSVRC2013_val_00004383.JPEG,person,,1.0,bbox,,"[[13,37,302,449]]",1,333.0,500.0,2026-08-31T13:16:37.876Z,2026-08-31T13:19:48.951Z
annotator_0023,session_0023,28.0,single/solo,human_bbox_annotation,3,ILSVRC2012_val_00043661.JPEG,sal t or pepper shaker,,1.0,bbox,,"[[67,28,288,426]]",1,380.0,571.0,2026-08-31T13:16:46.508Z,2026-08-31T13:19:48.951Z
annotator_0023,session_0023,29.0,single/multi,human_bbox_annotation,3,ILSVRC2012_val_00029698.JPEG,bird,,1.0,bbox,,"[[261,35,437,270],[172,68,282,144]]",2,500.0,375.0,2026-08-31T13:16:55.389Z,2026-08-31T13:19:48.951Z
annotator_0023,session_0023,30.0,single/multi,human_bbox_annotation,3,ILSVRC2013_val_00001740.JPEG,bicycl e,,1.0,bbox,,"[[240,230,340,344],[251,190,352,261]]",2,333.0,500.0,2026-08-31T13:17:07.317Z,2026-08-31T13:19:48.951Z
annotator_0023,session_0023,31.0,single/multi,human_bbox_annotation,3,ILSVRC2012_val_00035151.JPEG,burd,,1.0,reject,unclear_label,[],0,500.0,384.0,2026-08-31T13:17:12.805Z,2026-08-31T13:19:48.951Z
annotator_0023,session_0023,32.0,multi,human_bbox_annotation,3,ILSVRC2012_val_00026051.JPEG,"bookshelf, dog",,2.0,bbox,,"[[27,28,380,90],[113,93,304,442]]",2,415.0,500.0,2026-08-31T13:17:22.077Z,2026-08-31T13:19:48.951Z
annotator_0023,session_0023,33.0,multi,human_bbox_annotation,3,ILSVRC2012_val_00018814.JPEG,"croquet ball, person, pingpogg bawl",,3.0,bbox,,"[[16,-9,123,282],[208,2,377,225],[407,25,487,150],[139,265,224,322]]",4,500.0,417.0,2026-08-31T13:17:33.701Z,2026-08-31T13:19:48.951Z
annotator_0023,session_0023,34.0,multi,human_bbox_annotation,3,ILSVRC2012_val_00004068.JPEG,"axe, person",,2.0,bbox,,"[[120,273,380,513],[-10,1,154,120]]",2,375.0,500.0,2026-08-31T13:17:40.445Z,2026-08-31T13:19:48.951Z
annotator_0023,session_0023,35.0,udacity,human_bbox_annotation,3,1478898087511960878.jpg,"car, truck",,2.0,bbox,,"[[34,110,239,235],[270,40,446,223]]",2,480.0,300.0,2026-08-31T13:17:47.342Z,2026-08-31T13:19:48.951Z
annotator_0023,session_0023,36.0,udacity,human_bbox_annotation,3,1478896071431847989.jpg,cav,,1.0,reject,unclear_label,[],0,480.0,300.0,2026-08-31T13:17:50.013Z,2026-08-31T13:19:48.951Z
annotator_0023,session_0023,37.0,udacity,human_bbox_annotation,3,1478895568695802824.jpg,car,,1.0,bbox,,"[[42,122,117,216]]",1,480.0,300.0,2026-08-31T13:17:53.589Z,2026-08-31T13:19:48.951Z
annotator_0023,session_0023,38.0,single/solo,human_bbox_annotation,3,ILSVRC2013_val_00001634.JPEG,table,,1.0,bbox,,"[[30,20,364,435]]",1,500.0,500.0,2026-08-31T13:17:57.790Z,2026-08-31T13:19:48.951Z
annotator_0023,session_0023,39.0,single/solo,human_bbox_annotation,3,ILSVRC2012_val_00026917.JPEG,butterfly,,1.0,bbox,,"[[187,101,426,338]]",1,500.0,443.0,2026-08-31T13:18:01.253Z,2026-08-31T13:19:48.951Z
annotator_0023,session_0023,40.0,single/solo,human_bbox_annotation,3,ILSVRC2012_val_00024314.JPEG,sneak,,1.0,reject,unclear_label,[],0,640.0,480.0,2026-08-31T13:18:04.094Z,2026-08-31T13:19:48.951Z
annotator_0023,session_0023,41.0,single/multi,human_bbox_annotation,3,ILSVRC2012_val_00035101.JPEG,zebra,,1.0,bbox,,"[[33,151,341,328],[347,53,541,312],[10,23,309,148]]",3,500.0,421.0,2026-08-31T13:18:23.595Z,2026-08-31T13:19:48.951Z
annotator_0023,session_0023,42.0,single/multi,human_bbox_annotation,3,ILSVRC2012_val_00035612.JPEG,mokney,,1.0,bbox,,"[[143,72,371,463]]",1,500.0,500.0,2026-08-31T13:18:35.259Z,2026-08-31T13:19:48.951Z
annotator_0023,session_0023,43.0,single/multi,human_bbox_annotation,3,ILSVRC2012_val_00035457.JPEG,cart,,1.0,bbox,,"[[186,133,606,319],[10,72,206,132]]",2,624.0,396.0,2026-08-31T13:18:43.643Z,2026-08-31T13:19:48.951Z
annotator_0023,session_0023,44.0,multi,human_bbox_annotation,3,ILSVRC2012_val_00035378.JPEG,"bird, dog",,2.0,bbox,,"[[82,102,346,282],[137,21,432,310]]",2,500.0,400.0,2026-08-31T13:18:51.899Z,2026-08-31T13:19:48.951Z
annotator_0023,session_0023,45.0,multi,human_bbox_annotation,3,ILSVRC2012_val_00044472.JPEG,"hat with a wide brim, person",,2.0,bbox,,"[[88,6,387,164],[16,96,377,469]]",2,375.0,500.0,2026-08-31T13:19:22.065Z,2026-08-31T13:19:48.951Z
annotator_0023,session_0023,46.0,multi,human_bbox_annotation,3,ILSVRC2013_val_00003860.JPEG,"digital clock, person",,2.0,bbox,,"[[256,40,458,442]]",1,500.0,500.0,2026-08-31T13:19:30.977Z,2026-08-31T13:19:48.951Z
annotator_0023,session_0023,47.0,udacity,human_bbox_annotation,3,1478732233783674595.jpg,car,,1.0,bbox,,"[[307,112,404,182],[153,128,214,171]]",2,480.0,300.0,2026-08-31T13:19:37.994Z,2026-08-31T13:19:48.951Z
annotator_0023,session_0023,48.0,udacity,human_bbox_annotation,3,1479501447174309879.jpg,car,,1.0,bbox,,"[[16,96,354,252]]",1,480.0,300.0,2026-08-31T13:19:41.553Z,2026-08-31T13:19:48.951Z
annotator_0023,session_0023,49.0,udacity,human_bbox_annotation,3,1479500714623724165.jpg,car,,1.0,bbox,,"[[69,130,170,195],[9,129,63,204]]",2,480.0,300.0,2026-08-31T13:19:46.962Z,2026-08-31T13:19:48.951Z
annotator_0024,session_0024,1.0,single/solo,human_bbox_annotation,2,ILSVRC2012_val_00047878.JPEG,bird,,1.0,reject,unclear_image,[],0,500.0,382.0,2026-08-31T13:19:37.424Z,2026-08-31T13:21:59.515Z
annotator_0024,session_0024,2.0,single/solo,human_bbox_annotation,2,ILSVRC2012_val_00028513.JPEG,𝛼ntelopz,,1.0,reject,unclear_label,[],0,500.0,344.0,2026-08-31T13:19:40.625Z,2026-08-31T13:21:59.515Z
annotator_0024,session_0024,3.0,single/solo,human_bbox_annotation,2,ILSVRC2012_val_00016909.JPEG,herd,,1.0,reject,unclear_label,[],0,500.0,375.0,2026-08-31T13:19:42.831Z,2026-08-31T13:21:59.515Z
annotator_0024,session_0024,4.0,single/multi,human_bbox_annotation,2,ILSVRC2012_val_00018599.JPEG,corkscrew,,1.0,reject,unclear_image,[],0,919.0,1024.0,2026-08-31T13:19:44.945Z,2026-08-31T13:21:59.515Z
annotator_0024,session_0024,5.0,single/multi,human_bbox_annotation,2,ILSVRC2012_val_00042837.JPEG,perfurne,,1.0,reject,unclear_label,[],0,500.0,495.0,2026-08-31T13:19:50.192Z,2026-08-31T13:21:59.515Z
annotator_0024,session_0024,6.0,single/multi,human_bbox_annotation,2,ILSVRC2012_val_00042837.JPEG,pel fume,,1.0,reject,unclear_label,[],0,500.0,495.0,2026-08-31T13:19:52.800Z,2026-08-31T13:21:59.515Z
annotator_0024,session_0024,7.0,multi,human_bbox_annotation,2,ILSVRC2013_val_00000449.JPEG,"bowl, person",,2.0,reject,unclear_label,[],0,375.0,500.0,2026-08-31T13:19:54.080Z,2026-08-31T13:21:59.515Z
annotator_0024,session_0024,8.0,multi,human_bbox_annotation,2,ILSVRC2013_val_00003495.JPEG,"baby bead, filing cabinet, stove, desk",,4.0,reject,unclear_label,[],0,500.0,375.0,2026-08-31T13:19:59.982Z,2026-08-31T13:21:59.515Z
annotator_0024,session_0024,9.0,multi,human_bbox_annotation,2,ILSVRC2012_val_00004761.JPEG,"fowl, pearson, saxophone",,3.0,reject,unclear_image,[],0,500.0,500.0,2026-08-31T13:20:01.656Z,2026-08-31T13:21:59.515Z
annotator_0024,session_0024,10.0,udacity,human_bbox_annotation,2,1478020860712187115.jpg,car,,1.0,bbox,,"[[323,143,426,193]]",1,480.0,300.0,2026-08-31T13:20:06.599Z,2026-08-31T13:21:59.515Z
annotator_0024,session_0024,11.0,udacity,human_bbox_annotation,2,1478020280197384728.jpg,cap,,1.0,reject,unclear_image,[],0,480.0,300.0,2026-08-31T13:20:07.982Z,2026-08-31T13:21:59.515Z
annotator_0024,session_0024,12.0,udacity,human_bbox_annotation,2,1479501447174309879.jpg,cam,,1.0,reject,unclear_image,[],0,480.0,300.0,2026-08-31T13:20:10.725Z,2026-08-31T13:21:59.515Z
annotator_0024,session_0024,13.0,single/solo,human_bbox_annotation,2,ILSVRC2012_val_00012307.JPEG,bird,,1.0,bbox,,"[[109,53,334,311]]",1,443.0,500.0,2026-08-31T13:20:15.711Z,2026-08-31T13:21:59.515Z
annotator_0024,session_0024,14.0,single/solo,human_bbox_annotation,2,ILSVRC2012_val_00043873.JPEG,dig,,1.0,reject,unclear_label,[],0,500.0,375.0,2026-08-31T13:20:19.222Z,2026-08-31T13:21:59.515Z
annotator_0024,session_0024,15.0,single/solo,human_bbox_annotation,2,ILSVRC2012_val_00002595.JPEG,locomotive,,1.0,reject,unclear_image,[],0,500.0,375.0,2026-08-31T13:20:20.782Z,2026-08-31T13:21:59.515Z
annotator_0024,session_0024,16.0,single/multi,human_bbox_annotation,2,ILSVRC2012_val_00029698.JPEG,bird,,1.0,bbox,,"[[102,12,405,339]]",1,500.0,375.0,2026-08-31T13:20:25.718Z,2026-08-31T13:21:59.515Z
annotator_0024,session_0024,17.0,single/multi,human_bbox_annotation,2,ILSVRC2013_val_00000008.JPEG,herd,,1.0,reject,unclear_label,[],0,500.0,334.0,2026-08-31T13:20:28.393Z,2026-08-31T13:21:59.515Z
annotator_0024,session_0024,18.0,single/multi,human_bbox_annotation,2,ILSVRC2012_val_00037937.JPEG,per fume,,1.0,reject,unclear_label,[],0,500.0,486.0,2026-08-31T13:20:32.256Z,2026-08-31T13:21:59.515Z
annotator_0024,session_0024,19.0,multi,human_bbox_annotation,2,ILSVRC2012_val_00003176.JPEG,"bench, dog",,2.0,reject,unclear_image,[],0,500.0,375.0,2026-08-31T13:20:33.840Z,2026-08-31T13:21:59.515Z
annotator_0024,session_0024,20.0,multi,human_bbox_annotation,2,ILSVRC2012_val_00016267.JPEG,"aple, reler",,2.0,reject,unclear_label,[],0,500.0,334.0,2026-08-31T13:20:36.080Z,2026-08-31T13:21:59.515Z
annotator_0024,session_0024,21.0,multi,human_bbox_annotation,2,ILSVRC2012_val_00047487.JPEG,"dug, person",,2.0,reject,unclear_image,[],0,400.0,290.0,2026-08-31T13:20:38.031Z,2026-08-31T13:21:59.515Z
annotator_0024,session_0024,22.0,udacity,human_bbox_annotation,2,1478895568695802824.jpg,car,,1.0,bbox,,"[[29,127,122,191]]",1,480.0,300.0,2026-08-31T13:20:42.479Z,2026-08-31T13:21:59.515Z
annotator_0024,session_0024,23.0,udacity,human_bbox_annotation,2,1478896071431847989.jpg,can,,1.0,reject,unclear_image,[],0,480.0,300.0,2026-08-31T13:20:44.087Z,2026-08-31T13:21:59.515Z
annotator_0024,session_0024,24.0,udacity,human_bbox_annotation,2,1479501431172538806.jpg,cam,,1.0,reject,unclear_image,[],0,480.0,300.0,2026-08-31T13:20:45.335Z,2026-08-31T13:21:59.515Z
annotator_0024,session_0024,25.0,single/solo,human_bbox_annotation,2,ILSVRC2012_val_00006233.JPEG,diaper,,1.0,reject,unclear_image,[],0,375.0,500.0,2026-08-31T13:20:47.119Z,2026-08-31T13:21:59.515Z
annotator_0024,session_0024,26.0,single/solo,human_bbox_annotation,2,ILSVRC2012_val_00026917.JPEG,butterfly,,1.0,bbox,,"[[213,119,451,332]]",1,500.0,443.0,2026-08-31T13:20:50.895Z,2026-08-31T13:21:59.515Z
annotator_0024,session_0024,27.0,single/solo,human_bbox_annotation,2,ILSVRC2012_val_00024314.JPEG,snake,,1.0,bbox,,"[[121,168,478,405]]",1,640.0,480.0,2026-08-31T13:20:56.214Z,2026-08-31T13:21:59.515Z
annotator_0024,session_0024,28.0,single/multi,human_bbox_annotation,2,ILSVRC2012_val_00037816.JPEG,antelope,,1.0,reject,unclear_image,[],0,500.0,333.0,2026-08-31T13:20:57.734Z,2026-08-31T13:21:59.515Z
annotator_0024,session_0024,29.0,single/multi,human_bbox_annotation,2,ILSVRC2012_val_00002802.JPEG,bird,,1.0,bbox,,"[[159,12,486,407]]",1,500.0,385.0,2026-08-31T13:21:05.454Z,2026-08-31T13:21:59.515Z
annotator_0024,session_0024,30.0,single/multi,human_bbox_annotation,2,ILSVRC2012_val_00022295.JPEG,bench,,1.0,reject,unclear_image,[],0,500.0,442.0,2026-08-31T13:21:06.934Z,2026-08-31T13:21:59.515Z
annotator_0024,session_0024,31.0,multi,human_bbox_annotation,2,ILSVRC2012_val_00010502.JPEG,"plastic bag, pomegranate",,2.0,reject,unclear_image,[],0,500.0,356.0,2026-08-31T13:21:08.253Z,2026-08-31T13:21:59.515Z
annotator_0024,session_0024,32.0,multi,human_bbox_annotation,2,ILSVRC2012_val_00038249.JPEG,"bookshelf, disxwasher",,2.0,reject,unclear_label,[],0,590.0,892.0,2026-08-31T13:21:11.805Z,2026-08-31T13:21:59.515Z
annotator_0024,session_0024,33.0,multi,human_bbox_annotation,2,ILSVRC2012_val_00024444.JPEG,"bench, cello, chair, pe rson, piano",,5.0,reject,unclear_image,[],0,392.0,500.0,2026-08-31T13:21:13.900Z,2026-08-31T13:21:59.515Z
annotator_0024,session_0024,34.0,udacity,human_bbox_annotation,2,1478896071431847989.jpg,car,,1.0,reject,unclear_image,[],0,480.0,300.0,2026-08-31T13:21:15.596Z,2026-08-31T13:21:59.515Z
annotator_0024,session_0024,35.0,udacity,human_bbox_annotation,2,1479504312367157311.jpg,"automobilp, truck",,2.0,reject,unclear_image,[],0,480.0,300.0,2026-08-31T13:21:16.974Z,2026-08-31T13:21:59.515Z
annotator_0024,session_0024,37.0,udacity,human_bbox_annotation,2,1478898995863305961.jpg,automobile,,1.0,reject,unclear_image,[],0,480.0,300.0,2026-08-31T13:21:21.333Z,2026-08-31T13:21:59.515Z
annotator_0024,session_0024,38.0,single/solo,human_bbox_annotation,2,ILSVRC2012_val_00001314.JPEG,dog,,1.0,bbox,,"[[163,73,425,227]]",1,500.0,375.0,2026-08-31T13:21:25.804Z,2026-08-31T13:21:59.515Z
annotator_0024,session_0024,39.0,single/solo,human_bbox_annotation,2,ILSVRC2012_val_00015173.JPEG,pooch,,1.0,reject,unclear_label,[],0,345.0,500.0,2026-08-31T13:21:28.486Z,2026-08-31T13:21:59.515Z
annotator_0024,session_0024,40.0,single/solo,human_bbox_annotation,2,ILSVRC2012_val_00017504.JPEG,perfume,,1.0,bbox,,"[[54,65,235,361]]",1,260.0,375.0,2026-08-31T13:21:33.790Z,2026-08-31T13:21:59.515Z
annotator_0024,session_0024,41.0,single/multi,human_bbox_annotation,2,ILSVRC2012_val_00012301.JPEG,snake,,1.0,skip,,[],0,430.0,500.0,2026-08-31T13:21:36.926Z,2026-08-31T13:21:59.515Z
annotator_0024,session_0024,42.0,single/multi,human_bbox_annotation,2,ILSVRC2012_val_00045966.JPEG,soap dispenser,,1.0,reject,unclear_image,[],0,499.0,500.0,2026-08-31T13:21:38.966Z,2026-08-31T13:21:59.515Z
annotator_0024,session_0024,43.0,single/multi,human_bbox_annotation,2,ILSVRC2012_val_00041903.JPEG,salt or pepper shaker,,1.0,reject,unclear_image,[],0,582.0,815.0,2026-08-31T13:21:40.750Z,2026-08-31T13:21:59.515Z
annotator_0024,session_0024,44.0,multi,human_bbox_annotation,2,ILSVRC2012_val_00005713.JPEG,"person, soccer ball",,2.0,bbox,,"[[95,17,235,253]]",1,300.0,225.0,2026-08-31T13:21:44.966Z,2026-08-31T13:21:59.515Z
annotator_0024,session_0024,45.0,multi,human_bbox_annotation,2,ILSVRC2012_val_00042150.JPEG,"car, individual, unicycle",,3.0,skip,,[],0,500.0,375.0,2026-08-31T13:21:47.805Z,2026-08-31T13:21:59.515Z
annotator_0024,session_0024,46.0,multi,human_bbox_annotation,2,ILSVRC2013_val_00001956.JPEG,"ucp or mug, strawberry, table",,3.0,reject,unclear_image,[],0,500.0,500.0,2026-08-31T13:21:49.637Z,2026-08-31T13:21:59.515Z
annotator_0024,session_0024,47.0,udacity,human_bbox_annotation,2,1478020280197384728.jpg,car,,1.0,reject,unclear_image,[],0,480.0,300.0,2026-08-31T13:21:51.021Z,2026-08-31T13:21:59.515Z
annotator_0024,session_0024,48.0,udacity,human_bbox_annotation,2,1479500700123235425.jpg,truck,,1.0,reject,unclear_image,[],0,480.0,300.0,2026-08-31T13:21:52.454Z,2026-08-31T13:21:59.515Z
annotator_0024,session_0024,49.0,udacity,human_bbox_annotation,2,1479501447174309879.jpg,car,,1.0,reject,unclear_image,[],0,480.0,300.0,2026-08-31T13:21:57.870Z,2026-08-31T13:21:59.515Z
annotator_0025,session_0025,1.0,single/solo,human_bbox_annotation,3,ILSVRC2012_val_00006233.JPEG,diaper,,1.0,reject,unclear_image,[],0,375.0,500.0,2026-08-31T13:13:58.769Z,2026-08-31T13:22:37.165Z
annotator_0025,session_0025,2.0,single/solo,human_bbox_annotation,3,ILSVRC2012_val_00010994.JPEG,dot,,1.0,skip,,[],0,500.0,375.0,2026-08-31T13:14:17.001Z,2026-08-31T13:22:37.165Z
annotator_0025,session_0025,3.0,single/solo,human_bbox_annotation,3,ILSVRC2012_val_00047845.JPEG,sneak,,1.0,bbox,,"[[27,155,405,300]]",1,500.0,375.0,2026-08-31T13:14:42.497Z,2026-08-31T13:22:37.165Z
annotator_0025,session_0025,4.0,single/multi,human_bbox_annotation,3,ILSVRC2012_val_00041903.JPEG,salt or pepper shaker,,1.0,reject,unclear_image,[],0,582.0,815.0,2026-08-31T13:14:51.064Z,2026-08-31T13:22:37.165Z
annotator_0025,session_0025,5.0,single/multi,human_bbox_annotation,3,ILSVRC2012_val_00044520.JPEG,iuod,,1.0,bbox,,"[[65,27,490,214]]",1,500.0,241.0,2026-08-31T13:15:08.544Z,2026-08-31T13:22:37.165Z
annotator_0025,session_0025,6.0,single/multi,human_bbox_annotation,3,ILSVRC2012_val_00004401.JPEG,islpod,,1.0,reject,unclear_image,[],0,375.0,500.0,2026-08-31T13:15:17.488Z,2026-08-31T13:22:37.165Z
annotator_0025,session_0025,7.0,multi,human_bbox_annotation,3,ILSVRC2012_val_00022857.JPEG,"dog, person",,2.0,bbox,,"[[42,96,392,355]]",1,500.0,375.0,2026-08-31T13:15:27.880Z,2026-08-31T13:22:37.165Z
annotator_0025,session_0025,8.0,multi,human_bbox_annotation,3,ILSVRC2012_val_00039154.JPEG,"pirson, racket",,2.0,bbox,,"[[268,193,370,377]]",1,500.0,376.0,2026-08-31T13:15:36.944Z,2026-08-31T13:22:37.165Z
annotator_0025,session_0025,9.0,multi,human_bbox_annotation,3,ILSVRC2012_val_00030479.JPEG,"dog, individual",,2.0,bbox,,"[[58,99,342,317]]",1,500.0,375.0,2026-08-31T13:16:06.248Z,2026-08-31T13:22:37.165Z
annotator_0025,session_0025,10.0,udacity,human_bbox_annotation,3,1479501431172538806.jpg,car,,1.0,reject,unclear_image,[],0,480.0,300.0,2026-08-31T13:16:10.592Z,2026-08-31T13:22:37.165Z
annotator_0025,session_0025,11.0,udacity,human_bbox_annotation,3,1479501447174309879.jpg,cab,,1.0,bbox,,"[[33,90,364,278]]",1,480.0,300.0,2026-08-31T13:16:20.536Z,2026-08-31T13:22:37.165Z
annotator_0025,session_0025,12.0,udacity,human_bbox_annotation,3,1479503322799978016.jpg,car,,1.0,bbox,,"[[-1,84,479,261]]",1,480.0,300.0,2026-08-31T13:16:35.233Z,2026-08-31T13:22:37.165Z
annotator_0025,session_0025,13.0,single/solo,human_bbox_annotation,3,ILSVRC2012_val_00031771.JPEG,croquet ball,,1.0,bbox,,"[[168,140,304,241]]",1,500.0,333.0,2026-08-31T13:16:43.000Z,2026-08-31T13:22:37.165Z
annotator_0025,session_0025,14.0,single/solo,human_bbox_annotation,3,ILSVRC2012_val_00032258.JPEG,golf fihs,,1.0,bbox,,"[[130,97,437,333]]",1,500.0,375.0,2026-08-31T13:16:59.167Z,2026-08-31T13:22:37.165Z
annotator_0025,session_0025,15.0,single/solo,human_bbox_annotation,3,ILSVRC2012_val_00013465.JPEG,hippopotamus,,1.0,bbox,,"[[46,158,292,428]]",1,396.0,500.0,2026-08-31T13:17:15.487Z,2026-08-31T13:22:37.165Z
annotator_0025,session_0025,16.0,single/multi,human_bbox_annotation,3,ILSVRC2012_val_00048808.JPEG,isopod,,1.0,reject,other,[],0,500.0,375.0,2026-08-31T13:17:23.655Z,2026-08-31T13:22:37.165Z
annotator_0025,session_0025,17.0,single/multi,human_bbox_annotation,3,ILSVRC2012_val_00039027.JPEG,dot,,1.0,reject,other,[],0,500.0,375.0,2026-08-31T13:17:30.319Z,2026-08-31T13:22:37.165Z
annotator_0025,session_0025,18.0,single/multi,human_bbox_annotation,3,ILSVRC2012_val_00039795.JPEG,bare,,1.0,bbox,,"[[40,12,224,156]]",1,250.0,168.0,2026-08-31T13:17:41.388Z,2026-08-31T13:22:37.165Z
annotator_0025,session_0025,19.0,multi,human_bbox_annotation,3,ILSVRC2012_val_00004709.JPEG,"brassiere, person",,2.0,bbox,,"[[58,44,317,491]]",1,338.0,500.0,2026-08-31T13:17:50.247Z,2026-08-31T13:22:37.165Z
annotator_0025,session_0025,20.0,multi,human_bbox_annotation,3,ILSVRC2012_val_00006695.JPEG,"bow tie, ob oe, pearspn",,3.0,bbox,,"[[197,318,530,979]]",1,867.0,996.0,2026-08-31T13:18:03.367Z,2026-08-31T13:22:37.165Z
annotator_0025,session_0025,21.0,multi,human_bbox_annotation,3,ILSVRC2012_val_00004048.JPEG,"croquet ball, flower pot, ping-pong ball",,3.0,bbox,,"[[49,50,319,402]]",1,375.0,500.0,2026-08-31T13:18:20.583Z,2026-08-31T13:22:37.165Z
annotator_0025,session_0025,22.0,udacity,human_bbox_annotation,3,1478896071431847989.jpg,car,,1.0,reject,other,[],0,480.0,300.0,2026-08-31T13:18:26.511Z,2026-08-31T13:22:37.165Z
annotator_0025,session_0025,23.0,udacity,human_bbox_annotation,3,1478898995863305961.jpg,can,,1.0,bbox,,"[[123,116,309,304]]",1,480.0,300.0,2026-08-31T13:18:31.879Z,2026-08-31T13:22:37.165Z
annotator_0025,session_0025,24.0,udacity,human_bbox_annotation,3,1478898087511960878.jpg,"car, track",,2.0,bbox,,"[[31,65,324,282]]",1,480.0,300.0,2026-08-31T13:18:43.327Z,2026-08-31T13:22:37.165Z
annotator_0025,session_0025,25.0,single/solo,human_bbox_annotation,3,ILSVRC2013_val_00004426.JPEG,koala bear,,1.0,bbox,,"[[65,95,324,465]]",1,332.0,500.0,2026-08-31T13:18:52.878Z,2026-08-31T13:22:37.165Z
annotator_0025,session_0025,26.0,single/solo,human_bbox_annotation,3,ILSVRC2013_val_00004383.JPEG,person,,1.0,bbox,,"[[47,28,303,487]]",1,333.0,500.0,2026-08-31T13:19:00.855Z,2026-08-31T13:22:37.165Z
annotator_0025,session_0025,27.0,single/solo,human_bbox_annotation,3,ILSVRC2012_val_00043661.JPEG,sal t or pepper shaker,,1.0,bbox,,"[[122,78,343,519]]",1,380.0,571.0,2026-08-31T13:19:06.447Z,2026-08-31T13:22:37.165Z
annotator_0025,session_0025,28.0,single/multi,human_bbox_annotation,3,ILSVRC2012_val_00029698.JPEG,bird,,1.0,bbox,,"[[143,41,447,317]]",1,500.0,375.0,2026-08-31T13:19:13.686Z,2026-08-31T13:22:37.165Z
annotator_0025,session_0025,29.0,single/multi,human_bbox_annotation,3,ILSVRC2013_val_00001740.JPEG,bicycl e,,1.0,bbox,,"[[226,202,343,356]]",1,333.0,500.0,2026-08-31T13:19:19.535Z,2026-08-31T13:22:37.165Z
annotator_0025,session_0025,30.0,single/multi,human_bbox_annotation,3,ILSVRC2012_val_00035151.JPEG,burd,,1.0,reject,unclear_image,[],0,500.0,384.0,2026-08-31T13:19:26.783Z,2026-08-31T13:22:37.165Z
annotator_0025,session_0025,31.0,multi,human_bbox_annotation,3,ILSVRC2012_val_00026051.JPEG,"bookshelf, dog",,2.0,bbox,,"[[84,65,382,401]]",1,415.0,500.0,2026-08-31T13:19:35.894Z,2026-08-31T13:22:37.165Z
annotator_0025,session_0025,32.0,multi,human_bbox_annotation,3,ILSVRC2012_val_00018814.JPEG,"croquet ball, person, pingpogg bawl",,3.0,bbox,,"[[126,35,380,384]]",1,500.0,417.0,2026-08-31T13:19:43.550Z,2026-08-31T13:22:37.165Z
annotator_0025,session_0025,33.0,multi,human_bbox_annotation,3,ILSVRC2012_val_00004068.JPEG,"axe, person",,2.0,reject,other,[],0,375.0,500.0,2026-08-31T13:19:47.782Z,2026-08-31T13:22:37.165Z
annotator_0025,session_0025,34.0,udacity,human_bbox_annotation,3,1478898087511960878.jpg,"car, truck",,2.0,bbox,,"[[61,33,451,346]]",1,480.0,300.0,2026-08-31T13:19:52.894Z,2026-08-31T13:22:37.165Z
annotator_0025,session_0025,35.0,udacity,human_bbox_annotation,3,1478896071431847989.jpg,cav,,1.0,reject,other,[],0,480.0,300.0,2026-08-31T13:19:56.942Z,2026-08-31T13:22:37.165Z
annotator_0025,session_0025,36.0,udacity,human_bbox_annotation,3,1478895568695802824.jpg,car,,1.0,bbox,,"[[32,135,101,231]]",1,480.0,300.0,2026-08-31T13:20:03.014Z,2026-08-31T13:22:37.165Z
annotator_0025,session_0025,37.0,single/solo,human_bbox_annotation,3,ILSVRC2013_val_00001634.JPEG,table,,1.0,bbox,,"[[22,32,444,489]]",1,500.0,500.0,2026-08-31T13:20:11.246Z,2026-08-31T13:22:37.165Z
annotator_0025,session_0025,38.0,single/solo,human_bbox_annotation,3,ILSVRC2012_val_00026917.JPEG,butterfly,,1.0,bbox,,"[[223,112,450,337]]",1,500.0,443.0,2026-08-31T13:20:17.735Z,2026-08-31T13:22:37.165Z
annotator_0025,session_0025,39.0,single/solo,human_bbox_annotation,3,ILSVRC2012_val_00024314.JPEG,sneak,,1.0,bbox,,"[[154,182,481,386]]",1,640.0,480.0,2026-08-31T13:20:26.006Z,2026-08-31T13:22:37.165Z
annotator_0025,session_0025,40.0,single/multi,human_bbox_annotation,3,ILSVRC2012_val_00035101.JPEG,zebra,,1.0,bbox,,"[[37,25,471,381]]",1,500.0,421.0,2026-08-31T13:20:39.623Z,2026-08-31T13:22:37.165Z
annotator_0025,session_0025,41.0,single/multi,human_bbox_annotation,3,ILSVRC2012_val_00035612.JPEG,mokney,,1.0,bbox,,"[[129,53,385,534]]",1,500.0,500.0,2026-08-31T13:20:44.150Z,2026-08-31T13:22:37.165Z
annotator_0025,session_0025,42.0,single/multi,human_bbox_annotation,3,ILSVRC2012_val_00035457.JPEG,cart,,1.0,bbox,,"[[68,160,588,351],[11,54,252,177]]",2,624.0,396.0,2026-08-31T13:21:00.742Z,2026-08-31T13:22:37.165Z
annotator_0025,session_0025,43.0,multi,human_bbox_annotation,3,ILSVRC2012_val_00035378.JPEG,"bird, dog",,2.0,bbox,,"[[100,58,405,347]]",1,500.0,400.0,2026-08-31T13:21:07.846Z,2026-08-31T13:22:37.165Z
annotator_0025,session_0025,44.0,multi,human_bbox_annotation,3,ILSVRC2012_val_00044472.JPEG,"hat with a wide brim, person",,2.0,bbox,,"[[74,0,370,121]]",1,375.0,500.0,2026-08-31T13:21:22.453Z,2026-08-31T13:22:37.165Z
annotator_0025,session_0025,45.0,multi,human_bbox_annotation,3,ILSVRC2013_val_00003860.JPEG,"digital clock, person",,2.0,bbox,,"[[117,247,317,396]]",1,500.0,500.0,2026-08-31T13:21:41.342Z,2026-08-31T13:22:37.165Z
annotator_0025,session_0025,46.0,udacity,human_bbox_annotation,3,1478732233783674595.jpg,car,,1.0,reject,unclear_image,[],0,480.0,300.0,2026-08-31T13:21:44.725Z,2026-08-31T13:22:37.165Z
annotator_0025,session_0025,48.0,udacity,human_bbox_annotation,3,1479501447174309879.jpg,car,,1.0,bbox,,"[[11,72,386,255]]",1,480.0,300.0,2026-08-31T13:22:29.109Z,2026-08-31T13:22:37.165Z
annotator_0025,session_0025,49.0,udacity,human_bbox_annotation,3,1479500714623724165.jpg,car,,1.0,bbox,,"[[44,108,217,253]]",1,480.0,300.0,2026-08-31T13:22:34.813Z,2026-08-31T13:22:37.165Z
annotator_0026,session_0026,,single/solo,human_bbox_annotation,3,ILSVRC2012_val_00006233.JPEG,diaper,,1.0,skip,,[],0,375.0,500.0,2026-08-31T13:16:10.197Z,2026-08-31T13:23:31.235Z
annotator_0026,session_0026,1.0,single/solo,human_bbox_annotation,3,ILSVRC2012_val_00010994.JPEG,dot,,1.0,skip,,[],0,500.0,375.0,2026-08-31T13:17:53.493Z,2026-08-31T13:23:31.235Z
annotator_0026,session_0026,2.0,single/solo,human_bbox_annotation,3,ILSVRC2012_val_00047845.JPEG,sneak,,1.0,skip,,[],0,500.0,375.0,2026-08-31T13:17:57.757Z,2026-08-31T13:23:31.235Z
annotator_0026,session_0026,3.0,single/multi,human_bbox_annotation,3,ILSVRC2012_val_00041903.JPEG,salt or pepper shaker,,1.0,skip,,[],0,582.0,815.0,2026-08-31T13:18:10.949Z,2026-08-31T13:23:31.235Z
annotator_0026,session_0026,4.0,single/multi,human_bbox_annotation,3,ILSVRC2012_val_00044520.JPEG,iuod,,1.0,skip,,[],0,500.0,241.0,2026-08-31T13:19:02.749Z,2026-08-31T13:23:31.235Z
annotator_0026,session_0026,5.0,single/multi,human_bbox_annotation,3,ILSVRC2012_val_00004401.JPEG,islpod,,1.0,skip,,[],0,375.0,500.0,2026-08-31T13:19:08.277Z,2026-08-31T13:23:31.235Z
annotator_0026,session_0026,6.0,multi,human_bbox_annotation,3,ILSVRC2012_val_00022857.JPEG,"dog, person",,2.0,skip,,[],0,500.0,375.0,2026-08-31T13:19:11.741Z,2026-08-31T13:23:31.235Z
annotator_0026,session_0026,7.0,multi,human_bbox_annotation,3,ILSVRC2012_val_00039154.JPEG,"pirson, racket",,2.0,reject,unclear_label,[],0,500.0,376.0,2026-08-31T13:19:42.493Z,2026-08-31T13:23:31.235Z
annotator_0026,session_0026,8.0,multi,human_bbox_annotation,3,ILSVRC2012_val_00030479.JPEG,"dog, individual",,2.0,reject,unclear_image,[],0,500.0,375.0,2026-08-31T13:19:49.621Z,2026-08-31T13:23:31.235Z
annotator_0026,session_0026,9.0,udacity,human_bbox_annotation,3,1479501431172538806.jpg,car,,1.0,skip,,[],0,480.0,300.0,2026-08-31T13:19:55.085Z,2026-08-31T13:23:31.235Z
annotator_0026,session_0026,10.0,udacity,human_bbox_annotation,3,1479501447174309879.jpg,cab,,1.0,reject,unclear_label,[],0,480.0,300.0,2026-08-31T13:20:01.869Z,2026-08-31T13:23:31.235Z
annotator_0026,session_0026,11.0,udacity,human_bbox_annotation,3,1479503322799978016.jpg,car,,1.0,reject,unclear_label,[],0,480.0,300.0,2026-08-31T13:20:05.253Z,2026-08-31T13:23:31.235Z
annotator_0026,session_0026,12.0,single/solo,human_bbox_annotation,3,ILSVRC2012_val_00031771.JPEG,croquet ball,,1.0,reject,unclear_image,[],0,500.0,333.0,2026-08-31T13:20:10.533Z,2026-08-31T13:23:31.235Z
annotator_0026,session_0026,13.0,single/solo,human_bbox_annotation,3,ILSVRC2012_val_00032258.JPEG,golf fihs,,1.0,reject,unclear_label,[],0,500.0,375.0,2026-08-31T13:20:17.717Z,2026-08-31T13:23:31.235Z
annotator_0026,session_0026,14.0,single/solo,human_bbox_annotation,3,ILSVRC2012_val_00013465.JPEG,hippopotamus,,1.0,reject,unclear_image,[],0,396.0,500.0,2026-08-31T13:20:25.941Z,2026-08-31T13:23:31.235Z
annotator_0026,session_0026,15.0,single/multi,human_bbox_annotation,3,ILSVRC2012_val_00048808.JPEG,isopod,,1.0,reject,other,[],0,500.0,375.0,2026-08-31T13:20:30.229Z,2026-08-31T13:23:31.235Z
annotator_0026,session_0026,16.0,single/multi,human_bbox_annotation,3,ILSVRC2012_val_00039027.JPEG,dot,,1.0,reject,unclear_label,[],0,500.0,375.0,2026-08-31T13:20:35.373Z,2026-08-31T13:23:31.235Z
annotator_0026,session_0026,17.0,single/multi,human_bbox_annotation,3,ILSVRC2012_val_00039795.JPEG,bare,,1.0,reject,unclear_label,[],0,250.0,168.0,2026-08-31T13:20:39.389Z,2026-08-31T13:23:31.235Z
annotator_0026,session_0026,18.0,multi,human_bbox_annotation,3,ILSVRC2012_val_00004709.JPEG,"brassiere, person",,2.0,reject,unclear_label,[],0,338.0,500.0,2026-08-31T13:20:44.701Z,2026-08-31T13:23:31.235Z
annotator_0026,session_0026,19.0,multi,human_bbox_annotation,3,ILSVRC2012_val_00006695.JPEG,"bow tie, ob oe, pearspn",,3.0,reject,unclear_label,[],0,867.0,996.0,2026-08-31T13:20:49.933Z,2026-08-31T13:23:31.235Z
annotator_0026,session_0026,20.0,multi,human_bbox_annotation,3,ILSVRC2012_val_00004048.JPEG,"croquet ball, flower pot, ping-pong ball",,3.0,skip,,[],0,375.0,500.0,2026-08-31T13:20:54.917Z,2026-08-31T13:23:31.235Z
annotator_0026,session_0026,21.0,udacity,human_bbox_annotation,3,1478896071431847989.jpg,car,,1.0,skip,,[],0,480.0,300.0,2026-08-31T13:20:58.165Z,2026-08-31T13:23:31.235Z
annotator_0026,session_0026,22.0,udacity,human_bbox_annotation,3,1478898995863305961.jpg,can,,1.0,reject,unclear_label,[],0,480.0,300.0,2026-08-31T13:21:01.805Z,2026-08-31T13:23:31.235Z
annotator_0026,session_0026,23.0,udacity,human_bbox_annotation,3,1478898087511960878.jpg,"car, track",,2.0,reject,unclear_label,[],0,480.0,300.0,2026-08-31T13:21:04.645Z,2026-08-31T13:23:31.235Z
annotator_0026,session_0026,24.0,single/solo,human_bbox_annotation,3,ILSVRC2013_val_00004426.JPEG,koala bear,,1.0,skip,,[],0,332.0,500.0,2026-08-31T13:21:07.813Z,2026-08-31T13:23:31.235Z
annotator_0026,session_0026,25.0,single/solo,human_bbox_annotation,3,ILSVRC2013_val_00004383.JPEG,person,,1.0,reject,unclear_label,[],0,333.0,500.0,2026-08-31T13:21:11.837Z,2026-08-31T13:23:31.235Z
annotator_0026,session_0026,26.0,single/solo,human_bbox_annotation,3,ILSVRC2012_val_00043661.JPEG,sal t or pepper shaker,,1.0,skip,,[],0,380.0,571.0,2026-08-31T13:21:16.181Z,2026-08-31T13:23:31.235Z
annotator_0026,session_0026,27.0,single/multi,human_bbox_annotation,3,ILSVRC2012_val_00029698.JPEG,bird,,1.0,reject,unclear_label,[],0,500.0,375.0,2026-08-31T13:21:20.669Z,2026-08-31T13:23:31.235Z
annotator_0026,session_0026,29.0,single/multi,human_bbox_annotation,3,ILSVRC2013_val_00001740.JPEG,bicycl e,,1.0,reject,unclear_label,[],0,333.0,500.0,2026-08-31T13:21:28.917Z,2026-08-31T13:23:31.235Z
annotator_0026,session_0026,30.0,single/multi,human_bbox_annotation,3,ILSVRC2012_val_00035151.JPEG,burd,,1.0,skip,,[],0,500.0,384.0,2026-08-31T13:21:36.141Z,2026-08-31T13:23:31.235Z
annotator_0026,session_0026,31.0,multi,human_bbox_annotation,3,ILSVRC2012_val_00026051.JPEG,"bookshelf, dog",,2.0,reject,unclear_label,[],0,415.0,500.0,2026-08-31T13:21:40.525Z,2026-08-31T13:23:31.235Z
annotator_0026,session_0026,32.0,multi,human_bbox_annotation,3,ILSVRC2012_val_00018814.JPEG,"croquet ball, person, pingpogg bawl",,3.0,reject,other,[],0,500.0,417.0,2026-08-31T13:21:44.381Z,2026-08-31T13:23:31.235Z
annotator_0026,session_0026,34.0,multi,human_bbox_annotation,3,ILSVRC2012_val_00004068.JPEG,"axe, person",,2.0,reject,unclear_image,[],0,375.0,500.0,2026-08-31T13:21:51.302Z,2026-08-31T13:23:31.235Z
annotator_0026,session_0026,35.0,udacity,human_bbox_annotation,3,1478898087511960878.jpg,"car, truck",,2.0,reject,unclear_image,[],0,480.0,300.0,2026-08-31T13:21:57.206Z,2026-08-31T13:23:31.235Z
annotator_0026,session_0026,36.0,udacity,human_bbox_annotation,3,1478896071431847989.jpg,cav,,1.0,reject,unclear_label,[],0,480.0,300.0,2026-08-31T13:22:01.397Z,2026-08-31T13:23:31.235Z
annotator_0026,session_0026,37.0,udacity,human_bbox_annotation,3,1478895568695802824.jpg,car,,1.0,reject,unclear_image,[],0,480.0,300.0,2026-08-31T13:22:06.557Z,2026-08-31T13:23:31.235Z
annotator_0026,session_0026,38.0,single/solo,human_bbox_annotation,3,ILSVRC2013_val_00001634.JPEG,table,,1.0,reject,unclear_image,[],0,500.0,500.0,2026-08-31T13:22:12.566Z,2026-08-31T13:23:31.235Z
annotator_0026,session_0026,39.0,single/solo,human_bbox_annotation,3,ILSVRC2012_val_00026917.JPEG,butterfly,,1.0,reject,unclear_label,[],0,500.0,443.0,2026-08-31T13:22:16.173Z,2026-08-31T13:23:31.235Z
annotator_0026,session_0026,40.0,single/solo,human_bbox_annotation,3,ILSVRC2012_val_00024314.JPEG,sneak,,1.0,skip,,[],0,640.0,480.0,2026-08-31T13:22:21.309Z,2026-08-31T13:23:31.235Z
annotator_0026,session_0026,41.0,single/multi,human_bbox_annotation,3,ILSVRC2012_val_00035101.JPEG,zebra,,1.0,reject,unclear_label,[],0,500.0,421.0,2026-08-31T13:22:27.389Z,2026-08-31T13:23:31.235Z
annotator_0026,session_0026,42.0,single/multi,human_bbox_annotation,3,ILSVRC2012_val_00035612.JPEG,mokney,,1.0,reject,unclear_image,[],0,500.0,500.0,2026-08-31T13:22:31.917Z,2026-08-31T13:23:31.235Z
annotator_0026,session_0026,43.0,single/multi,human_bbox_annotation,3,ILSVRC2012_val_00035457.JPEG,cart,,1.0,skip,,[],0,624.0,396.0,2026-08-31T13:22:39.653Z,2026-08-31T13:23:31.235Z
annotator_0026,session_0026,44.0,multi,human_bbox_annotation,3,ILSVRC2012_val_00035378.JPEG,"bird, dog",,2.0,skip,,[],0,500.0,400.0,2026-08-31T13:22:43.302Z,2026-08-31T13:23:31.235Z
annotator_0026,session_0026,45.0,multi,human_bbox_annotation,3,ILSVRC2012_val_00044472.JPEG,"hat with a wide brim, person",,2.0,skip,,[],0,375.0,500.0,2026-08-31T13:22:46.461Z,2026-08-31T13:23:31.235Z
annotator_0026,session_0026,46.0,multi,human_bbox_annotation,3,ILSVRC2013_val_00003860.JPEG,"digital clock, person",,2.0,reject,unclear_label,[],0,500.0,500.0,2026-08-31T13:22:49.541Z,2026-08-31T13:23:31.235Z
annotator_0026,session_0026,47.0,udacity,human_bbox_annotation,3,1478732233783674595.jpg,car,,1.0,reject,unclear_image,[],0,480.0,300.0,2026-08-31T13:22:52.557Z,2026-08-31T13:23:31.235Z
annotator_0026,session_0026,48.0,udacity,human_bbox_annotation,3,1479501447174309879.jpg,car,,1.0,reject,unclear_label,[],0,480.0,300.0,2026-08-31T13:22:55.265Z,2026-08-31T13:23:31.235Z
annotator_0026,session_0026,49.0,udacity,human_bbox_annotation,3,1479500714623724165.jpg,car,,1.0,reject,unclear_label,[],0,480.0,300.0,2026-08-31T13:22:59.005Z,2026-08-31T13:23:31.235Z
annotator_0024,session_0027,,single/solo,human_bbox_annotation,3,ILSVRC2012_val_00006233.JPEG,diaper,,1.0,reject,unclear_image,[],0,375.0,500.0,2026-08-31T13:22:22.189Z,2026-08-31T13:25:05.398Z
annotator_0024,session_0027,1.0,single/solo,human_bbox_annotation,3,ILSVRC2012_val_00010994.JPEG,dot,,1.0,reject,unclear_label,[],0,500.0,375.0,2026-08-31T13:22:24.085Z,2026-08-31T13:25:05.398Z
annotator_0024,session_0027,2.0,single/solo,human_bbox_annotation,3,ILSVRC2012_val_00047845.JPEG,sneak,,1.0,reject,unclear_label,[],0,500.0,375.0,2026-08-31T13:22:27.523Z,2026-08-31T13:25:05.398Z
annotator_0024,session_0027,3.0,single/multi,human_bbox_annotation,3,ILSVRC2012_val_00041903.JPEG,salt or pepper shaker,,1.0,reject,unclear_image,[],0,582.0,815.0,2026-08-31T13:22:29.236Z,2026-08-31T13:25:05.398Z
annotator_0024,session_0027,4.0,single/multi,human_bbox_annotation,3,ILSVRC2012_val_00044520.JPEG,iuod,,1.0,reject,unclear_label,[],0,500.0,241.0,2026-08-31T13:22:31.572Z,2026-08-31T13:25:05.398Z
annotator_0024,session_0027,6.0,single/multi,human_bbox_annotation,3,ILSVRC2012_val_00004401.JPEG,islpod,,1.0,reject,unclear_image,[],0,375.0,500.0,2026-08-31T13:22:34.900Z,2026-08-31T13:25:05.398Z
annotator_0024,session_0027,7.0,multi,human_bbox_annotation,3,ILSVRC2012_val_00022857.JPEG,"dog, person",,2.0,reject,unclear_image,[],0,500.0,375.0,2026-08-31T13:22:36.996Z,2026-08-31T13:25:05.398Z
annotator_0024,session_0027,8.0,multi,human_bbox_annotation,3,ILSVRC2012_val_00039154.JPEG,"pirson, racket",,2.0,reject,unclear_label,[],0,500.0,376.0,2026-08-31T13:22:39.116Z,2026-08-31T13:25:05.398Z
annotator_0024,session_0027,9.0,multi,human_bbox_annotation,3,ILSVRC2012_val_00030479.JPEG,"dog, individual",,2.0,reject,unclear_image,[],0,500.0,375.0,2026-08-31T13:22:41.316Z,2026-08-31T13:25:05.398Z
annotator_0024,session_0027,10.0,udacity,human_bbox_annotation,3,1479501431172538806.jpg,car,,1.0,bbox,,"[[111,77,470,241]]",1,480.0,300.0,2026-08-31T13:22:45.380Z,2026-08-31T13:25:05.398Z
annotator_0024,session_0027,11.0,udacity,human_bbox_annotation,3,1479501447174309879.jpg,cab,,1.0,reject,unclear_label,[],0,480.0,300.0,2026-08-31T13:22:47.747Z,2026-08-31T13:25:05.398Z
annotator_0024,session_0027,12.0,udacity,human_bbox_annotation,3,1479503322799978016.jpg,car,,1.0,bbox,,"[[113,79,318,259]]",1,480.0,300.0,2026-08-31T13:22:51.498Z,2026-08-31T13:25:05.398Z
annotator_0024,session_0027,13.0,single/solo,human_bbox_annotation,3,ILSVRC2012_val_00031771.JPEG,croquet ball,,1.0,reject,unclear_label,[],0,500.0,333.0,2026-08-31T13:22:54.402Z,2026-08-31T13:25:05.398Z
annotator_0024,session_0027,14.0,single/solo,human_bbox_annotation,3,ILSVRC2012_val_00032258.JPEG,golf fihs,,1.0,reject,unclear_image,[],0,500.0,375.0,2026-08-31T13:22:56.235Z,2026-08-31T13:25:05.398Z
annotator_0024,session_0027,15.0,single/solo,human_bbox_annotation,3,ILSVRC2012_val_00013465.JPEG,hippopotamus,,1.0,reject,unclear_image,[],0,396.0,500.0,2026-08-31T13:23:00.131Z,2026-08-31T13:25:05.398Z
annotator_0024,session_0027,16.0,single/multi,human_bbox_annotation,3,ILSVRC2012_val_00048808.JPEG,isopod,,1.0,reject,unclear_image,[],0,500.0,375.0,2026-08-31T13:23:01.650Z,2026-08-31T13:25:05.398Z
annotator_0024,session_0027,17.0,single/multi,human_bbox_annotation,3,ILSVRC2012_val_00039027.JPEG,dot,,1.0,reject,unclear_image,[],0,500.0,375.0,2026-08-31T13:23:03.130Z,2026-08-31T13:25:05.398Z
annotator_0024,session_0027,18.0,single/multi,human_bbox_annotation,3,ILSVRC2012_val_00039795.JPEG,bare,,1.0,reject,unclear_label,[],0,250.0,168.0,2026-08-31T13:23:06.234Z,2026-08-31T13:25:05.398Z
annotator_0024,session_0027,19.0,multi,human_bbox_annotation,3,ILSVRC2012_val_00004709.JPEG,"brassiere, person",,2.0,reject,unclear_image,[],0,338.0,500.0,2026-08-31T13:23:07.962Z,2026-08-31T13:25:05.398Z
annotator_0024,session_0027,20.0,multi,human_bbox_annotation,3,ILSVRC2012_val_00006695.JPEG,"bow tie, ob oe, pearspn",,3.0,reject,unclear_image,[],0,867.0,996.0,2026-08-31T13:23:10.420Z,2026-08-31T13:25:05.398Z
annotator_0024,session_0027,21.0,multi,human_bbox_annotation,3,ILSVRC2012_val_00004048.JPEG,"croquet ball, flower pot, ping-pong ball",,3.0,reject,unclear_image,[],0,375.0,500.0,2026-08-31T13:23:12.666Z,2026-08-31T13:25:05.398Z
annotator_0024,session_0027,22.0,udacity,human_bbox_annotation,3,1478896071431847989.jpg,car,,1.0,reject,unclear_image,[],0,480.0,300.0,2026-08-31T13:23:14.067Z,2026-08-31T13:25:05.398Z
annotator_0024,session_0027,23.0,udacity,human_bbox_annotation,3,1478898995863305961.jpg,can,,1.0,reject,unclear_label,[],0,480.0,300.0,2026-08-31T13:23:24.699Z,2026-08-31T13:25:05.398Z
annotator_0024,session_0027,24.0,udacity,human_bbox_annotation,3,1478898087511960878.jpg,"car, track",,2.0,reject,unclear_image,[],0,480.0,300.0,2026-08-31T13:23:26.386Z,2026-08-31T13:25:05.398Z
annotator_0024,session_0027,25.0,single/solo,human_bbox_annotation,3,ILSVRC2013_val_00004426.JPEG,koala bear,,1.0,reject,unclear_image,[],0,332.0,500.0,2026-08-31T13:23:27.971Z,2026-08-31T13:25:05.398Z
annotator_0024,session_0027,26.0,single/solo,human_bbox_annotation,3,ILSVRC2013_val_00004383.JPEG,person,,1.0,bbox,,"[[12,8,309,510]]",1,333.0,500.0,2026-08-31T13:23:38.986Z,2026-08-31T13:25:05.398Z
annotator_0024,session_0027,27.0,single/solo,human_bbox_annotation,3,ILSVRC2012_val_00043661.JPEG,sal t or pepper shaker,,1.0,reject,unclear_label,[],0,380.0,571.0,2026-08-31T13:23:43.073Z,2026-08-31T13:25:05.398Z
annotator_0024,session_0027,28.0,single/multi,human_bbox_annotation,3,ILSVRC2012_val_00029698.JPEG,bird,,1.0,reject,unclear_image,[],0,500.0,375.0,2026-08-31T13:23:44.514Z,2026-08-31T13:25:05.398Z
annotator_0024,session_0027,29.0,single/multi,human_bbox_annotation,3,ILSVRC2013_val_00001740.JPEG,bicycl e,,1.0,reject,unclear_label,[],0,333.0,500.0,2026-08-31T13:23:49.265Z,2026-08-31T13:25:05.398Z
annotator_0024,session_0027,30.0,single/multi,human_bbox_annotation,3,ILSVRC2012_val_00035151.JPEG,burd,,1.0,reject,unclear_image,[],0,500.0,384.0,2026-08-31T13:23:51.762Z,2026-08-31T13:25:05.398Z
annotator_0024,session_0027,31.0,multi,human_bbox_annotation,3,ILSVRC2012_val_00026051.JPEG,"bookshelf, dog",,2.0,reject,unclear_image,[],0,415.0,500.0,2026-08-31T13:23:53.193Z,2026-08-31T13:25:05.398Z
annotator_0024,session_0027,32.0,multi,human_bbox_annotation,3,ILSVRC2012_val_00018814.JPEG,"croquet ball, person, pingpogg bawl",,3.0,bbox,,"[[161,281,206,324]]",1,500.0,417.0,2026-08-31T13:23:59.329Z,2026-08-31T13:25:05.398Z
annotator_0024,session_0027,33.0,multi,human_bbox_annotation,3,ILSVRC2012_val_00004068.JPEG,"axe, person",,2.0,reject,unclear_image,[],0,375.0,500.0,2026-08-31T13:24:00.840Z,2026-08-31T13:25:05.398Z
annotator_0024,session_0027,34.0,udacity,human_bbox_annotation,3,1478898087511960878.jpg,"car, truck",,2.0,reject,unclear_image,[],0,480.0,300.0,2026-08-31T13:24:02.624Z,2026-08-31T13:25:05.398Z
annotator_0024,session_0027,35.0,udacity,human_bbox_annotation,3,1478896071431847989.jpg,cav,,1.0,reject,unclear_image,[],0,480.0,300.0,2026-08-31T13:24:04.513Z,2026-08-31T13:25:05.398Z
annotator_0024,session_0027,36.0,udacity,human_bbox_annotation,3,1478895568695802824.jpg,car,,1.0,bbox,,"[[27,128,121,209]]",1,480.0,300.0,2026-08-31T13:24:08.696Z,2026-08-31T13:25:05.398Z
annotator_0024,session_0027,37.0,single/solo,human_bbox_annotation,3,ILSVRC2013_val_00001634.JPEG,table,,1.0,reject,unclear_image,[],0,500.0,500.0,2026-08-31T13:24:14.530Z,2026-08-31T13:25:05.398Z
annotator_0024,session_0027,38.0,single/solo,human_bbox_annotation,3,ILSVRC2012_val_00026917.JPEG,butterfly,,1.0,bbox,,"[[221,107,453,315]]",1,500.0,443.0,2026-08-31T13:24:18.730Z,2026-08-31T13:25:05.398Z
annotator_0024,session_0027,39.0,single/solo,human_bbox_annotation,3,ILSVRC2012_val_00024314.JPEG,sneak,,1.0,bbox,,"[[115,160,478,424]]",1,640.0,480.0,2026-08-31T13:24:23.218Z,2026-08-31T13:25:05.398Z
annotator_0024,session_0027,40.0,single/multi,human_bbox_annotation,3,ILSVRC2012_val_00035101.JPEG,zebra,,1.0,reject,unclear_image,[],0,500.0,421.0,2026-08-31T13:24:29.313Z,2026-08-31T13:25:05.398Z
annotator_0024,session_0027,41.0,single/multi,human_bbox_annotation,3,ILSVRC2012_val_00035612.JPEG,mokney,,1.0,bbox,,"[[78,23,381,492]]",1,500.0,500.0,2026-08-31T13:24:36.775Z,2026-08-31T13:25:05.398Z
annotator_0024,session_0027,42.0,single/multi,human_bbox_annotation,3,ILSVRC2012_val_00035457.JPEG,cart,,1.0,reject,unclear_image,[],0,624.0,396.0,2026-08-31T13:24:38.777Z,2026-08-31T13:25:05.398Z
annotator_0024,session_0027,43.0,multi,human_bbox_annotation,3,ILSVRC2012_val_00035378.JPEG,"bird, dog",,2.0,bbox,,"[[82,20,407,336]]",1,500.0,400.0,2026-08-31T13:24:44.280Z,2026-08-31T13:25:05.398Z
annotator_0024,session_0027,45.0,multi,human_bbox_annotation,3,ILSVRC2012_val_00044472.JPEG,"hat with a wide brim, person",,2.0,reject,unclear_image,[],0,375.0,500.0,2026-08-31T13:24:50.568Z,2026-08-31T13:25:05.398Z
annotator_0024,session_0027,46.0,multi,human_bbox_annotation,3,ILSVRC2013_val_00003860.JPEG,"digital clock, person",,2.0,reject,unclear_image,[],0,500.0,500.0,2026-08-31T13:24:52.871Z,2026-08-31T13:25:05.398Z
annotator_0024,session_0027,47.0,udacity,human_bbox_annotation,3,1478732233783674595.jpg,car,,1.0,reject,unclear_image,[],0,480.0,300.0,2026-08-31T13:24:55.143Z,2026-08-31T13:25:05.398Z
annotator_0024,session_0027,48.0,udacity,human_bbox_annotation,3,1479501447174309879.jpg,car,,1.0,reject,unclear_image,[],0,480.0,300.0,2026-08-31T13:24:57.168Z,2026-08-31T13:25:05.398Z
annotator_0024,session_0027,49.0,udacity,human_bbox_annotation,3,1479500714623724165.jpg,car,,1.0,bbox,,"[[71,119,171,213]]",1,480.0,300.0,2026-08-31T13:25:02.567Z,2026-08-31T13:25:05.398Z
annotator_0027,session_0028,,single/solo,human_bbox_annotation,1,ILSVRC2012_val_00032560.JPEG,beaker,,1.0,bbox,,"[[84,35,218,499]]",1,334.0,500.0,2026-08-31T13:17:31.861Z,2026-08-31T13:25:29.046Z
annotator_0027,session_0028,1.0,single/solo,human_bbox_annotation,1,ILSVRC2012_val_00031771.JPEG,crooked ball,,1.0,bbox,,"[[160,1,441,243]]",1,500.0,333.0,2026-08-31T13:17:47.272Z,2026-08-31T13:25:29.046Z
annotator_0027,session_0028,2.0,single/solo,human_bbox_annotation,1,ILSVRC2012_val_00043730.JPEG,behr,,1.0,bbox,,"[[107,39,351,207]]",1,350.0,252.0,2026-08-31T13:17:53.078Z,2026-08-31T13:25:29.046Z
annotator_0027,session_0028,3.0,single/multi,human_bbox_annotation,1,ILSVRC2012_val_00019305.JPEG,dog,,1.0,skip,,[],0,500.0,375.0,2026-08-31T13:18:01.007Z,2026-08-31T13:25:29.046Z
annotator_0027,session_0028,4.0,single/multi,human_bbox_annotation,1,ILSVRC2012_val_00045966.JPEG,sopa dis𝕡enser,,1.0,bbox,,"[[39,31,468,484]]",1,499.0,500.0,2026-08-31T13:18:09.215Z,2026-08-31T13:25:29.046Z
annotator_0027,session_0028,5.0,single/multi,human_bbox_annotation,1,ILSVRC2012_val_00035612.JPEG,mno key,,1.0,bbox,,"[[86,35,494,496]]",1,500.0,500.0,2026-08-31T13:18:18.561Z,2026-08-31T13:25:29.046Z
annotator_0027,session_0028,6.0,multi,human_bbox_annotation,1,ILSVRC2012_val_00003176.JPEG,"bench, dog",,2.0,bbox,,"[[152,24,464,364]]",1,500.0,375.0,2026-08-31T13:18:24.167Z,2026-08-31T13:25:29.046Z
annotator_0027,session_0028,7.0,multi,human_bbox_annotation,1,ILSVRC2012_val_00012739.JPEG,"dug, pe rson",,2.0,bbox,,"[[88,51,504,383]]",1,500.0,375.0,2026-08-31T13:18:40.038Z,2026-08-31T13:25:29.046Z
annotator_0027,session_0028,8.0,multi,human_bbox_annotation,1,ILSVRC2012_val_00048612.JPEG,"my crow phone, pearson",,2.0,bbox,,"[[141,9,509,439]]",1,500.0,424.0,2026-08-31T13:18:49.970Z,2026-08-31T13:25:29.046Z
annotator_0027,session_0028,9.0,udacity,human_bbox_annotation,1,1479501447174309879.jpg,car,,1.0,bbox,,"[[4,68,376,282]]",1,480.0,300.0,2026-08-31T13:18:55.975Z,2026-08-31T13:25:29.046Z
annotator_0027,session_0028,10.0,udacity,human_bbox_annotation,1,1478896670714322051.jpg,cer,,1.0,bbox,,"[[66,83,351,309]]",1,480.0,300.0,2026-08-31T13:19:02.335Z,2026-08-31T13:25:29.046Z
annotator_0027,session_0028,11.0,udacity,human_bbox_annotation,1,1479500714623724165.jpg,car,,1.0,bbox,,"[[1,103,203,229]]",1,480.0,300.0,2026-08-31T13:19:08.262Z,2026-08-31T13:25:29.046Z
annotator_0027,session_0028,12.0,single/solo,human_bbox_annotation,1,ILSVRC2012_val_00047636.JPEG,flower pot,,1.0,bbox,,"[[18,18,372,503]]",1,380.0,500.0,2026-08-31T13:19:17.105Z,2026-08-31T13:25:29.046Z
annotator_0027,session_0028,13.0,single/solo,human_bbox_annotation,1,ILSVRC2012_val_00030868.JPEG,dig,,1.0,bbox,,"[[137,-1,384,360]]",1,500.0,375.0,2026-08-31T13:19:29.907Z,2026-08-31T13:25:29.046Z
annotator_0027,session_0028,14.0,single/solo,human_bbox_annotation,1,ILSVRC2012_val_00014439.JPEG,Ιizaⲅd,,1.0,bbox,,"[[146,70,482,335]]",1,500.0,375.0,2026-08-31T13:19:36.267Z,2026-08-31T13:25:29.046Z
annotator_0027,session_0028,15.0,single/multi,human_bbox_annotation,1,ILSVRC2012_val_00008726.JPEG,fox,,1.0,bbox,,"[[30,11,463,351]]",1,500.0,357.0,2026-08-31T13:19:42.730Z,2026-08-31T13:25:29.046Z
annotator_0027,session_0028,16.0,single/multi,human_bbox_annotation,1,ILSVRC2012_val_00007527.JPEG,dot,,1.0,bbox,,"[[51,92,533,382]]",1,500.0,375.0,2026-08-31T13:19:48.721Z,2026-08-31T13:25:29.046Z
annotator_0027,session_0028,17.0,single/multi,human_bbox_annotation,1,ILSVRC2012_val_00008877.JPEG,monkey,,1.0,bbox,,"[[48,-2,340,215]]",1,350.0,230.0,2026-08-31T13:19:59.184Z,2026-08-31T13:25:29.046Z
annotator_0027,session_0028,18.0,multi,human_bbox_annotation,1,ILSVRC2012_val_00028881.JPEG,"dog, person",,2.0,bbox,,"[[150,28,774,849]]",1,859.0,878.0,2026-08-31T13:20:15.427Z,2026-08-31T13:25:29.046Z
annotator_0027,session_0028,19.0,multi,human_bbox_annotation,1,ILSVRC2013_val_00001603.JPEG,"pizz𝝰, strawberry",,2.0,bbox,,"[[1,5,494,503]]",1,500.0,500.0,2026-08-31T13:20:26.906Z,2026-08-31T13:25:29.046Z
annotator_0027,session_0028,20.0,multi,human_bbox_annotation,1,ILSVRC2013_val_00003860.JPEG,"digital clock, pearson",,2.0,bbox,,"[[126,12,498,494]]",1,500.0,500.0,2026-08-31T13:20:38.057Z,2026-08-31T13:25:29.046Z
annotator_0027,session_0028,21.0,udacity,human_bbox_annotation,1,1478020860712187115.jpg,car,,1.0,bbox,,"[[229,108,424,208]]",1,480.0,300.0,2026-08-31T13:20:44.528Z,2026-08-31T13:25:29.046Z
annotator_0027,session_0028,23.0,udacity,human_bbox_annotation,1,1479501447174309879.jpg,cam,,1.0,bbox,,"[[-6,71,357,261]]",1,480.0,300.0,2026-08-31T13:21:07.335Z,2026-08-31T13:25:29.046Z
annotator_0027,session_0028,24.0,udacity,human_bbox_annotation,1,1479500715624185918.jpg,cap,,1.0,bbox,,"[[64,119,411,231]]",1,480.0,300.0,2026-08-31T13:21:21.341Z,2026-08-31T13:25:29.046Z
annotator_0027,session_0028,25.0,single/solo,human_bbox_annotation,1,ILSVRC2012_val_00017187.JPEG,rabbit,,1.0,bbox,,"[[-50,27,468,383]]",1,500.0,375.0,2026-08-31T13:21:32.384Z,2026-08-31T13:25:29.046Z
annotator_0027,session_0028,27.0,single/solo,human_bbox_annotation,1,ILSVRC2013_val_00004426.JPEG,koala bear,,1.0,bbox,,"[[6,74,345,507]]",1,332.0,500.0,2026-08-31T13:21:49.213Z,2026-08-31T13:25:29.046Z
annotator_0027,session_0028,28.0,single/solo,human_bbox_annotation,1,ILSVRC2012_val_00002595.JPEG,train,,1.0,bbox,,"[[254,155,412,216]]",1,500.0,375.0,2026-08-31T13:21:55.479Z,2026-08-31T13:25:29.046Z
annotator_0027,session_0028,29.0,single/multi,human_bbox_annotation,1,ILSVRC2012_val_00018436.JPEG,antelope,,1.0,bbox,,"[[178,74,496,271]]",1,500.0,339.0,2026-08-31T13:22:02.839Z,2026-08-31T13:25:29.046Z
annotator_0027,session_0028,30.0,single/multi,human_bbox_annotation,1,ILSVRC2012_val_00024424.JPEG,hammer,,1.0,bbox,,"[[8,12,494,495]]",1,500.0,500.0,2026-08-31T13:22:11.414Z,2026-08-31T13:25:29.046Z
annotator_0027,session_0028,31.0,single/multi,human_bbox_annotation,1,ILSVRC2013_val_00003790.JPEG,pearson,,1.0,bbox,,"[[16,3,484,339]]",1,500.0,333.0,2026-08-31T13:22:20.078Z,2026-08-31T13:25:29.046Z
annotator_0027,session_0028,32.0,multi,human_bbox_annotation,1,ILSVRC2013_val_00002848.JPEG,"bookshelf, chair, refrigerator, table",,4.0,bbox,,"[[2,23,507,317]]",1,500.0,297.0,2026-08-31T13:22:30.314Z,2026-08-31T13:25:29.046Z
annotator_0027,session_0028,33.0,multi,human_bbox_annotation,1,ILSVRC2012_val_00042150.JPEG,"car, person, unicycle",,3.0,bbox,,"[[16,105,379,339]]",1,500.0,375.0,2026-08-31T13:22:47.106Z,2026-08-31T13:25:29.046Z
annotator_0027,session_0028,34.0,multi,human_bbox_annotation,1,ILSVRC2012_val_00010502.JPEG,"plastic bag, pomegranate",,2.0,bbox,,"[[8,3,500,356]]",1,500.0,356.0,2026-08-31T13:22:54.311Z,2026-08-31T13:25:29.046Z
annotator_0027,session_0028,35.0,udacity,human_bbox_annotation,1,1478898995863305961.jpg,car,,1.0,bbox,,"[[131,99,269,235]]",1,480.0,300.0,2026-08-31T13:22:59.889Z,2026-08-31T13:25:29.046Z
annotator_0027,session_0028,36.0,udacity,human_bbox_annotation,1,1478898324025854293.jpg,"car, pedestrian",,2.0,bbox,,"[[74,127,244,259]]",1,480.0,300.0,2026-08-31T13:23:14.297Z,2026-08-31T13:25:29.046Z
annotator_0027,session_0028,37.0,udacity,human_bbox_annotation,1,1478898087511960878.jpg,"car, truck",,2.0,bbox,,"[[24,2,484,293]]",1,480.0,300.0,2026-08-31T13:23:22.154Z,2026-08-31T13:25:29.046Z
annotator_0027,session_0028,38.0,single/solo,human_bbox_annotation,1,ILSVRC2012_val_00029161.JPEG,monkey,,1.0,bbox,,"[[76,41,258,204]]",1,420.0,280.0,2026-08-31T13:23:29.971Z,2026-08-31T13:25:29.046Z
annotator_0027,session_0028,39.0,single/solo,human_bbox_annotation,1,ILSVRC2012_val_00039247.JPEG,pooch,,1.0,bbox,,"[[118,35,420,371]]",1,500.0,421.0,2026-08-31T13:23:37.641Z,2026-08-31T13:25:29.046Z
annotator_0027,session_0028,40.0,single/solo,human_bbox_annotation,1,ILSVRC2012_val_00029356.JPEG,bird,,1.0,bbox,,"[[112,186,261,413]]",1,480.0,500.0,2026-08-31T13:23:48.849Z,2026-08-31T13:25:29.046Z
annotator_0027,session_0028,41.0,single/multi,human_bbox_annotation,1,ILSVRC2012_val_00018599.JPEG,corkscrew,,1.0,bbox,,"[[35,34,797,860]]",1,919.0,1024.0,2026-08-31T13:23:57.698Z,2026-08-31T13:25:29.046Z
annotator_0027,session_0028,42.0,single/multi,human_bbox_annotation,1,ILSVRC2012_val_00042837.JPEG,per𝐟ume,,1.0,bbox,,"[[34,99,448,477]]",1,500.0,495.0,2026-08-31T13:24:10.520Z,2026-08-31T13:25:29.046Z
annotator_0027,session_0028,43.0,single/multi,human_bbox_annotation,1,ILSVRC2012_val_00016527.JPEG,car,,1.0,bbox,,"[[60,109,515,341]]",1,500.0,375.0,2026-08-31T13:24:20.018Z,2026-08-31T13:25:29.046Z
annotator_0027,session_0028,44.0,multi,human_bbox_annotation,1,ILSVRC2012_val_00030479.JPEG,"dog, person",,2.0,bbox,,"[[48,87,390,298]]",1,500.0,375.0,2026-08-31T13:24:28.532Z,2026-08-31T13:25:29.046Z
annotator_0027,session_0028,45.0,multi,human_bbox_annotation,1,ILSVRC2012_val_00038720.JPEG,"elephant, person",,2.0,bbox,,"[[-5,15,354,250]]",1,350.0,250.0,2026-08-31T13:24:41.770Z,2026-08-31T13:25:29.046Z
annotator_0027,session_0028,46.0,multi,human_bbox_annotation,1,ILSVRC2012_val_00015213.JPEG,"dog, person",,2.0,bbox,,"[[15,16,474,495]]",1,483.0,500.0,2026-08-31T13:24:53.234Z,2026-08-31T13:25:29.046Z
annotator_0027,session_0028,47.0,udacity,human_bbox_annotation,1,1478896071431847989.jpg,car,,1.0,bbox,,"[[408,65,484,224]]",1,480.0,300.0,2026-08-31T13:25:04.590Z,2026-08-31T13:25:29.046Z
annotator_0027,session_0028,48.0,udacity,human_bbox_annotation,1,1478020369195764352.jpg,car,,1.0,bbox,,"[[284,119,441,203]]",1,480.0,300.0,2026-08-31T13:25:15.059Z,2026-08-31T13:25:29.046Z
annotator_0027,session_0028,49.0,udacity,human_bbox_annotation,1,1479505730961910134.jpg,car,,1.0,bbox,,"[[0,74,492,263]]",1,480.0,300.0,2026-08-31T13:25:26.525Z,2026-08-31T13:25:29.046Z
annotator_0028,session_0029,,single/solo,human_bbox_annotation,1,ILSVRC2012_val_00032560.JPEG,beaker,,1.0,bbox,,"[[76,224,201,493]]",1,334.0,500.0,2026-08-31T13:18:26.900Z,2026-08-31T13:26:37.954Z
annotator_0028,session_0029,1.0,single/solo,human_bbox_annotation,1,ILSVRC2012_val_00031771.JPEG,crooked ball,,1.0,bbox,,"[[158,99,404,276]]",1,500.0,333.0,2026-08-31T13:19:06.084Z,2026-08-31T13:26:37.954Z
annotator_0028,session_0029,3.0,single/solo,human_bbox_annotation,1,ILSVRC2012_val_00043730.JPEG,behr,,1.0,reject,unclear_label,[],0,350.0,252.0,2026-08-31T13:19:41.043Z,2026-08-31T13:26:37.954Z
annotator_0028,session_0029,4.0,single/multi,human_bbox_annotation,1,ILSVRC2012_val_00019305.JPEG,dog,,1.0,reject,unclear_image,[],0,500.0,375.0,2026-08-31T13:19:47.507Z,2026-08-31T13:26:37.954Z
annotator_0028,session_0029,5.0,single/multi,human_bbox_annotation,1,ILSVRC2012_val_00045966.JPEG,sopa dis𝕡enser,,1.0,bbox,,"[[242,37,474,468]]",1,499.0,500.0,2026-08-31T13:19:55.565Z,2026-08-31T13:26:37.954Z
annotator_0028,session_0029,6.0,single/multi,human_bbox_annotation,1,ILSVRC2012_val_00035612.JPEG,mno key,,1.0,bbox,,"[[22,33,424,495]]",1,500.0,500.0,2026-08-31T13:20:09.706Z,2026-08-31T13:26:37.954Z
annotator_0028,session_0029,7.0,multi,human_bbox_annotation,1,ILSVRC2012_val_00003176.JPEG,"bench, dog",,2.0,reject,other,[],0,,,2026-08-31T13:20:25.603Z,2026-08-31T13:26:37.954Z
annotator_0028,session_0029,8.0,multi,human_bbox_annotation,1,ILSVRC2012_val_00012739.JPEG,"dug, pe rson",,2.0,bbox,,"[[59,33,488,371]]",1,500.0,375.0,2026-08-31T13:20:41.859Z,2026-08-31T13:26:37.954Z
annotator_0028,session_0029,9.0,multi,human_bbox_annotation,1,ILSVRC2012_val_00048612.JPEG,"my crow phone, pearson",,2.0,bbox,,"[[117,2,496,433]]",1,500.0,424.0,2026-08-31T13:20:52.171Z,2026-08-31T13:26:37.954Z
annotator_0028,session_0029,10.0,udacity,human_bbox_annotation,1,1479501447174309879.jpg,car,,1.0,bbox,,"[[3,94,366,261]]",1,480.0,300.0,2026-08-31T13:20:56.826Z,2026-08-31T13:26:37.954Z
annotator_0028,session_0029,11.0,udacity,human_bbox_annotation,1,1478896670714322051.jpg,cer,,1.0,bbox,,"[[96,113,367,297]]",1,480.0,300.0,2026-08-31T13:21:17.707Z,2026-08-31T13:26:37.954Z
annotator_0028,session_0029,12.0,udacity,human_bbox_annotation,1,1479500714623724165.jpg,car,,1.0,bbox,,"[[9,118,206,241]]",1,480.0,300.0,2026-08-31T13:21:28.132Z,2026-08-31T13:26:37.954Z
annotator_0028,session_0029,13.0,single/solo,human_bbox_annotation,1,ILSVRC2012_val_00047636.JPEG,flower pot,,1.0,bbox,,"[[18,15,355,467]]",1,380.0,500.0,2026-08-31T13:21:36.252Z,2026-08-31T13:26:37.954Z
annotator_0028,session_0029,14.0,single/solo,human_bbox_annotation,1,ILSVRC2012_val_00030868.JPEG,dig,,1.0,reject,unclear_label,[],0,500.0,375.0,2026-08-31T13:21:52.979Z,2026-08-31T13:26:37.954Z
annotator_0028,session_0029,15.0,single/solo,human_bbox_annotation,1,ILSVRC2012_val_00014439.JPEG,Ιizaⲅd,,1.0,bbox,,"[[122,87,457,338]]",1,500.0,375.0,2026-08-31T13:21:57.947Z,2026-08-31T13:26:37.954Z
annotator_0028,session_0029,16.0,single/multi,human_bbox_annotation,1,ILSVRC2012_val_00008726.JPEG,fox,,1.0,bbox,,"[[42,21,473,333]]",1,500.0,357.0,2026-08-31T13:22:03.107Z,2026-08-31T13:26:37.954Z
annotator_0028,session_0029,17.0,single/multi,human_bbox_annotation,1,ILSVRC2012_val_00007527.JPEG,dot,,1.0,reject,unclear_label,[],0,500.0,375.0,2026-08-31T13:22:15.380Z,2026-08-31T13:26:37.954Z
annotator_0028,session_0029,18.0,single/multi,human_bbox_annotation,1,ILSVRC2012_val_00008877.JPEG,monkey,,1.0,bbox,,"[[72,5,294,218]]",1,350.0,230.0,2026-08-31T13:22:22.300Z,2026-08-31T13:26:37.954Z
annotator_0028,session_0029,19.0,multi,human_bbox_annotation,1,ILSVRC2012_val_00028881.JPEG,"dog, person",,2.0,bbox,,"[[157,49,797,787]]",1,859.0,878.0,2026-08-31T13:22:28.072Z,2026-08-31T13:26:37.954Z
annotator_0028,session_0029,20.0,multi,human_bbox_annotation,1,ILSVRC2013_val_00001603.JPEG,"pizz𝝰, strawberry",,2.0,bbox,,"[[9,12,438,472]]",1,500.0,500.0,2026-08-31T13:22:39.416Z,2026-08-31T13:26:37.954Z
annotator_0028,session_0029,21.0,multi,human_bbox_annotation,1,ILSVRC2013_val_00003860.JPEG,"digital clock, pearson",,2.0,bbox,,"[[11,26,488,485]]",1,500.0,500.0,2026-08-31T13:22:56.573Z,2026-08-31T13:26:37.954Z
annotator_0028,session_0029,22.0,udacity,human_bbox_annotation,1,1478020860712187115.jpg,car,,1.0,bbox,,"[[277,114,454,219]]",1,480.0,300.0,2026-08-31T13:23:00.368Z,2026-08-31T13:26:37.954Z
annotator_0028,session_0029,23.0,udacity,human_bbox_annotation,1,1479501447174309879.jpg,cam,,1.0,reject,unclear_label,[],0,480.0,300.0,2026-08-31T13:23:10.451Z,2026-08-31T13:26:37.954Z
annotator_0028,session_0029,24.0,udacity,human_bbox_annotation,1,1479500715624185918.jpg,cap,,1.0,reject,unclear_label,[],0,480.0,300.0,2026-08-31T13:23:15.884Z,2026-08-31T13:26:37.954Z
annotator_0028,session_0029,26.0,single/solo,human_bbox_annotation,1,ILSVRC2012_val_00017187.JPEG,rabbit,,1.0,bbox,,"[[186,39,400,364]]",1,500.0,375.0,2026-08-31T13:23:31.532Z,2026-08-31T13:26:37.954Z
annotator_0028,session_0029,27.0,single/solo,human_bbox_annotation,1,ILSVRC2013_val_00004426.JPEG,koala bear,,1.0,bbox,,"[[17,70,324,485]]",1,332.0,500.0,2026-08-31T13:23:40.747Z,2026-08-31T13:26:37.954Z
annotator_0028,session_0029,28.0,single/solo,human_bbox_annotation,1,ILSVRC2012_val_00002595.JPEG,train,,1.0,bbox,,"[[246,151,427,234]]",1,500.0,375.0,2026-08-31T13:23:45.084Z,2026-08-31T13:26:37.954Z
annotator_0028,session_0029,29.0,single/multi,human_bbox_annotation,1,ILSVRC2012_val_00018436.JPEG,antelope,,1.0,bbox,,"[[188,74,448,242]]",1,500.0,339.0,2026-08-31T13:23:54.815Z,2026-08-31T13:26:37.954Z
annotator_0028,session_0029,30.0,single/multi,human_bbox_annotation,1,ILSVRC2012_val_00024424.JPEG,hammer,,1.0,bbox,,"[[89,130,483,413]]",1,500.0,500.0,2026-08-31T13:24:04.141Z,2026-08-31T13:26:37.954Z
annotator_0028,session_0029,31.0,single/multi,human_bbox_annotation,1,ILSVRC2013_val_00003790.JPEG,pearson,,1.0,bbox,,"[[67,4,440,325]]",1,500.0,333.0,2026-08-31T13:24:09.763Z,2026-08-31T13:26:37.954Z
annotator_0028,session_0029,32.0,multi,human_bbox_annotation,1,ILSVRC2013_val_00002848.JPEG,"bookshelf, chair, refrigerator, table",,4.0,bbox,,"[[6,24,495,284]]",1,500.0,297.0,2026-08-31T13:24:21.555Z,2026-08-31T13:26:37.954Z
annotator_0028,session_0029,33.0,multi,human_bbox_annotation,1,ILSVRC2012_val_00042150.JPEG,"car, person, unicycle",,3.0,bbox,,"[[22,79,341,354]]",1,500.0,375.0,2026-08-31T13:24:27.228Z,2026-08-31T13:26:37.954Z
annotator_0028,session_0029,34.0,multi,human_bbox_annotation,1,ILSVRC2012_val_00010502.JPEG,"plastic bag, pomegranate",,2.0,bbox,,"[[1,64,411,327]]",1,500.0,356.0,2026-08-31T13:24:38.964Z,2026-08-31T13:26:37.954Z
annotator_0028,session_0029,35.0,udacity,human_bbox_annotation,1,1478898995863305961.jpg,car,,1.0,bbox,,"[[118,109,267,218]]",1,480.0,300.0,2026-08-31T13:24:43.059Z,2026-08-31T13:26:37.954Z
annotator_0028,session_0029,36.0,udacity,human_bbox_annotation,1,1478898324025854293.jpg,"car, pedestrian",,2.0,bbox,,"[[45,125,464,269]]",1,480.0,300.0,2026-08-31T13:24:55.022Z,2026-08-31T13:26:37.954Z
annotator_0028,session_0029,37.0,udacity,human_bbox_annotation,1,1478898087511960878.jpg,"car, truck",,2.0,bbox,,"[[28,55,276,259]]",1,480.0,300.0,2026-08-31T13:25:03.692Z,2026-08-31T13:26:37.954Z
annotator_0028,session_0029,38.0,single/solo,human_bbox_annotation,1,ILSVRC2012_val_00029161.JPEG,monkey,,1.0,bbox,,"[[124,44,265,216]]",1,420.0,280.0,2026-08-31T13:25:07.725Z,2026-08-31T13:26:37.954Z
annotator_0028,session_0029,39.0,single/solo,human_bbox_annotation,1,ILSVRC2012_val_00039247.JPEG,pooch,,1.0,bbox,,"[[160,38,402,382]]",1,500.0,421.0,2026-08-31T13:25:17.100Z,2026-08-31T13:26:37.954Z
annotator_0028,session_0029,40.0,single/solo,human_bbox_annotation,1,ILSVRC2012_val_00029356.JPEG,bird,,1.0,bbox,,"[[134,218,282,419]]",1,480.0,500.0,2026-08-31T13:25:22.764Z,2026-08-31T13:26:37.954Z
annotator_0028,session_0029,41.0,single/multi,human_bbox_annotation,1,ILSVRC2012_val_00018599.JPEG,corkscrew,,1.0,bbox,,"[[52,81,839,842]]",1,919.0,1024.0,2026-08-31T13:25:34.252Z,2026-08-31T13:26:37.954Z
annotator_0028,session_0029,42.0,single/multi,human_bbox_annotation,1,ILSVRC2012_val_00042837.JPEG,per𝐟ume,,1.0,bbox,,"[[28,103,449,468]]",1,500.0,495.0,2026-08-31T13:25:46.452Z,2026-08-31T13:26:37.954Z
annotator_0028,session_0029,43.0,single/multi,human_bbox_annotation,1,ILSVRC2012_val_00016527.JPEG,car,,1.0,bbox,,"[[72,122,498,326]]",1,500.0,375.0,2026-08-31T13:25:54.542Z,2026-08-31T13:26:37.954Z
annotator_0028,session_0029,44.0,multi,human_bbox_annotation,1,ILSVRC2012_val_00030479.JPEG,"dog, person",,2.0,bbox,,"[[61,2,489,342]]",1,500.0,375.0,2026-08-31T13:26:02.483Z,2026-08-31T13:26:37.954Z
annotator_0028,session_0029,45.0,multi,human_bbox_annotation,1,ILSVRC2012_val_00038720.JPEG,"elephant, person",,2.0,bbox,,"[[80,16,348,257]]",1,350.0,250.0,2026-08-31T13:26:08.844Z,2026-08-31T13:26:37.954Z
annotator_0028,session_0029,46.0,multi,human_bbox_annotation,1,ILSVRC2012_val_00015213.JPEG,"dog, person",,2.0,bbox,,"[[46,17,443,472]]",1,483.0,500.0,2026-08-31T13:26:19.333Z,2026-08-31T13:26:37.954Z
annotator_0028,session_0029,47.0,udacity,human_bbox_annotation,1,1478896071431847989.jpg,car,,1.0,bbox,,"[[377,72,478,217]]",1,480.0,300.0,2026-08-31T13:26:24.549Z,2026-08-31T13:26:37.954Z
annotator_0028,session_0029,48.0,udacity,human_bbox_annotation,1,1478020369195764352.jpg,car,,1.0,bbox,,"[[270,118,437,191]]",1,480.0,300.0,2026-08-31T13:26:29.693Z,2026-08-31T13:26:37.954Z
annotator_0028,session_0029,49.0,udacity,human_bbox_annotation,1,1479505730961910134.jpg,car,,1.0,bbox,,"[[0,54,475,265]]",1,480.0,300.0,2026-08-31T13:26:35.852Z,2026-08-31T13:26:37.954Z
annotator_0029,session_0030,,single/solo,human_bbox_annotation,2,ILSVRC2012_val_00047878.JPEG,bird,,1.0,bbox,,[],0,500.0,382.0,2026-08-31T13:14:58.923Z,2026-08-31T13:26:46.766Z
annotator_0029,session_0030,1.0,single/solo,human_bbox_annotation,2,ILSVRC2012_val_00028513.JPEG,𝛼ntelopz,,1.0,bbox,,[],0,500.0,344.0,2026-08-31T13:17:59.171Z,2026-08-31T13:26:46.766Z
annotator_0029,session_0030,2.0,single/solo,human_bbox_annotation,2,ILSVRC2012_val_00016909.JPEG,herd,,1.0,bbox,,[],0,500.0,375.0,2026-08-31T13:18:05.194Z,2026-08-31T13:26:46.766Z
annotator_0029,session_0030,3.0,single/multi,human_bbox_annotation,2,ILSVRC2012_val_00018599.JPEG,corkscrew,,1.0,bbox,,[],0,919.0,1024.0,2026-08-31T13:18:08.419Z,2026-08-31T13:26:46.766Z
annotator_0029,session_0030,4.0,single/multi,human_bbox_annotation,2,ILSVRC2012_val_00042837.JPEG,perfurne,,1.0,bbox,,"[[112,195,353,422]]",1,500.0,495.0,2026-08-31T13:18:30.058Z,2026-08-31T13:26:46.766Z
annotator_0029,session_0030,5.0,single/multi,human_bbox_annotation,2,ILSVRC2012_val_00042837.JPEG,pel fume,,1.0,bbox,,"[[285,150,439,404]]",1,500.0,495.0,2026-08-31T13:19:21.419Z,2026-08-31T13:26:46.766Z
annotator_0029,session_0030,6.0,multi,human_bbox_annotation,2,ILSVRC2013_val_00000449.JPEG,"bowl, person",,2.0,bbox,,"[[117,370,352,494]]",1,375.0,500.0,2026-08-31T13:19:28.930Z,2026-08-31T13:26:46.766Z
annotator_0029,session_0030,7.0,multi,human_bbox_annotation,2,ILSVRC2013_val_00003495.JPEG,"baby bead, filing cabinet, stove, desk",,4.0,bbox,,"[[98,235,285,366],[267,118,278,135],[255,196,351,247],[77,195,119,240],[151,153,258,182]]",5,500.0,375.0,2026-08-31T13:20:04.050Z,2026-08-31T13:26:46.766Z
annotator_0029,session_0030,8.0,multi,human_bbox_annotation,2,ILSVRC2012_val_00004761.JPEG,"fowl, pearson, saxophone",,3.0,bbox,,"[[143,343,212,418],[89,409,255,508],[88,343,146,398]]",3,500.0,500.0,2026-08-31T13:20:16.210Z,2026-08-31T13:26:46.766Z
annotator_0029,session_0030,9.0,udacity,human_bbox_annotation,2,1478020860712187115.jpg,car,,1.0,bbox,,"[[285,131,425,191],[219,135,269,156]]",2,480.0,300.0,2026-08-31T13:20:25.938Z,2026-08-31T13:26:46.766Z
annotator_0029,session_0030,10.0,udacity,human_bbox_annotation,2,1478020280197384728.jpg,cap,,1.0,bbox,,"[[49,234,479,249]]",1,480.0,300.0,2026-08-31T13:20:37.138Z,2026-08-31T13:26:46.766Z
annotator_0029,session_0030,11.0,udacity,human_bbox_annotation,2,1479501447174309879.jpg,cam,,1.0,bbox,,"[[18,104,401,253],[169,66,226,102]]",2,480.0,300.0,2026-08-31T13:20:53.834Z,2026-08-31T13:26:46.766Z
annotator_0029,session_0030,12.0,single/solo,human_bbox_annotation,2,ILSVRC2012_val_00012307.JPEG,bird,,1.0,bbox,,"[[155,40,295,201]]",1,443.0,500.0,2026-08-31T13:21:02.082Z,2026-08-31T13:26:46.766Z
annotator_0029,session_0030,13.0,single/solo,human_bbox_annotation,2,ILSVRC2012_val_00043873.JPEG,dig,,1.0,bbox,,"[[192,145,339,246]]",1,500.0,375.0,2026-08-31T13:21:16.434Z,2026-08-31T13:26:46.766Z
annotator_0029,session_0030,14.0,single/solo,human_bbox_annotation,2,ILSVRC2012_val_00002595.JPEG,locomotive,,1.0,bbox,,"[[274,166,391,213],[381,126,457,205]]",2,500.0,375.0,2026-08-31T13:21:29.852Z,2026-08-31T13:26:46.766Z
annotator_0029,session_0030,15.0,single/multi,human_bbox_annotation,2,ILSVRC2012_val_00029698.JPEG,bird,,1.0,bbox,,"[[141,34,428,315]]",1,500.0,375.0,2026-08-31T13:21:35.986Z,2026-08-31T13:26:46.766Z
annotator_0029,session_0030,16.0,single/multi,human_bbox_annotation,2,ILSVRC2013_val_00000008.JPEG,herd,,1.0,bbox,,"[[145,183,295,338]]",1,500.0,334.0,2026-08-31T13:21:46.402Z,2026-08-31T13:26:46.766Z
annotator_0029,session_0030,17.0,single/multi,human_bbox_annotation,2,ILSVRC2012_val_00037937.JPEG,per fume,,1.0,bbox,,"[[59,414,263,476]]",1,500.0,486.0,2026-08-31T13:21:57.060Z,2026-08-31T13:26:46.766Z
annotator_0029,session_0030,18.0,multi,human_bbox_annotation,2,ILSVRC2012_val_00003176.JPEG,"bench, dog",,2.0,bbox,,"[[179,37,423,359]]",1,500.0,375.0,2026-08-31T13:22:02.858Z,2026-08-31T13:26:46.766Z
annotator_0029,session_0030,19.0,multi,human_bbox_annotation,2,ILSVRC2012_val_00016267.JPEG,"aple, reler",,2.0,bbox,,"[[207,98,430,270]]",1,500.0,334.0,2026-08-31T13:22:11.802Z,2026-08-31T13:26:46.766Z
annotator_0029,session_0030,20.0,multi,human_bbox_annotation,2,ILSVRC2012_val_00047487.JPEG,"dug, person",,2.0,bbox,,"[[53,78,341,242]]",1,400.0,290.0,2026-08-31T13:22:18.826Z,2026-08-31T13:26:46.766Z
annotator_0029,session_0030,21.0,udacity,human_bbox_annotation,2,1478895568695802824.jpg,car,,1.0,bbox,,"[[37,117,146,204]]",1,480.0,300.0,2026-08-31T13:22:22.994Z,2026-08-31T13:26:46.766Z
annotator_0029,session_0030,22.0,udacity,human_bbox_annotation,2,1478896071431847989.jpg,can,,1.0,bbox,,"[[416,65,485,223]]",1,480.0,300.0,2026-08-31T13:22:32.714Z,2026-08-31T13:26:46.766Z
annotator_0029,session_0030,23.0,udacity,human_bbox_annotation,2,1479501431172538806.jpg,cam,,1.0,bbox,,"[[122,105,427,236]]",1,480.0,300.0,2026-08-31T13:22:37.962Z,2026-08-31T13:26:46.766Z
annotator_0029,session_0030,25.0,single/solo,human_bbox_annotation,2,ILSVRC2012_val_00006233.JPEG,diaper,,1.0,bbox,,"[[152,213,221,342]]",1,375.0,500.0,2026-08-31T13:22:56.234Z,2026-08-31T13:26:46.766Z
annotator_0029,session_0030,26.0,single/solo,human_bbox_annotation,2,ILSVRC2012_val_00026917.JPEG,butterfly,,1.0,bbox,,"[[206,66,439,327]]",1,500.0,443.0,2026-08-31T13:23:05.778Z,2026-08-31T13:26:46.766Z
annotator_0029,session_0030,27.0,single/solo,human_bbox_annotation,2,ILSVRC2012_val_00024314.JPEG,snake,,1.0,bbox,,"[[141,184,498,393]]",1,640.0,480.0,2026-08-31T13:23:10.618Z,2026-08-31T13:26:46.766Z
annotator_0029,session_0030,28.0,single/multi,human_bbox_annotation,2,ILSVRC2012_val_00037816.JPEG,antelope,,1.0,bbox,,"[[243,90,454,256],[27,164,211,301]]",2,500.0,333.0,2026-08-31T13:23:17.010Z,2026-08-31T13:26:46.766Z
annotator_0029,session_0030,29.0,single/multi,human_bbox_annotation,2,ILSVRC2012_val_00002802.JPEG,bird,,1.0,bbox,,"[[22,35,449,386],[13,226,61,234]]",2,500.0,385.0,2026-08-31T13:23:27.794Z,2026-08-31T13:26:46.766Z
annotator_0029,session_0030,30.0,single/multi,human_bbox_annotation,2,ILSVRC2012_val_00022295.JPEG,bench,,1.0,bbox,,"[[3,328,285,424]]",1,500.0,442.0,2026-08-31T13:23:36.994Z,2026-08-31T13:26:46.766Z
annotator_0029,session_0030,31.0,multi,human_bbox_annotation,2,ILSVRC2012_val_00010502.JPEG,"plastic bag, pomegranate",,2.0,bbox,,"[[3,1,117,88]]",1,500.0,356.0,2026-08-31T13:23:44.842Z,2026-08-31T13:26:46.766Z
annotator_0029,session_0030,32.0,multi,human_bbox_annotation,2,ILSVRC2012_val_00038249.JPEG,"bookshelf, disxwasher",,2.0,bbox,,"[[69,123,565,503]]",1,590.0,892.0,2026-08-31T13:23:53.268Z,2026-08-31T13:26:46.766Z
annotator_0029,session_0030,33.0,multi,human_bbox_annotation,2,ILSVRC2012_val_00024444.JPEG,"bench, cello, chair, pe rson, piano",,5.0,bbox,,"[[196,41,375,209],[161,212,291,358],[16,206,131,316]]",3,392.0,500.0,2026-08-31T13:24:03.690Z,2026-08-31T13:26:46.766Z
annotator_0029,session_0030,34.0,udacity,human_bbox_annotation,2,1478896071431847989.jpg,car,,1.0,bbox,,"[[398,77,488,216]]",1,480.0,300.0,2026-08-31T13:24:08.354Z,2026-08-31T13:26:46.766Z
annotator_0029,session_0030,35.0,udacity,human_bbox_annotation,2,1479504312367157311.jpg,"automobilp, truck",,2.0,bbox,,"[[67,25,205,98],[350,103,416,205]]",2,480.0,300.0,2026-08-31T13:24:14.578Z,2026-08-31T13:26:46.766Z
annotator_0029,session_0030,36.0,udacity,human_bbox_annotation,2,1478898995863305961.jpg,automobile,,1.0,reject,other,[],0,480.0,300.0,2026-08-31T13:24:24.370Z,2026-08-31T13:26:46.766Z
annotator_0029,session_0030,37.0,single/solo,human_bbox_annotation,2,ILSVRC2012_val_00001314.JPEG,dog,,1.0,bbox,,"[[153,82,426,276]]",1,500.0,375.0,2026-08-31T13:24:29.146Z,2026-08-31T13:26:46.766Z
annotator_0029,session_0030,39.0,single/solo,human_bbox_annotation,2,ILSVRC2012_val_00015173.JPEG,pooch,,1.0,reject,other,[],0,345.0,500.0,2026-08-31T13:24:41.355Z,2026-08-31T13:26:46.766Z
annotator_0029,session_0030,40.0,single/solo,human_bbox_annotation,2,ILSVRC2012_val_00017504.JPEG,perfume,,1.0,bbox,,"[[14,25,238,364]]",1,260.0,375.0,2026-08-31T13:24:46.482Z,2026-08-31T13:26:46.766Z
annotator_0029,session_0030,41.0,single/multi,human_bbox_annotation,2,ILSVRC2012_val_00012301.JPEG,snake,,1.0,bbox,,"[[19,19,391,492]]",1,430.0,500.0,2026-08-31T13:24:52.370Z,2026-08-31T13:26:46.766Z
annotator_0029,session_0030,42.0,single/multi,human_bbox_annotation,2,ILSVRC2012_val_00045966.JPEG,soap dispenser,,1.0,bbox,,"[[41,80,489,452]]",1,499.0,500.0,2026-08-31T13:25:02.708Z,2026-08-31T13:26:46.766Z
annotator_0029,session_0030,43.0,single/multi,human_bbox_annotation,2,ILSVRC2012_val_00041903.JPEG,salt or pepper shaker,,1.0,bbox,,"[[160,63,550,767]]",1,582.0,815.0,2026-08-31T13:25:09.594Z,2026-08-31T13:26:46.766Z
annotator_0029,session_0030,44.0,multi,human_bbox_annotation,2,ILSVRC2012_val_00005713.JPEG,"person, soccer ball",,2.0,bbox,,"[[101,20,248,147]]",1,300.0,225.0,2026-08-31T13:25:16.218Z,2026-08-31T13:26:46.766Z
annotator_0029,session_0030,45.0,multi,human_bbox_annotation,2,ILSVRC2012_val_00042150.JPEG,"car, individual, unicycle",,3.0,bbox,,"[[32,106,247,250],[450,183,504,293]]",2,500.0,375.0,2026-08-31T13:25:23.410Z,2026-08-31T13:26:46.766Z
annotator_0029,session_0030,46.0,multi,human_bbox_annotation,2,ILSVRC2013_val_00001956.JPEG,"ucp or mug, strawberry, table",,3.0,bbox,,"[[365,108,497,426],[24,31,253,377],[19,4,498,483]]",3,500.0,500.0,2026-08-31T13:25:38.042Z,2026-08-31T13:26:46.766Z
annotator_0029,session_0030,47.0,udacity,human_bbox_annotation,2,1478020280197384728.jpg,car,,1.0,bbox,,"[[225,120,406,213]]",1,480.0,300.0,2026-08-31T13:25:42.002Z,2026-08-31T13:26:46.766Z
annotator_0029,session_0030,48.0,udacity,human_bbox_annotation,2,1479500700123235425.jpg,truck,,1.0,bbox,,"[[3,86,143,237]]",1,480.0,300.0,2026-08-31T13:26:37.674Z,2026-08-31T13:26:46.766Z
annotator_0029,session_0030,49.0,udacity,human_bbox_annotation,2,1479501447174309879.jpg,car,,1.0,bbox,,"[[15,67,420,227]]",1,480.0,300.0,2026-08-31T13:26:43.146Z,2026-08-31T13:26:46.766Z
annotator_0030,session_0031,,single/solo,human_bbox_annotation,3,ILSVRC2012_val_00006233.JPEG,diaper,,1.0,bbox,,"[[131,216,245,325]]",1,375.0,500.0,2026-08-31T13:08:02.214Z,2026-08-31T13:34:07.506Z
annotator_0030,session_0031,1.0,single/solo,human_bbox_annotation,3,ILSVRC2012_val_00010994.JPEG,dot,,1.0,bbox,,"[[102,175,128,205],[172,70,196,95],[84,137,110,163]]",3,500.0,375.0,2026-08-31T13:11:52.618Z,2026-08-31T13:34:07.506Z
annotator_0030,session_0031,2.0,single/solo,human_bbox_annotation,3,ILSVRC2012_val_00047845.JPEG,sneak,,1.0,bbox,,"[[25,147,420,287]]",1,500.0,375.0,2026-08-31T13:12:19.706Z,2026-08-31T13:34:07.506Z
annotator_0030,session_0031,3.0,single/multi,human_bbox_annotation,3,ILSVRC2012_val_00041903.JPEG,salt or pepper shaker,,1.0,bbox,,"[[85,303,371,790]]",1,582.0,815.0,2026-08-31T13:12:49.226Z,2026-08-31T13:34:07.506Z
annotator_0030,session_0031,4.0,single/multi,human_bbox_annotation,3,ILSVRC2012_val_00044520.JPEG,iuod,,1.0,bbox,,"[[94,32,489,213]]",1,500.0,241.0,2026-08-31T13:13:52.749Z,2026-08-31T13:34:07.506Z
annotator_0030,session_0031,5.0,single/multi,human_bbox_annotation,3,ILSVRC2012_val_00004401.JPEG,islpod,,1.0,reject,unclear_label,[],0,375.0,500.0,2026-08-31T13:14:23.905Z,2026-08-31T13:34:07.506Z
annotator_0030,session_0031,6.0,multi,human_bbox_annotation,3,ILSVRC2012_val_00022857.JPEG,"dog, person",,2.0,bbox,,"[[2,81,300,370],[266,113,444,333],[354,2,498,373]]",3,500.0,375.0,2026-08-31T13:16:07.927Z,2026-08-31T13:34:07.506Z
annotator_0030,session_0031,7.0,multi,human_bbox_annotation,3,ILSVRC2012_val_00039154.JPEG,"pirson, racket",,2.0,bbox,,"[[29,20,324,368],[271,190,335,370]]",2,500.0,376.0,2026-08-31T13:17:06.049Z,2026-08-31T13:34:07.506Z
annotator_0030,session_0031,8.0,multi,human_bbox_annotation,3,ILSVRC2012_val_00030479.JPEG,"dog, individual",,2.0,bbox,,"[[50,92,366,296],[362,2,477,105]]",2,500.0,375.0,2026-08-31T13:17:43.158Z,2026-08-31T13:34:07.506Z
annotator_0030,session_0031,9.0,udacity,human_bbox_annotation,3,1479501431172538806.jpg,car,,1.0,bbox,,"[[114,95,426,231]]",1,480.0,300.0,2026-08-31T13:17:55.263Z,2026-08-31T13:34:07.506Z
annotator_0030,session_0031,10.0,udacity,human_bbox_annotation,3,1479501447174309879.jpg,cab,,1.0,bbox,,"[[2,107,351,232]]",1,480.0,300.0,2026-08-31T13:18:09.104Z,2026-08-31T13:34:07.506Z
annotator_0030,session_0031,11.0,udacity,human_bbox_annotation,3,1479503322799978016.jpg,car,,1.0,bbox,,"[[0,118,105,235],[138,99,324,236],[390,117,474,191]]",3,480.0,300.0,2026-08-31T13:18:52.791Z,2026-08-31T13:34:07.506Z
annotator_0030,session_0031,12.0,single/solo,human_bbox_annotation,3,ILSVRC2012_val_00031771.JPEG,croquet ball,,1.0,bbox,,"[[166,133,295,242]]",1,500.0,333.0,2026-08-31T13:19:07.061Z,2026-08-31T13:34:07.506Z
annotator_0030,session_0031,13.0,single/solo,human_bbox_annotation,3,ILSVRC2012_val_00032258.JPEG,golf fihs,,1.0,bbox,,"[[138,68,416,332]]",1,500.0,375.0,2026-08-31T13:19:22.813Z,2026-08-31T13:34:07.506Z
annotator_0030,session_0031,14.0,single/solo,human_bbox_annotation,3,ILSVRC2012_val_00013465.JPEG,hippopotamus,,1.0,bbox,,"[[43,160,250,331]]",1,396.0,500.0,2026-08-31T13:19:39.970Z,2026-08-31T13:34:07.506Z
annotator_0030,session_0031,15.0,single/multi,human_bbox_annotation,3,ILSVRC2012_val_00048808.JPEG,isopod,,1.0,reject,unclear_image,[],0,500.0,375.0,2026-08-31T13:20:41.671Z,2026-08-31T13:34:07.506Z
annotator_0030,session_0031,16.0,single/multi,human_bbox_annotation,3,ILSVRC2012_val_00039027.JPEG,dot,,1.0,reject,unclear_image,[],0,500.0,375.0,2026-08-31T13:22:29.211Z,2026-08-31T13:34:07.506Z
annotator_0030,session_0031,17.0,single/multi,human_bbox_annotation,3,ILSVRC2012_val_00039795.JPEG,bare,,1.0,bbox,,"[[93,9,223,149],[27,56,115,148],[93,68,151,153]]",3,250.0,168.0,2026-08-31T13:23:43.027Z,2026-08-31T13:34:07.506Z
annotator_0030,session_0031,18.0,multi,human_bbox_annotation,3,ILSVRC2012_val_00004709.JPEG,"brassiere, person",,2.0,bbox,,"[[65,256,251,356],[31,8,332,489]]",2,338.0,500.0,2026-08-31T13:24:50.642Z,2026-08-31T13:34:07.506Z
annotator_0030,session_0031,19.0,multi,human_bbox_annotation,3,ILSVRC2012_val_00006695.JPEG,"bow tie, ob oe, pearspn",,3.0,bbox,,"[[432,398,752,588],[108,309,574,968],[16,4,864,972]]",3,867.0,996.0,2026-08-31T13:25:34.881Z,2026-08-31T13:34:07.506Z
annotator_0030,session_0031,20.0,multi,human_bbox_annotation,3,ILSVRC2012_val_00004048.JPEG,"croquet ball, flower pot, ping-pong ball",,3.0,bbox,,"[[166,207,228,364],[0,126,76,335]]",2,375.0,500.0,2026-08-31T13:26:52.584Z,2026-08-31T13:34:07.506Z
annotator_0030,session_0031,21.0,udacity,human_bbox_annotation,3,1478896071431847989.jpg,car,,1.0,bbox,,"[[404,87,477,209]]",1,480.0,300.0,2026-08-31T13:27:04.027Z,2026-08-31T13:34:07.506Z
annotator_0030,session_0031,23.0,udacity,human_bbox_annotation,3,1478898995863305961.jpg,can,,1.0,bbox,,"[[141,123,247,211]]",1,480.0,300.0,2026-08-31T13:27:41.888Z,2026-08-31T13:34:07.506Z
annotator_0030,session_0031,25.0,udacity,human_bbox_annotation,3,1478898087511960878.jpg,"car, track",,2.0,bbox,,"[[40,93,250,256],[254,26,467,200]]",2,480.0,300.0,2026-08-31T13:28:39.784Z,2026-08-31T13:34:07.506Z
annotator_0030,session_0031,26.0,single/solo,human_bbox_annotation,3,ILSVRC2013_val_00004426.JPEG,koala bear,,1.0,bbox,,"[[24,75,329,497]]",1,332.0,500.0,2026-08-31T13:29:18.743Z,2026-08-31T13:34:07.506Z
annotator_0030,session_0031,27.0,single/solo,human_bbox_annotation,3,ILSVRC2013_val_00004383.JPEG,person,,1.0,bbox,,"[[5,5,326,490]]",1,333.0,500.0,2026-08-31T13:29:33.863Z,2026-08-31T13:34:07.506Z
annotator_0030,session_0031,28.0,single/solo,human_bbox_annotation,3,ILSVRC2012_val_00043661.JPEG,sal t or pepper shaker,,1.0,bbox,,"[[94,62,306,468]]",1,380.0,571.0,2026-08-31T13:29:45.054Z,2026-08-31T13:34:07.506Z
annotator_0030,session_0031,29.0,single/multi,human_bbox_annotation,3,ILSVRC2012_val_00029698.JPEG,bird,,1.0,bbox,,"[[190,83,261,169],[28,31,414,306]]",2,500.0,375.0,2026-08-31T13:30:13.846Z,2026-08-31T13:34:07.506Z
annotator_0030,session_0031,30.0,single/multi,human_bbox_annotation,3,ILSVRC2013_val_00001740.JPEG,bicycl e,,1.0,bbox,,"[[221,190,330,340]]",1,333.0,500.0,2026-08-31T13:30:31.614Z,2026-08-31T13:34:07.506Z
annotator_0030,session_0031,31.0,single/multi,human_bbox_annotation,3,ILSVRC2012_val_00035151.JPEG,burd,,1.0,bbox,,"[[3,41,467,376]]",1,500.0,384.0,2026-08-31T13:31:18.231Z,2026-08-31T13:34:07.506Z
annotator_0030,session_0031,32.0,multi,human_bbox_annotation,3,ILSVRC2012_val_00026051.JPEG,"bookshelf, dog",,2.0,bbox,,"[[106,65,296,443]]",1,415.0,500.0,2026-08-31T13:31:29.933Z,2026-08-31T13:34:07.506Z
annotator_0030,session_0031,33.0,multi,human_bbox_annotation,3,ILSVRC2012_val_00018814.JPEG,"croquet ball, person, pingpogg bawl",,3.0,bbox,,"[[147,267,200,331],[394,6,489,167]]",2,500.0,417.0,2026-08-31T13:31:40.989Z,2026-08-31T13:34:07.506Z
annotator_0030,session_0031,34.0,multi,human_bbox_annotation,3,ILSVRC2012_val_00004068.JPEG,"axe, person",,2.0,bbox,,"[[16,-5,136,156],[108,238,366,492]]",2,375.0,500.0,2026-08-31T13:31:55.366Z,2026-08-31T13:34:07.506Z
annotator_0030,session_0031,35.0,udacity,human_bbox_annotation,3,1478898087511960878.jpg,"car, truck",,2.0,bbox,,"[[36,88,258,259],[259,31,464,205]]",2,480.0,300.0,2026-08-31T13:32:06.086Z,2026-08-31T13:34:07.506Z
annotator_0030,session_0031,36.0,udacity,human_bbox_annotation,3,1478896071431847989.jpg,cav,,1.0,bbox,,"[[394,89,477,201]]",1,480.0,300.0,2026-08-31T13:32:13.493Z,2026-08-31T13:34:07.506Z
annotator_0030,session_0031,37.0,udacity,human_bbox_annotation,3,1478895568695802824.jpg,car,,1.0,bbox,,"[[26,144,108,197]]",1,480.0,300.0,2026-08-31T13:32:18.829Z,2026-08-31T13:34:07.506Z
annotator_0030,session_0031,38.0,single/solo,human_bbox_annotation,3,ILSVRC2013_val_00001634.JPEG,table,,1.0,bbox,,"[[17,2,405,482]]",1,500.0,500.0,2026-08-31T13:32:26.493Z,2026-08-31T13:34:07.506Z
annotator_0030,session_0031,39.0,single/solo,human_bbox_annotation,3,ILSVRC2012_val_00026917.JPEG,butterfly,,1.0,bbox,,"[[212,60,442,317]]",1,500.0,443.0,2026-08-31T13:32:33.212Z,2026-08-31T13:34:07.506Z
annotator_0030,session_0031,40.0,single/solo,human_bbox_annotation,3,ILSVRC2012_val_00024314.JPEG,sneak,,1.0,bbox,,"[[137,172,467,381]]",1,640.0,480.0,2026-08-31T13:32:45.420Z,2026-08-31T13:34:07.506Z
annotator_0030,session_0031,41.0,single/multi,human_bbox_annotation,3,ILSVRC2012_val_00035101.JPEG,zebra,,1.0,bbox,,"[[2,4,498,415]]",1,500.0,421.0,2026-08-31T13:32:53.380Z,2026-08-31T13:34:07.506Z
annotator_0030,session_0031,42.0,single/multi,human_bbox_annotation,3,ILSVRC2012_val_00035612.JPEG,mokney,,1.0,bbox,,"[[54,25,458,469]]",1,500.0,500.0,2026-08-31T13:33:01.133Z,2026-08-31T13:34:07.506Z
annotator_0030,session_0031,43.0,single/multi,human_bbox_annotation,3,ILSVRC2012_val_00035457.JPEG,cart,,1.0,bbox,,"[[209,40,589,300],[20,48,171,191]]",2,624.0,396.0,2026-08-31T13:33:10.508Z,2026-08-31T13:34:07.506Z
annotator_0030,session_0031,44.0,multi,human_bbox_annotation,3,ILSVRC2012_val_00035378.JPEG,"bird, dog",,2.0,bbox,,"[[75,92,411,294],[35,16,470,336]]",2,500.0,400.0,2026-08-31T13:33:18.477Z,2026-08-31T13:34:07.506Z
annotator_0030,session_0031,45.0,multi,human_bbox_annotation,3,ILSVRC2012_val_00044472.JPEG,"hat with a wide brim, person",,2.0,bbox,,"[[1,1,370,496]]",1,375.0,500.0,2026-08-31T13:33:32.620Z,2026-08-31T13:34:07.506Z
annotator_0030,session_0031,46.0,multi,human_bbox_annotation,3,ILSVRC2013_val_00003860.JPEG,"digital clock, person",,2.0,bbox,,"[[81,76,134,118],[172,25,490,487]]",2,500.0,500.0,2026-08-31T13:33:45.683Z,2026-08-31T13:34:07.506Z
annotator_0030,session_0031,47.0,udacity,human_bbox_annotation,3,1478732233783674595.jpg,car,,1.0,bbox,,"[[134,127,216,166],[287,119,401,171]]",2,480.0,300.0,2026-08-31T13:33:52.387Z,2026-08-31T13:34:07.506Z
annotator_0030,session_0031,48.0,udacity,human_bbox_annotation,3,1479501447174309879.jpg,car,,1.0,bbox,,"[[9,99,352,234]]",1,480.0,300.0,2026-08-31T13:33:57.908Z,2026-08-31T13:34:07.506Z
annotator_0030,session_0031,49.0,udacity,human_bbox_annotation,3,1479500714623724165.jpg,car,,1.0,bbox,,"[[64,129,177,196],[6,124,54,195]]",2,480.0,300.0,2026-08-31T13:34:03.635Z,2026-08-31T13:34:07.506Z
annotator_0031,session_0032,,single/solo,human_bbox_annotation,3,ILSVRC2012_val_00006233.JPEG,diaper,,1.0,bbox,,[],0,375.0,500.0,2026-08-31T13:14:42.377Z,2026-08-31T13:34:16.205Z
annotator_0031,session_0032,1.0,single/solo,human_bbox_annotation,3,ILSVRC2012_val_00010994.JPEG,dot,,1.0,reject,unclear_label,[],0,500.0,375.0,2026-08-31T13:15:12.129Z,2026-08-31T13:34:16.205Z
annotator_0031,session_0032,2.0,single/solo,human_bbox_annotation,3,ILSVRC2012_val_00047845.JPEG,sneak,,1.0,bbox,,[],0,500.0,375.0,2026-08-31T13:15:41.449Z,2026-08-31T13:34:16.205Z
annotator_0031,session_0032,3.0,single/multi,human_bbox_annotation,3,ILSVRC2012_val_00041903.JPEG,salt or pepper shaker,,1.0,bbox,,[],0,582.0,815.0,2026-08-31T13:16:12.368Z,2026-08-31T13:34:16.205Z
annotator_0031,session_0032,4.0,single/multi,human_bbox_annotation,3,ILSVRC2012_val_00044520.JPEG,iuod,,1.0,reject,unclear_label,[],0,500.0,241.0,2026-08-31T13:16:35.208Z,2026-08-31T13:34:16.205Z
annotator_0031,session_0032,5.0,single/multi,human_bbox_annotation,3,ILSVRC2012_val_00004401.JPEG,islpod,,1.0,reject,unclear_label,[],0,375.0,500.0,2026-08-31T13:17:00.616Z,2026-08-31T13:34:16.205Z
annotator_0031,session_0032,6.0,multi,human_bbox_annotation,3,ILSVRC2012_val_00022857.JPEG,"dog, person",,2.0,bbox,,[],0,500.0,375.0,2026-08-31T13:17:31.248Z,2026-08-31T13:34:16.205Z
annotator_0031,session_0032,7.0,multi,human_bbox_annotation,3,ILSVRC2012_val_00039154.JPEG,"pirson, racket",,2.0,bbox,,[],0,500.0,376.0,2026-08-31T13:17:55.409Z,2026-08-31T13:34:16.205Z
annotator_0031,session_0032,8.0,multi,human_bbox_annotation,3,ILSVRC2012_val_00030479.JPEG,"dog, individual",,2.0,bbox,,"[[27,93,369,282]]",1,500.0,375.0,2026-08-31T13:19:59.033Z,2026-08-31T13:34:16.205Z
annotator_0031,session_0032,9.0,udacity,human_bbox_annotation,3,1479501431172538806.jpg,car,,1.0,bbox,,[],0,480.0,300.0,2026-08-31T13:20:48.945Z,2026-08-31T13:34:16.205Z
annotator_0031,session_0032,10.0,udacity,human_bbox_annotation,3,1479501447174309879.jpg,cab,,1.0,bbox,,"[[4,56,374,265]]",1,480.0,300.0,2026-08-31T13:21:24.952Z,2026-08-31T13:34:16.205Z
annotator_0031,session_0032,11.0,udacity,human_bbox_annotation,3,1479503322799978016.jpg,car,,1.0,bbox,,"[[120,62,345,261],[383,82,481,215],[-12,100,103,240]]",3,480.0,300.0,2026-08-31T13:22:52.112Z,2026-08-31T13:34:16.205Z
annotator_0031,session_0032,12.0,single/solo,human_bbox_annotation,3,ILSVRC2012_val_00031771.JPEG,croquet ball,,1.0,bbox,,"[[179,76,415,245]]",1,500.0,333.0,2026-08-31T13:23:50.080Z,2026-08-31T13:34:16.205Z
annotator_0031,session_0032,13.0,single/solo,human_bbox_annotation,3,ILSVRC2012_val_00032258.JPEG,golf fihs,,1.0,reject,unclear_label,[],0,500.0,375.0,2026-08-31T13:24:12.688Z,2026-08-31T13:34:16.205Z
annotator_0031,session_0032,14.0,single/solo,human_bbox_annotation,3,ILSVRC2012_val_00013465.JPEG,hippopotamus,,1.0,reject,unclear_image,[],0,396.0,500.0,2026-08-31T13:24:33.736Z,2026-08-31T13:34:16.205Z
annotator_0031,session_0032,15.0,single/multi,human_bbox_annotation,3,ILSVRC2012_val_00048808.JPEG,isopod,,1.0,reject,unclear_label,[],0,500.0,375.0,2026-08-31T13:25:54.904Z,2026-08-31T13:34:16.205Z
annotator_0031,session_0032,16.0,single/multi,human_bbox_annotation,3,ILSVRC2012_val_00039027.JPEG,dot,,1.0,reject,unclear_label,[],0,500.0,375.0,2026-08-31T13:26:19.096Z,2026-08-31T13:34:16.205Z
annotator_0031,session_0032,17.0,single/multi,human_bbox_annotation,3,ILSVRC2012_val_00039795.JPEG,bare,,1.0,bbox,,[],0,250.0,168.0,2026-08-31T13:26:47.352Z,2026-08-31T13:34:16.205Z
annotator_0031,session_0032,18.0,multi,human_bbox_annotation,3,ILSVRC2012_val_00004709.JPEG,"brassiere, person",,2.0,bbox,,[],0,338.0,500.0,2026-08-31T13:27:14.760Z,2026-08-31T13:34:16.205Z
annotator_0031,session_0032,19.0,multi,human_bbox_annotation,3,ILSVRC2012_val_00006695.JPEG,"bow tie, ob oe, pearspn",,3.0,bbox,,"[[54,4,867,985]]",1,867.0,996.0,2026-08-31T13:27:33.168Z,2026-08-31T13:34:16.205Z
annotator_0031,session_0032,20.0,multi,human_bbox_annotation,3,ILSVRC2012_val_00004048.JPEG,"croquet ball, flower pot, ping-pong ball",,3.0,bbox,,"[[12,2,358,412]]",1,375.0,500.0,2026-08-31T13:27:41.425Z,2026-08-31T13:34:16.205Z
annotator_0031,session_0032,21.0,udacity,human_bbox_annotation,3,1478896071431847989.jpg,car,,1.0,bbox,,"[[368,10,513,255]]",1,480.0,300.0,2026-08-31T13:27:47.985Z,2026-08-31T13:34:16.205Z
annotator_0031,session_0032,22.0,udacity,human_bbox_annotation,3,1478898995863305961.jpg,can,,1.0,bbox,,"[[112,98,306,231]]",1,480.0,300.0,2026-08-31T13:27:56.672Z,2026-08-31T13:34:16.205Z
annotator_0031,session_0032,23.0,udacity,human_bbox_annotation,3,1478898087511960878.jpg,"car, track",,2.0,bbox,,"[[6,25,249,288],[253,-1,476,283]]",2,480.0,300.0,2026-08-31T13:28:37.328Z,2026-08-31T13:34:16.205Z
annotator_0031,session_0032,24.0,single/solo,human_bbox_annotation,3,ILSVRC2013_val_00004426.JPEG,koala bear,,1.0,bbox,,"[[64,37,159,183]]",1,332.0,500.0,2026-08-31T13:28:48.696Z,2026-08-31T13:34:16.205Z
annotator_0031,session_0032,25.0,single/solo,human_bbox_annotation,3,ILSVRC2013_val_00004383.JPEG,person,,1.0,bbox,,"[[17,21,327,503]]",1,333.0,500.0,2026-08-31T13:29:07.208Z,2026-08-31T13:34:16.205Z
annotator_0031,session_0032,26.0,single/solo,human_bbox_annotation,3,ILSVRC2012_val_00043661.JPEG,sal t or pepper shaker,,1.0,bbox,,"[[56,13,343,524]]",1,380.0,571.0,2026-08-31T13:29:13.336Z,2026-08-31T13:34:16.205Z
annotator_0031,session_0032,27.0,single/multi,human_bbox_annotation,3,ILSVRC2012_val_00029698.JPEG,bird,,1.0,reject,unclear_label,[],0,500.0,375.0,2026-08-31T13:29:21.016Z,2026-08-31T13:34:16.205Z
annotator_0031,session_0032,28.0,single/multi,human_bbox_annotation,3,ILSVRC2013_val_00001740.JPEG,bicycl e,,1.0,skip,,[],0,333.0,500.0,2026-08-31T13:29:27.448Z,2026-08-31T13:34:16.205Z
annotator_0031,session_0032,29.0,single/multi,human_bbox_annotation,3,ILSVRC2012_val_00035151.JPEG,burd,,1.0,skip,,[],0,500.0,384.0,2026-08-31T13:29:29.904Z,2026-08-31T13:34:16.205Z
annotator_0031,session_0032,30.0,multi,human_bbox_annotation,3,ILSVRC2012_val_00026051.JPEG,"bookshelf, dog",,2.0,bbox,,"[[63,41,356,484]]",1,415.0,500.0,2026-08-31T13:29:36.456Z,2026-08-31T13:34:16.205Z
annotator_0031,session_0032,31.0,multi,human_bbox_annotation,3,ILSVRC2012_val_00018814.JPEG,"croquet ball, person, pingpogg bawl",,3.0,bbox,,"[[72,3,468,415]]",1,500.0,417.0,2026-08-31T13:29:46.560Z,2026-08-31T13:34:16.205Z
annotator_0031,session_0032,32.0,multi,human_bbox_annotation,3,ILSVRC2012_val_00004068.JPEG,"axe, person",,2.0,bbox,,"[[7,-1,378,499]]",1,375.0,500.0,2026-08-31T13:29:56.168Z,2026-08-31T13:34:16.205Z
annotator_0031,session_0032,33.0,udacity,human_bbox_annotation,3,1478898087511960878.jpg,"car, truck",,2.0,bbox,,"[[29,32,273,274]]",1,480.0,300.0,2026-08-31T13:30:07.656Z,2026-08-31T13:34:16.205Z
annotator_0031,session_0032,34.0,udacity,human_bbox_annotation,3,1478896071431847989.jpg,cav,,1.0,bbox,,"[[393,9,506,260]]",1,480.0,300.0,2026-08-31T13:30:18.024Z,2026-08-31T13:34:16.205Z
annotator_0031,session_0032,35.0,udacity,human_bbox_annotation,3,1478895568695802824.jpg,car,,1.0,bbox,,"[[27,78,155,232]]",1,480.0,300.0,2026-08-31T13:30:23.567Z,2026-08-31T13:34:16.205Z
annotator_0031,session_0032,36.0,single/solo,human_bbox_annotation,3,ILSVRC2013_val_00001634.JPEG,table,,1.0,bbox,,"[[17,2,451,542]]",1,500.0,500.0,2026-08-31T13:30:35.480Z,2026-08-31T13:34:16.205Z
annotator_0031,session_0032,37.0,single/solo,human_bbox_annotation,3,ILSVRC2012_val_00026917.JPEG,butterfly,,1.0,bbox,,"[[212,72,424,337]]",1,500.0,443.0,2026-08-31T13:30:43.911Z,2026-08-31T13:34:16.205Z
annotator_0031,session_0032,38.0,single/solo,human_bbox_annotation,3,ILSVRC2012_val_00024314.JPEG,sneak,,1.0,bbox,,"[[78,170,508,401]]",1,640.0,480.0,2026-08-31T13:30:51.000Z,2026-08-31T13:34:16.205Z
annotator_0031,session_0032,39.0,single/multi,human_bbox_annotation,3,ILSVRC2012_val_00035101.JPEG,zebra,,1.0,bbox,,"[[-57,6,500,425]]",1,500.0,421.0,2026-08-31T13:31:19.144Z,2026-08-31T13:34:16.205Z
annotator_0031,session_0032,40.0,single/multi,human_bbox_annotation,3,ILSVRC2012_val_00035612.JPEG,mokney,,1.0,bbox,,"[[36,8,483,493]]",1,500.0,500.0,2026-08-31T13:31:29.584Z,2026-08-31T13:34:16.205Z
annotator_0031,session_0032,41.0,single/multi,human_bbox_annotation,3,ILSVRC2012_val_00035457.JPEG,cart,,1.0,bbox,,"[[15,1,623,385]]",1,624.0,396.0,2026-08-31T13:32:03.401Z,2026-08-31T13:34:16.205Z
annotator_0031,session_0032,42.0,multi,human_bbox_annotation,3,ILSVRC2012_val_00035378.JPEG,"bird, dog",,2.0,bbox,,"[[70,12,463,384]]",1,500.0,400.0,2026-08-31T13:32:21.383Z,2026-08-31T13:34:16.205Z
annotator_0031,session_0032,44.0,multi,human_bbox_annotation,3,ILSVRC2012_val_00044472.JPEG,"hat with a wide brim, person",,2.0,bbox,,"[[8,9,373,499]]",1,375.0,500.0,2026-08-31T13:33:15.959Z,2026-08-31T13:34:16.205Z
annotator_0031,session_0032,45.0,multi,human_bbox_annotation,3,ILSVRC2013_val_00003860.JPEG,"digital clock, person",,2.0,bbox,,"[[11,6,180,254]]",1,500.0,500.0,2026-08-31T13:33:37.256Z,2026-08-31T13:34:16.205Z
annotator_0031,session_0032,46.0,udacity,human_bbox_annotation,3,1478732233783674595.jpg,car,,1.0,bbox,,"[[284,72,408,222],[126,60,267,229]]",2,480.0,300.0,2026-08-31T13:33:46.802Z,2026-08-31T13:34:16.205Z
annotator_0031,session_0032,47.0,udacity,human_bbox_annotation,3,1479501447174309879.jpg,car,,1.0,bbox,,"[[-8,48,356,285]]",1,480.0,300.0,2026-08-31T13:33:57.632Z,2026-08-31T13:34:16.205Z
annotator_0031,session_0032,49.0,udacity,human_bbox_annotation,3,1479500714623724165.jpg,car,,1.0,bbox,,"[[-3,76,205,251]]",1,480.0,300.0,2026-08-31T13:34:13.272Z,2026-08-31T13:34:16.205Z
annotator_0032,session_0033,,single/solo,human_bbox_annotation,2,ILSVRC2012_val_00047878.JPEG,bird,,1.0,reject,unclear_image,[],0,500.0,382.0,2026-08-31T13:18:41.073Z,2026-08-31T13:40:45.972Z
annotator_0032,session_0033,1.0,single/solo,human_bbox_annotation,2,ILSVRC2012_val_00028513.JPEG,𝛼ntelopz,,1.0,bbox,,"[[51,109,331,300]]",1,500.0,344.0,2026-08-31T13:19:45.449Z,2026-08-31T13:40:45.972Z
annotator_0032,session_0033,2.0,single/solo,human_bbox_annotation,2,ILSVRC2012_val_00016909.JPEG,herd,,1.0,reject,unclear_image,[],0,500.0,375.0,2026-08-31T13:20:56.865Z,2026-08-31T13:40:45.972Z
annotator_0032,session_0033,3.0,single/multi,human_bbox_annotation,2,ILSVRC2012_val_00018599.JPEG,corkscrew,,1.0,reject,unclear_image,[],0,919.0,1024.0,2026-08-31T13:21:19.745Z,2026-08-31T13:40:45.972Z
annotator_0032,session_0033,4.0,single/multi,human_bbox_annotation,2,ILSVRC2012_val_00042837.JPEG,perfurne,,1.0,reject,unclear_label,[],0,500.0,495.0,2026-08-31T13:21:36.721Z,2026-08-31T13:40:45.972Z
annotator_0032,session_0033,5.0,single/multi,human_bbox_annotation,2,ILSVRC2012_val_00042837.JPEG,pel fume,,1.0,reject,unclear_label,[],0,500.0,495.0,2026-08-31T13:22:02.130Z,2026-08-31T13:40:45.972Z
annotator_0032,session_0033,6.0,multi,human_bbox_annotation,2,ILSVRC2013_val_00000449.JPEG,"bowl, person",,2.0,bbox,,"[[-3,0,372,496]]",1,375.0,500.0,2026-08-31T13:23:29.337Z,2026-08-31T13:40:45.972Z
annotator_0032,session_0033,7.0,multi,human_bbox_annotation,2,ILSVRC2013_val_00003495.JPEG,"baby bead, filing cabinet, stove, desk",,4.0,reject,unclear_label,[],0,500.0,375.0,2026-08-31T13:24:58.137Z,2026-08-31T13:40:45.972Z
annotator_0032,session_0033,8.0,multi,human_bbox_annotation,2,ILSVRC2012_val_00004761.JPEG,"fowl, pearson, saxophone",,3.0,reject,unclear_label,[],0,500.0,500.0,2026-08-31T13:25:35.193Z,2026-08-31T13:40:45.972Z
annotator_0032,session_0033,9.0,udacity,human_bbox_annotation,2,1478020860712187115.jpg,car,,1.0,bbox,,"[[219,126,415,206]]",1,480.0,300.0,2026-08-31T13:25:44.865Z,2026-08-31T13:40:45.972Z
annotator_0032,session_0033,10.0,udacity,human_bbox_annotation,2,1478020280197384728.jpg,cap,,1.0,reject,other,[],0,480.0,300.0,2026-08-31T13:26:21.281Z,2026-08-31T13:40:45.972Z
annotator_0032,session_0033,11.0,udacity,human_bbox_annotation,2,1479501447174309879.jpg,cam,,1.0,reject,unclear_label,[],0,480.0,300.0,2026-08-31T13:27:00.337Z,2026-08-31T13:40:45.972Z
annotator_0032,session_0033,12.0,single/solo,human_bbox_annotation,2,ILSVRC2012_val_00012307.JPEG,bird,,1.0,bbox,,"[[125,40,398,401]]",1,443.0,500.0,2026-08-31T13:27:48.321Z,2026-08-31T13:40:45.972Z
annotator_0032,session_0033,13.0,single/solo,human_bbox_annotation,2,ILSVRC2012_val_00043873.JPEG,dig,,1.0,reject,unclear_label,[],0,500.0,375.0,2026-08-31T13:31:08.529Z,2026-08-31T13:40:45.972Z
annotator_0032,session_0033,14.0,single/solo,human_bbox_annotation,2,ILSVRC2012_val_00002595.JPEG,locomotive,,1.0,reject,unclear_label,[],0,500.0,375.0,2026-08-31T13:31:33.345Z,2026-08-31T13:40:45.972Z
annotator_0032,session_0033,15.0,single/multi,human_bbox_annotation,2,ILSVRC2012_val_00029698.JPEG,bird,,1.0,reject,unclear_image,[],0,500.0,375.0,2026-08-31T13:31:51.625Z,2026-08-31T13:40:45.972Z
annotator_0032,session_0033,16.0,single/multi,human_bbox_annotation,2,ILSVRC2013_val_00000008.JPEG,herd,,1.0,reject,unclear_label,[],0,500.0,334.0,2026-08-31T13:32:18.617Z,2026-08-31T13:40:45.972Z
annotator_0032,session_0033,17.0,single/multi,human_bbox_annotation,2,ILSVRC2012_val_00037937.JPEG,per fume,,1.0,reject,unclear_label,[],0,500.0,486.0,2026-08-31T13:32:35.497Z,2026-08-31T13:40:45.972Z
annotator_0032,session_0033,18.0,multi,human_bbox_annotation,2,ILSVRC2012_val_00003176.JPEG,"bench, dog",,2.0,reject,unclear_image,[],0,500.0,375.0,2026-08-31T13:32:54.345Z,2026-08-31T13:40:45.972Z
annotator_0032,session_0033,19.0,multi,human_bbox_annotation,2,ILSVRC2012_val_00016267.JPEG,"aple, reler",,2.0,reject,unclear_label,[],0,500.0,334.0,2026-08-31T13:33:07.561Z,2026-08-31T13:40:45.972Z
annotator_0032,session_0033,20.0,multi,human_bbox_annotation,2,ILSVRC2012_val_00047487.JPEG,"dug, person",,2.0,reject,unclear_label,[],0,400.0,290.0,2026-08-31T13:33:11.041Z,2026-08-31T13:40:45.972Z
annotator_0032,session_0033,21.0,udacity,human_bbox_annotation,2,1478895568695802824.jpg,car,,1.0,bbox,,"[[24,121,117,199]]",1,480.0,300.0,2026-08-31T13:33:20.850Z,2026-08-31T13:40:45.972Z
annotator_0032,session_0033,22.0,udacity,human_bbox_annotation,2,1478896071431847989.jpg,can,,1.0,reject,unclear_label,[],0,480.0,300.0,2026-08-31T13:33:25.049Z,2026-08-31T13:40:45.972Z
annotator_0032,session_0033,23.0,udacity,human_bbox_annotation,2,1479501431172538806.jpg,cam,,1.0,reject,unclear_label,[],0,480.0,300.0,2026-08-31T13:33:27.289Z,2026-08-31T13:40:45.972Z
annotator_0032,session_0033,24.0,single/solo,human_bbox_annotation,2,ILSVRC2012_val_00006233.JPEG,diaper,,1.0,reject,unclear_image,[],0,375.0,500.0,2026-08-31T13:33:45.401Z,2026-08-31T13:40:45.972Z
annotator_0032,session_0033,25.0,single/solo,human_bbox_annotation,2,ILSVRC2012_val_00026917.JPEG,butterfly,,1.0,reject,unclear_label,[],0,500.0,443.0,2026-08-31T13:34:04.985Z,2026-08-31T13:40:45.972Z
annotator_0032,session_0033,26.0,single/solo,human_bbox_annotation,2,ILSVRC2012_val_00024314.JPEG,snake,,1.0,reject,unclear_label,[],0,640.0,480.0,2026-08-31T13:34:23.201Z,2026-08-31T13:40:45.972Z
annotator_0032,session_0033,27.0,single/multi,human_bbox_annotation,2,ILSVRC2012_val_00037816.JPEG,antelope,,1.0,reject,unclear_image,[],0,500.0,333.0,2026-08-31T13:34:45.865Z,2026-08-31T13:40:45.972Z
annotator_0032,session_0033,28.0,single/multi,human_bbox_annotation,2,ILSVRC2012_val_00002802.JPEG,bird,,1.0,reject,unclear_label,[],0,500.0,385.0,2026-08-31T13:35:11.033Z,2026-08-31T13:40:45.972Z
annotator_0032,session_0033,29.0,single/multi,human_bbox_annotation,2,ILSVRC2012_val_00022295.JPEG,bench,,1.0,bbox,,"[[1,326,257,423]]",1,500.0,442.0,2026-08-31T13:35:37.178Z,2026-08-31T13:40:45.972Z
annotator_0032,session_0033,30.0,multi,human_bbox_annotation,2,ILSVRC2012_val_00010502.JPEG,"plastic bag, pomegranate",,2.0,reject,unclear_image,[],0,500.0,356.0,2026-08-31T13:35:56.649Z,2026-08-31T13:40:45.972Z
annotator_0032,session_0033,31.0,multi,human_bbox_annotation,2,ILSVRC2012_val_00038249.JPEG,"bookshelf, disxwasher",,2.0,reject,unclear_label,[],0,590.0,892.0,2026-08-31T13:36:19.745Z,2026-08-31T13:40:45.972Z
annotator_0032,session_0033,32.0,multi,human_bbox_annotation,2,ILSVRC2012_val_00024444.JPEG,"bench, cello, chair, pe rson, piano",,5.0,reject,unclear_label,[],0,392.0,500.0,2026-08-31T13:36:47.217Z,2026-08-31T13:40:45.972Z
annotator_0032,session_0033,33.0,udacity,human_bbox_annotation,2,1478896071431847989.jpg,car,,1.0,reject,unclear_image,[],0,480.0,300.0,2026-08-31T13:37:12.497Z,2026-08-31T13:40:45.972Z
annotator_0032,session_0033,34.0,udacity,human_bbox_annotation,2,1479504312367157311.jpg,"automobilp, truck",,2.0,reject,unclear_image,[],0,480.0,300.0,2026-08-31T13:37:30.425Z,2026-08-31T13:40:45.972Z
annotator_0032,session_0033,35.0,udacity,human_bbox_annotation,2,1478898995863305961.jpg,automobile,,1.0,reject,unclear_label,[],0,480.0,300.0,2026-08-31T13:37:48.753Z,2026-08-31T13:40:45.972Z
annotator_0032,session_0033,36.0,single/solo,human_bbox_annotation,2,ILSVRC2012_val_00001314.JPEG,dog,,1.0,bbox,,"[[165,80,423,279]]",1,500.0,375.0,2026-08-31T13:37:54.665Z,2026-08-31T13:40:45.972Z
annotator_0032,session_0033,37.0,single/solo,human_bbox_annotation,2,ILSVRC2012_val_00015173.JPEG,pooch,,1.0,bbox,,"[[25,144,311,309]]",1,345.0,500.0,2026-08-31T13:38:24.361Z,2026-08-31T13:40:45.972Z
annotator_0032,session_0033,38.0,single/solo,human_bbox_annotation,2,ILSVRC2012_val_00017504.JPEG,perfume,,1.0,bbox,,"[[33,53,234,345]]",1,260.0,375.0,2026-08-31T13:38:44.249Z,2026-08-31T13:40:45.972Z
annotator_0032,session_0033,39.0,single/multi,human_bbox_annotation,2,ILSVRC2012_val_00012301.JPEG,snake,,1.0,bbox,,"[[-16,-83,415,494]]",1,430.0,500.0,2026-08-31T13:39:23.265Z,2026-08-31T13:40:45.972Z
annotator_0032,session_0033,40.0,single/multi,human_bbox_annotation,2,ILSVRC2012_val_00045966.JPEG,soap dispenser,,1.0,bbox,,"[[16,21,458,485]]",1,499.0,500.0,2026-08-31T13:39:47.114Z,2026-08-31T13:40:45.972Z
annotator_0032,session_0033,41.0,single/multi,human_bbox_annotation,2,ILSVRC2012_val_00041903.JPEG,salt or pepper shaker,,1.0,reject,other,[],0,582.0,815.0,2026-08-31T13:39:52.817Z,2026-08-31T13:40:45.972Z
annotator_0032,session_0033,43.0,multi,human_bbox_annotation,2,ILSVRC2012_val_00005713.JPEG,"person, soccer ball",,2.0,reject,unclear_label,[],0,300.0,225.0,2026-08-31T13:40:08.953Z,2026-08-31T13:40:45.972Z
annotator_0032,session_0033,44.0,multi,human_bbox_annotation,2,ILSVRC2012_val_00042150.JPEG,"car, individual, unicycle",,3.0,bbox,,"[[44,120,212,202],[25,102,433,344]]",2,500.0,375.0,2026-08-31T13:40:19.257Z,2026-08-31T13:40:45.972Z
annotator_0032,session_0033,45.0,multi,human_bbox_annotation,2,ILSVRC2013_val_00001956.JPEG,"ucp or mug, strawberry, table",,3.0,reject,unclear_image,[],0,500.0,500.0,2026-08-31T13:40:21.785Z,2026-08-31T13:40:45.972Z
annotator_0032,session_0033,46.0,udacity,human_bbox_annotation,2,1478020280197384728.jpg,car,,1.0,reject,unclear_label,[],0,480.0,300.0,2026-08-31T13:40:25.657Z,2026-08-31T13:40:45.972Z
annotator_0032,session_0033,47.0,udacity,human_bbox_annotation,2,1479500700123235425.jpg,truck,,1.0,bbox,,"[[0,101,112,188]]",1,480.0,300.0,2026-08-31T13:40:35.569Z,2026-08-31T13:40:45.972Z
annotator_0032,session_0033,49.0,udacity,human_bbox_annotation,2,1479501447174309879.jpg,car,,1.0,bbox,,"[[-11,82,378,225]]",1,480.0,300.0,2026-08-31T13:40:42.985Z,2026-08-31T13:40:45.972Z
annotator_0033,session_0034,,single/solo,human_bbox_annotation,1,ILSVRC2012_val_00032560.JPEG,beaker,,1.0,reject,unclear_image,[],0,334.0,500.0,2026-08-31T13:41:33.346Z,2026-08-31T13:51:46.534Z
annotator_0033,session_0034,1.0,single/solo,human_bbox_annotation,1,ILSVRC2012_val_00031771.JPEG,crooked ball,,1.0,bbox,,"[[142,122,355,253]]",1,500.0,333.0,2026-08-31T13:42:26.440Z,2026-08-31T13:51:46.534Z
annotator_0033,session_0034,2.0,single/solo,human_bbox_annotation,1,ILSVRC2012_val_00043730.JPEG,behr,,1.0,bbox,,"[[99,69,160,103]]",1,350.0,252.0,2026-08-31T13:42:48.640Z,2026-08-31T13:51:46.534Z
annotator_0033,session_0034,3.0,single/multi,human_bbox_annotation,1,ILSVRC2012_val_00019305.JPEG,dog,,1.0,bbox,,"[[88,220,194,276]]",1,500.0,375.0,2026-08-31T13:42:55.816Z,2026-08-31T13:51:46.534Z
annotator_0033,session_0034,4.0,single/multi,human_bbox_annotation,1,ILSVRC2012_val_00045966.JPEG,sopa dis𝕡enser,,1.0,bbox,,"[[12,179,494,495]]",1,499.0,500.0,2026-08-31T13:43:08.584Z,2026-08-31T13:51:46.534Z
annotator_0033,session_0034,6.0,single/multi,human_bbox_annotation,1,ILSVRC2012_val_00035612.JPEG,mno key,,1.0,bbox,,"[[90,67,388,463]]",1,500.0,500.0,2026-08-31T13:43:37.928Z,2026-08-31T13:51:46.534Z
annotator_0033,session_0034,7.0,multi,human_bbox_annotation,1,ILSVRC2012_val_00003176.JPEG,"bench, dog",,2.0,bbox,,"[[45,4,257,106]]",1,500.0,375.0,2026-08-31T13:43:50.712Z,2026-08-31T13:51:46.534Z
annotator_0033,session_0034,9.0,multi,human_bbox_annotation,1,ILSVRC2012_val_00012739.JPEG,"dug, pe rson",,2.0,bbox,,"[[5,50,476,371]]",1,500.0,375.0,2026-08-31T13:44:17.456Z,2026-08-31T13:51:46.534Z
annotator_0033,session_0034,10.0,multi,human_bbox_annotation,1,ILSVRC2012_val_00048612.JPEG,"my crow phone, pearson",,2.0,bbox,,"[[138,231,294,386]]",1,500.0,424.0,2026-08-31T13:44:26.480Z,2026-08-31T13:51:46.534Z
annotator_0033,session_0034,11.0,udacity,human_bbox_annotation,1,1479501447174309879.jpg,car,,1.0,bbox,,"[[1,92,380,240]]",1,480.0,300.0,2026-08-31T13:44:34.976Z,2026-08-31T13:51:46.534Z
annotator_0033,session_0034,12.0,udacity,human_bbox_annotation,1,1478896670714322051.jpg,cer,,1.0,bbox,,"[[101,105,367,287]]",1,480.0,300.0,2026-08-31T13:44:51.336Z,2026-08-31T13:51:46.534Z
annotator_0033,session_0034,13.0,udacity,human_bbox_annotation,1,1479500714623724165.jpg,car,,1.0,bbox,,"[[-8,106,173,212]]",1,480.0,300.0,2026-08-31T13:45:00.763Z,2026-08-31T13:51:46.534Z
annotator_0033,session_0034,14.0,single/solo,human_bbox_annotation,1,ILSVRC2012_val_00047636.JPEG,flower pot,,1.0,bbox,,"[[78,390,304,485]]",1,380.0,500.0,2026-08-31T13:45:09.808Z,2026-08-31T13:51:46.534Z
annotator_0033,session_0034,15.0,single/solo,human_bbox_annotation,1,ILSVRC2012_val_00030868.JPEG,dig,,1.0,bbox,,"[[149,21,397,348]]",1,500.0,375.0,2026-08-31T13:45:20.648Z,2026-08-31T13:51:46.534Z
annotator_0033,session_0034,16.0,single/solo,human_bbox_annotation,1,ILSVRC2012_val_00014439.JPEG,Ιizaⲅd,,1.0,bbox,,"[[133,66,439,327]]",1,500.0,375.0,2026-08-31T13:45:28.584Z,2026-08-31T13:51:46.534Z
annotator_0033,session_0034,17.0,single/multi,human_bbox_annotation,1,ILSVRC2012_val_00008726.JPEG,fox,,1.0,bbox,,"[[258,41,431,306]]",1,500.0,357.0,2026-08-31T13:45:44.968Z,2026-08-31T13:51:46.534Z
annotator_0033,session_0034,18.0,single/multi,human_bbox_annotation,1,ILSVRC2012_val_00007527.JPEG,dot,,1.0,bbox,,"[[94,97,485,325]]",1,500.0,375.0,2026-08-31T13:46:03.608Z,2026-08-31T13:51:46.534Z
annotator_0033,session_0034,19.0,single/multi,human_bbox_annotation,1,ILSVRC2012_val_00008877.JPEG,monkey,,1.0,bbox,,"[[118,-8,295,203]]",1,350.0,230.0,2026-08-31T13:46:15.736Z,2026-08-31T13:51:46.534Z
annotator_0033,session_0034,20.0,multi,human_bbox_annotation,1,ILSVRC2012_val_00028881.JPEG,"dog, person",,2.0,bbox,,"[[119,33,801,821]]",1,859.0,878.0,2026-08-31T13:46:26.440Z,2026-08-31T13:51:46.534Z
annotator_0033,session_0034,21.0,multi,human_bbox_annotation,1,ILSVRC2013_val_00001603.JPEG,"pizz𝝰, strawberry",,2.0,bbox,,"[[8,14,487,495]]",1,500.0,500.0,2026-08-31T13:46:44.504Z,2026-08-31T13:51:46.534Z
annotator_0033,session_0034,22.0,multi,human_bbox_annotation,1,ILSVRC2013_val_00003860.JPEG,"digital clock, pearson",,2.0,bbox,,"[[173,24,495,482]]",1,500.0,500.0,2026-08-31T13:46:59.936Z,2026-08-31T13:51:46.534Z
annotator_0033,session_0034,23.0,udacity,human_bbox_annotation,1,1478020860712187115.jpg,car,,1.0,bbox,,"[[219,115,421,218]]",1,480.0,300.0,2026-08-31T13:47:06.384Z,2026-08-31T13:51:46.534Z
annotator_0033,session_0034,24.0,udacity,human_bbox_annotation,1,1479501447174309879.jpg,cam,,1.0,bbox,,"[[112,47,359,115]]",1,480.0,300.0,2026-08-31T13:47:20.496Z,2026-08-31T13:51:46.534Z
annotator_0033,session_0034,25.0,udacity,human_bbox_annotation,1,1479500715624185918.jpg,cap,,1.0,bbox,,"[[61,70,253,210]]",1,480.0,300.0,2026-08-31T13:47:30.111Z,2026-08-31T13:51:46.534Z
annotator_0033,session_0034,26.0,single/solo,human_bbox_annotation,1,ILSVRC2012_val_00017187.JPEG,rabbit,,1.0,bbox,,"[[162,61,428,334]]",1,500.0,375.0,2026-08-31T13:47:37.680Z,2026-08-31T13:51:46.534Z
annotator_0033,session_0034,27.0,single/solo,human_bbox_annotation,1,ILSVRC2013_val_00004426.JPEG,koala bear,,1.0,bbox,,"[[35,69,297,300]]",1,332.0,500.0,2026-08-31T13:47:47.512Z,2026-08-31T13:51:46.534Z
annotator_0033,session_0034,28.0,single/solo,human_bbox_annotation,1,ILSVRC2012_val_00002595.JPEG,train,,1.0,bbox,,"[[262,150,402,240]]",1,500.0,375.0,2026-08-31T13:47:58.264Z,2026-08-31T13:51:46.534Z
annotator_0033,session_0034,29.0,single/multi,human_bbox_annotation,1,ILSVRC2012_val_00018436.JPEG,antelope,,1.0,bbox,,"[[182,68,470,265]]",1,500.0,339.0,2026-08-31T13:48:08.824Z,2026-08-31T13:51:46.534Z
annotator_0033,session_0034,30.0,single/multi,human_bbox_annotation,1,ILSVRC2012_val_00024424.JPEG,hammer,,1.0,bbox,,"[[69,9,479,390]]",1,500.0,500.0,2026-08-31T13:48:21.264Z,2026-08-31T13:51:46.534Z
annotator_0033,session_0034,31.0,single/multi,human_bbox_annotation,1,ILSVRC2013_val_00003790.JPEG,pearson,,1.0,bbox,,"[[63,7,492,326]]",1,500.0,333.0,2026-08-31T13:48:38.424Z,2026-08-31T13:51:46.534Z
annotator_0033,session_0034,32.0,multi,human_bbox_annotation,1,ILSVRC2013_val_00002848.JPEG,"bookshelf, chair, refrigerator, table",,4.0,bbox,,"[[249,129,426,261]]",1,500.0,297.0,2026-08-31T13:49:01.264Z,2026-08-31T13:51:46.534Z
annotator_0033,session_0034,33.0,multi,human_bbox_annotation,1,ILSVRC2012_val_00042150.JPEG,"car, person, unicycle",,3.0,bbox,,"[[30,117,355,322]]",1,500.0,375.0,2026-08-31T13:49:12.696Z,2026-08-31T13:51:46.534Z
annotator_0033,session_0034,34.0,multi,human_bbox_annotation,1,ILSVRC2012_val_00010502.JPEG,"plastic bag, pomegranate",,2.0,bbox,,"[[-5,37,429,320]]",1,500.0,356.0,2026-08-31T13:49:27.216Z,2026-08-31T13:51:46.534Z
annotator_0033,session_0034,35.0,udacity,human_bbox_annotation,1,1478898995863305961.jpg,car,,1.0,bbox,,"[[105,44,260,239]]",1,480.0,300.0,2026-08-31T13:49:31.776Z,2026-08-31T13:51:46.534Z
annotator_0033,session_0034,36.0,udacity,human_bbox_annotation,1,1478898324025854293.jpg,"car, pedestrian",,2.0,bbox,,"[[70,99,312,287]]",1,480.0,300.0,2026-08-31T13:49:38.152Z,2026-08-31T13:51:46.534Z
annotator_0033,session_0034,37.0,udacity,human_bbox_annotation,1,1478898087511960878.jpg,"car, truck",,2.0,bbox,,"[[27,33,253,263]]",1,480.0,300.0,2026-08-31T13:49:52.864Z,2026-08-31T13:51:46.534Z
annotator_0033,session_0034,38.0,single/solo,human_bbox_annotation,1,ILSVRC2012_val_00029161.JPEG,monkey,,1.0,bbox,,"[[111,48,277,219]]",1,420.0,280.0,2026-08-31T13:49:58.584Z,2026-08-31T13:51:46.534Z
annotator_0033,session_0034,39.0,single/solo,human_bbox_annotation,1,ILSVRC2012_val_00039247.JPEG,pooch,,1.0,bbox,,"[[181,45,435,229]]",1,500.0,421.0,2026-08-31T13:50:12.616Z,2026-08-31T13:51:46.534Z
annotator_0033,session_0034,40.0,single/solo,human_bbox_annotation,1,ILSVRC2012_val_00029356.JPEG,bird,,1.0,bbox,,"[[123,193,315,412]]",1,480.0,500.0,2026-08-31T13:50:19.388Z,2026-08-31T13:51:46.534Z
annotator_0033,session_0034,41.0,single/multi,human_bbox_annotation,1,ILSVRC2012_val_00018599.JPEG,corkscrew,,1.0,bbox,,"[[138,245,629,924]]",1,919.0,1024.0,2026-08-31T13:50:29.848Z,2026-08-31T13:51:46.534Z
annotator_0033,session_0034,42.0,single/multi,human_bbox_annotation,1,ILSVRC2012_val_00042837.JPEG,per𝐟ume,,1.0,bbox,,"[[47,117,430,439]]",1,500.0,495.0,2026-08-31T13:50:41.864Z,2026-08-31T13:51:46.534Z
annotator_0033,session_0034,43.0,single/multi,human_bbox_annotation,1,ILSVRC2012_val_00016527.JPEG,car,,1.0,bbox,,"[[54,87,485,327]]",1,500.0,375.0,2026-08-31T13:50:49.552Z,2026-08-31T13:51:46.534Z
annotator_0033,session_0034,44.0,multi,human_bbox_annotation,1,ILSVRC2012_val_00030479.JPEG,"dog, person",,2.0,bbox,,"[[69,56,368,287]]",1,500.0,375.0,2026-08-31T13:50:56.280Z,2026-08-31T13:51:46.534Z
annotator_0033,session_0034,45.0,multi,human_bbox_annotation,1,ILSVRC2012_val_00038720.JPEG,"elephant, person",,2.0,bbox,,"[[50,5,293,244]]",1,350.0,250.0,2026-08-31T13:51:05.528Z,2026-08-31T13:51:46.534Z
annotator_0033,session_0034,46.0,multi,human_bbox_annotation,1,ILSVRC2012_val_00015213.JPEG,"dog, person",,2.0,bbox,,"[[65,208,474,472]]",1,483.0,500.0,2026-08-31T13:51:16.368Z,2026-08-31T13:51:46.534Z
annotator_0033,session_0034,47.0,udacity,human_bbox_annotation,1,1478896071431847989.jpg,car,,1.0,bbox,,"[[361,69,487,233]]",1,480.0,300.0,2026-08-31T13:51:24.272Z,2026-08-31T13:51:46.534Z
annotator_0033,session_0034,48.0,udacity,human_bbox_annotation,1,1478020369195764352.jpg,car,,1.0,bbox,,"[[249,118,401,192]]",1,480.0,300.0,2026-08-31T13:51:34.816Z,2026-08-31T13:51:46.534Z
annotator_0033,session_0034,49.0,udacity,human_bbox_annotation,1,1479505730961910134.jpg,car,,1.0,bbox,,"[[2,71,369,257]]",1,480.0,300.0,2026-08-31T13:51:43.312Z,2026-08-31T13:51:46.534Z
annotator_0034,session_0035,,single/solo,human_bbox_annotation,3,ILSVRC2012_val_00006233.JPEG,diaper,,1.0,reject,unclear_label,[],0,375.0,500.0,2026-08-31T13:38:24.273Z,2026-08-31T13:53:23.491Z
annotator_0034,session_0035,1.0,single/solo,human_bbox_annotation,3,ILSVRC2012_val_00010994.JPEG,dot,,1.0,skip,,[],0,500.0,375.0,2026-08-31T13:39:15.230Z,2026-08-31T13:53:23.491Z
annotator_0034,session_0035,2.0,single/solo,human_bbox_annotation,3,ILSVRC2012_val_00047845.JPEG,sneak,,1.0,bbox,,"[[13,135,482,310]]",1,500.0,375.0,2026-08-31T13:39:26.480Z,2026-08-31T13:53:23.491Z
annotator_0034,session_0035,3.0,single/multi,human_bbox_annotation,3,ILSVRC2012_val_00041903.JPEG,salt or pepper shaker,,1.0,skip,,[],0,582.0,815.0,2026-08-31T13:39:40.389Z,2026-08-31T13:53:23.491Z
annotator_0034,session_0035,4.0,single/multi,human_bbox_annotation,3,ILSVRC2012_val_00044520.JPEG,iuod,,1.0,bbox,,"[[193,20,501,229]]",1,500.0,241.0,2026-08-31T13:40:01.818Z,2026-08-31T13:53:23.491Z
annotator_0034,session_0035,5.0,single/multi,human_bbox_annotation,3,ILSVRC2012_val_00004401.JPEG,islpod,,1.0,bbox,,"[[8,149,351,493]]",1,375.0,500.0,2026-08-31T13:40:48.211Z,2026-08-31T13:53:23.491Z
annotator_0034,session_0035,6.0,multi,human_bbox_annotation,3,ILSVRC2012_val_00022857.JPEG,"dog, person",,2.0,bbox,,"[[3,1,623,419]]",1,500.0,375.0,2026-08-31T13:41:08.535Z,2026-08-31T13:53:23.491Z
annotator_0034,session_0035,7.0,multi,human_bbox_annotation,3,ILSVRC2012_val_00039154.JPEG,"pirson, racket",,2.0,bbox,,"[[25,13,423,390]]",1,500.0,376.0,2026-08-31T13:41:19.479Z,2026-08-31T13:53:23.491Z
annotator_0034,session_0035,8.0,multi,human_bbox_annotation,3,ILSVRC2012_val_00030479.JPEG,"dog, individual",,2.0,bbox,,"[[44,86,430,299]]",1,500.0,375.0,2026-08-31T13:41:28.035Z,2026-08-31T13:53:23.491Z
annotator_0034,session_0035,9.0,udacity,human_bbox_annotation,3,1479501431172538806.jpg,car,,1.0,bbox,,"[[116,80,431,258]]",1,480.0,300.0,2026-08-31T13:41:40.439Z,2026-08-31T13:53:23.491Z
annotator_0034,session_0035,10.0,udacity,human_bbox_annotation,3,1479501447174309879.jpg,cab,,1.0,skip,,[],0,480.0,300.0,2026-08-31T13:42:02.589Z,2026-08-31T13:53:23.491Z
annotator_0034,session_0035,11.0,udacity,human_bbox_annotation,3,1479503322799978016.jpg,car,,1.0,bbox,,"[[4,79,468,285]]",1,480.0,300.0,2026-08-31T13:42:18.713Z,2026-08-31T13:53:23.491Z
annotator_0034,session_0035,12.0,single/solo,human_bbox_annotation,3,ILSVRC2012_val_00031771.JPEG,croquet ball,,1.0,bbox,,"[[166,125,287,252]]",1,500.0,333.0,2026-08-31T13:42:32.222Z,2026-08-31T13:53:23.491Z
annotator_0034,session_0035,13.0,single/solo,human_bbox_annotation,3,ILSVRC2012_val_00032258.JPEG,golf fihs,,1.0,bbox,,"[[130,64,457,358]]",1,500.0,375.0,2026-08-31T13:43:21.425Z,2026-08-31T13:53:23.491Z
annotator_0034,session_0035,14.0,single/solo,human_bbox_annotation,3,ILSVRC2012_val_00013465.JPEG,hippopotamus,,1.0,bbox,,"[[39,179,274,325]]",1,396.0,500.0,2026-08-31T13:43:36.180Z,2026-08-31T13:53:23.491Z
annotator_0034,session_0035,15.0,single/multi,human_bbox_annotation,3,ILSVRC2012_val_00048808.JPEG,isopod,,1.0,bbox,,"[[125,49,314,243]]",1,500.0,375.0,2026-08-31T13:44:52.541Z,2026-08-31T13:53:23.491Z
annotator_0034,session_0035,16.0,single/multi,human_bbox_annotation,3,ILSVRC2012_val_00039027.JPEG,dot,,1.0,reject,other,[],0,500.0,375.0,2026-08-31T13:45:04.601Z,2026-08-31T13:53:23.491Z
annotator_0034,session_0035,17.0,single/multi,human_bbox_annotation,3,ILSVRC2012_val_00039795.JPEG,bare,,1.0,bbox,,"[[22,5,235,178]]",1,250.0,168.0,2026-08-31T13:45:25.665Z,2026-08-31T13:53:23.491Z
annotator_0034,session_0035,18.0,multi,human_bbox_annotation,3,ILSVRC2012_val_00004709.JPEG,"brassiere, person",,2.0,bbox,,"[[4,3,373,497]]",1,338.0,500.0,2026-08-31T13:46:01.474Z,2026-08-31T13:53:23.491Z
annotator_0034,session_0035,19.0,multi,human_bbox_annotation,3,ILSVRC2012_val_00006695.JPEG,"bow tie, ob oe, pearspn",,3.0,bbox,,"[[32,6,945,1017]]",1,867.0,996.0,2026-08-31T13:46:19.928Z,2026-08-31T13:53:23.491Z
annotator_0034,session_0035,20.0,multi,human_bbox_annotation,3,ILSVRC2012_val_00004048.JPEG,"croquet ball, flower pot, ping-pong ball",,3.0,bbox,,"[[6,147,385,458]]",1,375.0,500.0,2026-08-31T13:46:56.111Z,2026-08-31T13:53:23.491Z
annotator_0034,session_0035,21.0,udacity,human_bbox_annotation,3,1478896071431847989.jpg,car,,1.0,bbox,,"[[396,82,494,236]]",1,480.0,300.0,2026-08-31T13:47:03.331Z,2026-08-31T13:53:23.491Z
annotator_0034,session_0035,22.0,udacity,human_bbox_annotation,3,1478898995863305961.jpg,can,,1.0,skip,,[],0,480.0,300.0,2026-08-31T13:47:10.731Z,2026-08-31T13:53:23.491Z
annotator_0034,session_0035,23.0,udacity,human_bbox_annotation,3,1478898087511960878.jpg,"car, track",,2.0,bbox,,"[[34,66,257,277]]",1,480.0,300.0,2026-08-31T13:47:21.026Z,2026-08-31T13:53:23.491Z
annotator_0034,session_0035,24.0,single/solo,human_bbox_annotation,3,ILSVRC2013_val_00004426.JPEG,koala bear,,1.0,bbox,,"[[29,86,359,524]]",1,332.0,500.0,2026-08-31T13:47:28.400Z,2026-08-31T13:53:23.491Z
annotator_0034,session_0035,25.0,single/solo,human_bbox_annotation,3,ILSVRC2013_val_00004383.JPEG,person,,1.0,bbox,,"[[7,13,354,541]]",1,333.0,500.0,2026-08-31T13:47:36.950Z,2026-08-31T13:53:23.491Z
annotator_0034,session_0035,26.0,single/solo,human_bbox_annotation,3,ILSVRC2012_val_00043661.JPEG,sal t or pepper shaker,,1.0,bbox,,"[[82,49,350,561]]",1,380.0,571.0,2026-08-31T13:48:04.004Z,2026-08-31T13:53:23.491Z
annotator_0034,session_0035,27.0,single/multi,human_bbox_annotation,3,ILSVRC2012_val_00029698.JPEG,bird,,1.0,bbox,,"[[24,29,477,372]]",1,500.0,375.0,2026-08-31T13:48:12.108Z,2026-08-31T13:53:23.491Z
annotator_0034,session_0035,28.0,single/multi,human_bbox_annotation,3,ILSVRC2013_val_00001740.JPEG,bicycl e,,1.0,bbox,,"[[228,181,369,373]]",1,333.0,500.0,2026-08-31T13:48:19.363Z,2026-08-31T13:53:23.491Z
annotator_0034,session_0035,29.0,single/multi,human_bbox_annotation,3,ILSVRC2012_val_00035151.JPEG,burd,,1.0,bbox,,"[[0,32,500,430]]",1,500.0,384.0,2026-08-31T13:49:12.846Z,2026-08-31T13:53:23.491Z
annotator_0034,session_0035,30.0,multi,human_bbox_annotation,3,ILSVRC2012_val_00026051.JPEG,"bookshelf, dog",,2.0,bbox,,"[[1,1,438,508]]",1,415.0,500.0,2026-08-31T13:49:28.105Z,2026-08-31T13:53:23.491Z
annotator_0034,session_0035,31.0,multi,human_bbox_annotation,3,ILSVRC2012_val_00018814.JPEG,"croquet ball, person, pingpogg bawl",,3.0,skip,,[],0,500.0,417.0,2026-08-31T13:49:41.425Z,2026-08-31T13:53:23.491Z
annotator_0034,session_0035,32.0,multi,human_bbox_annotation,3,ILSVRC2012_val_00004068.JPEG,"axe, person",,2.0,bbox,,"[[6,1,173,137],[108,264,379,512]]",2,375.0,500.0,2026-08-31T13:50:04.674Z,2026-08-31T13:53:23.491Z
annotator_0034,session_0035,33.0,udacity,human_bbox_annotation,3,1478898087511960878.jpg,"car, truck",,2.0,bbox,,"[[40,86,263,286]]",1,480.0,300.0,2026-08-31T13:50:12.659Z,2026-08-31T13:53:23.491Z
annotator_0034,session_0035,34.0,udacity,human_bbox_annotation,3,1478896071431847989.jpg,cav,,1.0,skip,,[],0,480.0,300.0,2026-08-31T13:50:23.693Z,2026-08-31T13:53:23.491Z
annotator_0034,session_0035,35.0,udacity,human_bbox_annotation,3,1478895568695802824.jpg,car,,1.0,bbox,,"[[21,132,120,205]]",1,480.0,300.0,2026-08-31T13:50:29.663Z,2026-08-31T13:53:23.491Z
annotator_0034,session_0035,37.0,single/solo,human_bbox_annotation,3,ILSVRC2013_val_00001634.JPEG,table,,1.0,skip,,[],0,500.0,500.0,2026-08-31T13:50:55.412Z,2026-08-31T13:53:23.491Z
annotator_0034,session_0035,39.0,single/solo,human_bbox_annotation,3,ILSVRC2012_val_00026917.JPEG,butterfly,,1.0,bbox,,"[[212,63,443,321]]",1,500.0,443.0,2026-08-31T13:51:07.931Z,2026-08-31T13:53:23.491Z
annotator_0034,session_0035,40.0,single/solo,human_bbox_annotation,3,ILSVRC2012_val_00024314.JPEG,sneak,,1.0,bbox,,"[[108,155,508,408]]",1,640.0,480.0,2026-08-31T13:51:15.755Z,2026-08-31T13:53:23.491Z
annotator_0034,session_0035,41.0,single/multi,human_bbox_annotation,3,ILSVRC2012_val_00035101.JPEG,zebra,,1.0,bbox,,"[[0,10,565,419]]",1,500.0,421.0,2026-08-31T13:51:28.866Z,2026-08-31T13:53:23.491Z
annotator_0034,session_0035,42.0,single/multi,human_bbox_annotation,3,ILSVRC2012_val_00035612.JPEG,mokney,,1.0,bbox,,"[[3,1,520,509]]",1,500.0,500.0,2026-08-31T13:51:41.640Z,2026-08-31T13:53:23.491Z
annotator_0034,session_0035,43.0,single/multi,human_bbox_annotation,3,ILSVRC2012_val_00035457.JPEG,cart,,1.0,skip,,[],0,624.0,396.0,2026-08-31T13:51:50.530Z,2026-08-31T13:53:23.491Z
annotator_0034,session_0035,44.0,multi,human_bbox_annotation,3,ILSVRC2012_val_00035378.JPEG,"bird, dog",,2.0,bbox,,"[[78,13,453,414]]",1,500.0,400.0,2026-08-31T13:51:57.849Z,2026-08-31T13:53:23.491Z
annotator_0034,session_0035,45.0,multi,human_bbox_annotation,3,ILSVRC2012_val_00044472.JPEG,"hat with a wide brim, person",,2.0,bbox,,"[[-1,1,451,495]]",1,375.0,500.0,2026-08-31T13:52:23.328Z,2026-08-31T13:53:23.491Z
annotator_0034,session_0035,46.0,multi,human_bbox_annotation,3,ILSVRC2013_val_00003860.JPEG,"digital clock, person",,2.0,skip,,[],0,500.0,500.0,2026-08-31T13:52:38.093Z,2026-08-31T13:53:23.491Z
annotator_0034,session_0035,47.0,udacity,human_bbox_annotation,3,1478732233783674595.jpg,car,,1.0,reject,unclear_image,[],0,480.0,300.0,2026-08-31T13:52:52.142Z,2026-08-31T13:53:23.491Z
annotator_0034,session_0035,48.0,udacity,human_bbox_annotation,3,1479501447174309879.jpg,car,,1.0,bbox,,"[[1,95,384,267]]",1,480.0,300.0,2026-08-31T13:53:00.932Z,2026-08-31T13:53:23.491Z
annotator_0034,session_0035,49.0,udacity,human_bbox_annotation,3,1479500714623724165.jpg,car,,1.0,bbox,,"[[4,132,173,225]]",1,480.0,300.0,2026-08-31T13:53:20.036Z,2026-08-31T13:53:23.491Z
annotator_0035,session_0036,,single/solo,human_bbox_annotation,2,ILSVRC2012_val_00047878.JPEG,bird,,1.0,bbox,,"[[157,131,391,273]]",1,500.0,382.0,2026-08-31T13:36:49.147Z,2026-08-31T13:54:17.368Z
annotator_0035,session_0036,2.0,single/solo,human_bbox_annotation,2,ILSVRC2012_val_00028513.JPEG,𝛼ntelopz,,1.0,bbox,,"[[61,103,306,307]]",1,500.0,344.0,2026-08-31T13:38:43.048Z,2026-08-31T13:54:17.368Z
annotator_0035,session_0036,3.0,single/solo,human_bbox_annotation,2,ILSVRC2012_val_00016909.JPEG,herd,,1.0,bbox,,"[[86,15,271,283]]",1,500.0,375.0,2026-08-31T13:38:49.740Z,2026-08-31T13:54:17.368Z
annotator_0035,session_0036,4.0,single/multi,human_bbox_annotation,2,ILSVRC2012_val_00018599.JPEG,corkscrew,,1.0,bbox,,"[[151,71,852,830]]",1,919.0,1024.0,2026-08-31T13:39:04.715Z,2026-08-31T13:54:17.368Z
annotator_0035,session_0036,5.0,single/multi,human_bbox_annotation,2,ILSVRC2012_val_00042837.JPEG,perfurne,,1.0,bbox,,"[[42,103,425,470]]",1,500.0,495.0,2026-08-31T13:39:21.683Z,2026-08-31T13:54:17.368Z
annotator_0035,session_0036,6.0,single/multi,human_bbox_annotation,2,ILSVRC2012_val_00042837.JPEG,pel fume,,1.0,bbox,,"[[43,95,433,474]]",1,500.0,495.0,2026-08-31T13:39:35.098Z,2026-08-31T13:54:17.368Z
annotator_0035,session_0036,7.0,multi,human_bbox_annotation,2,ILSVRC2013_val_00000449.JPEG,"bowl, person",,2.0,bbox,,"[[3,5,373,571]]",1,375.0,500.0,2026-08-31T13:39:45.455Z,2026-08-31T13:54:17.368Z
annotator_0035,session_0036,8.0,multi,human_bbox_annotation,2,ILSVRC2013_val_00003495.JPEG,"baby bead, filing cabinet, stove, desk",,4.0,bbox,,"[[0,45,501,377]]",1,500.0,375.0,2026-08-31T13:39:57.593Z,2026-08-31T13:54:17.368Z
annotator_0035,session_0036,9.0,multi,human_bbox_annotation,2,ILSVRC2012_val_00004761.JPEG,"fowl, pearson, saxophone",,3.0,bbox,,"[[121,9,383,498]]",1,500.0,500.0,2026-08-31T13:40:10.833Z,2026-08-31T13:54:17.368Z
annotator_0035,session_0036,10.0,udacity,human_bbox_annotation,2,1478020860712187115.jpg,car,,1.0,bbox,,"[[224,108,428,195]]",1,480.0,300.0,2026-08-31T13:40:24.133Z,2026-08-31T13:54:17.368Z
annotator_0035,session_0036,11.0,udacity,human_bbox_annotation,2,1478020280197384728.jpg,cap,,1.0,reject,unclear_image,[],0,480.0,300.0,2026-08-31T13:41:19.227Z,2026-08-31T13:54:17.368Z
annotator_0035,session_0036,12.0,udacity,human_bbox_annotation,2,1479501447174309879.jpg,cam,,1.0,reject,unclear_label,[],0,480.0,300.0,2026-08-31T13:42:48.430Z,2026-08-31T13:54:17.368Z
annotator_0035,session_0036,13.0,single/solo,human_bbox_annotation,2,ILSVRC2012_val_00012307.JPEG,bird,,1.0,bbox,,"[[123,22,416,393]]",1,443.0,500.0,2026-08-31T13:42:55.782Z,2026-08-31T13:54:17.368Z
annotator_0035,session_0036,14.0,single/solo,human_bbox_annotation,2,ILSVRC2012_val_00043873.JPEG,dig,,1.0,bbox,,"[[228,131,306,237]]",1,500.0,375.0,2026-08-31T13:43:06.463Z,2026-08-31T13:54:17.368Z
annotator_0035,session_0036,15.0,single/solo,human_bbox_annotation,2,ILSVRC2012_val_00002595.JPEG,locomotive,,1.0,bbox,,"[[252,158,407,241]]",1,500.0,375.0,2026-08-31T13:43:19.802Z,2026-08-31T13:54:17.368Z
annotator_0035,session_0036,16.0,single/multi,human_bbox_annotation,2,ILSVRC2012_val_00029698.JPEG,bird,,1.0,bbox,,"[[27,31,428,327]]",1,500.0,375.0,2026-08-31T13:43:31.276Z,2026-08-31T13:54:17.368Z
annotator_0035,session_0036,17.0,single/multi,human_bbox_annotation,2,ILSVRC2013_val_00000008.JPEG,herd,,1.0,bbox,,"[[59,5,453,339]]",1,500.0,334.0,2026-08-31T13:43:41.623Z,2026-08-31T13:54:17.368Z
annotator_0035,session_0036,18.0,single/multi,human_bbox_annotation,2,ILSVRC2012_val_00037937.JPEG,per fume,,1.0,bbox,,"[[9,81,468,448]]",1,500.0,486.0,2026-08-31T13:43:55.051Z,2026-08-31T13:54:17.368Z
annotator_0035,session_0036,19.0,multi,human_bbox_annotation,2,ILSVRC2012_val_00003176.JPEG,"bench, dog",,2.0,bbox,,"[[8,3,437,347]]",1,500.0,375.0,2026-08-31T13:44:04.165Z,2026-08-31T13:54:17.368Z
annotator_0035,session_0036,20.0,multi,human_bbox_annotation,2,ILSVRC2012_val_00016267.JPEG,"aple, reler",,2.0,bbox,,"[[4,5,503,332]]",1,500.0,334.0,2026-08-31T13:44:16.359Z,2026-08-31T13:54:17.368Z
annotator_0035,session_0036,21.0,multi,human_bbox_annotation,2,ILSVRC2012_val_00047487.JPEG,"dug, person",,2.0,bbox,,"[[35,4,352,266]]",1,400.0,290.0,2026-08-31T13:44:23.783Z,2026-08-31T13:54:17.368Z
annotator_0035,session_0036,22.0,udacity,human_bbox_annotation,2,1478895568695802824.jpg,car,,1.0,bbox,,"[[20,134,124,202]]",1,480.0,300.0,2026-08-31T13:44:30.681Z,2026-08-31T13:54:17.368Z
annotator_0035,session_0036,23.0,udacity,human_bbox_annotation,2,1478896071431847989.jpg,can,,1.0,reject,other,[],0,480.0,300.0,2026-08-31T13:47:33.272Z,2026-08-31T13:54:17.368Z
annotator_0035,session_0036,24.0,udacity,human_bbox_annotation,2,1479501431172538806.jpg,cam,,1.0,bbox,,"[[116,80,447,250]]",1,480.0,300.0,2026-08-31T13:48:14.735Z,2026-08-31T13:54:17.368Z
annotator_0035,session_0036,25.0,single/solo,human_bbox_annotation,2,ILSVRC2012_val_00006233.JPEG,diaper,,1.0,bbox,,"[[3,60,345,432]]",1,375.0,500.0,2026-08-31T13:48:57.257Z,2026-08-31T13:54:17.368Z
annotator_0035,session_0036,26.0,single/solo,human_bbox_annotation,2,ILSVRC2012_val_00026917.JPEG,butterfly,,1.0,bbox,,"[[174,59,449,326]]",1,500.0,443.0,2026-08-31T13:49:06.443Z,2026-08-31T13:54:17.368Z
annotator_0035,session_0036,27.0,single/solo,human_bbox_annotation,2,ILSVRC2012_val_00024314.JPEG,snake,,1.0,bbox,,"[[75,168,471,377]]",1,640.0,480.0,2026-08-31T13:49:17.821Z,2026-08-31T13:54:17.368Z
annotator_0035,session_0036,28.0,single/multi,human_bbox_annotation,2,ILSVRC2012_val_00037816.JPEG,antelope,,1.0,bbox,,"[[26,80,393,257]]",1,500.0,333.0,2026-08-31T13:49:37.339Z,2026-08-31T13:54:17.368Z
annotator_0035,session_0036,29.0,single/multi,human_bbox_annotation,2,ILSVRC2012_val_00002802.JPEG,bird,,1.0,bbox,,"[[4,7,505,403]]",1,500.0,385.0,2026-08-31T13:49:48.457Z,2026-08-31T13:54:17.368Z
annotator_0035,session_0036,30.0,single/multi,human_bbox_annotation,2,ILSVRC2012_val_00022295.JPEG,bench,,1.0,bbox,,"[[-6,310,255,430]]",1,500.0,442.0,2026-08-31T13:50:05.971Z,2026-08-31T13:54:17.368Z
annotator_0035,session_0036,31.0,multi,human_bbox_annotation,2,ILSVRC2012_val_00010502.JPEG,"plastic bag, pomegranate",,2.0,bbox,,"[[2,3,500,367]]",1,500.0,356.0,2026-08-31T13:50:23.499Z,2026-08-31T13:54:17.368Z
annotator_0035,session_0036,32.0,multi,human_bbox_annotation,2,ILSVRC2012_val_00038249.JPEG,"bookshelf, disxwasher",,2.0,bbox,,"[[0,37,608,752]]",1,590.0,892.0,2026-08-31T13:50:45.918Z,2026-08-31T13:54:17.368Z
annotator_0035,session_0036,33.0,multi,human_bbox_annotation,2,ILSVRC2012_val_00024444.JPEG,"bench, cello, chair, pe rson, piano",,5.0,bbox,,"[[3,26,373,499]]",1,392.0,500.0,2026-08-31T13:51:47.425Z,2026-08-31T13:54:17.368Z
annotator_0035,session_0036,34.0,udacity,human_bbox_annotation,2,1478896071431847989.jpg,car,,1.0,bbox,,"[[390,63,512,215]]",1,480.0,300.0,2026-08-31T13:51:54.991Z,2026-08-31T13:54:17.368Z
annotator_0035,session_0036,35.0,udacity,human_bbox_annotation,2,1479504312367157311.jpg,"automobilp, truck",,2.0,bbox,,"[[2,91,472,298]]",1,480.0,300.0,2026-08-31T13:52:03.377Z,2026-08-31T13:54:17.368Z
annotator_0035,session_0036,36.0,udacity,human_bbox_annotation,2,1478898995863305961.jpg,automobile,,1.0,bbox,,"[[99,107,346,225]]",1,480.0,300.0,2026-08-31T13:52:12.946Z,2026-08-31T13:54:17.368Z
annotator_0035,session_0036,38.0,single/solo,human_bbox_annotation,2,ILSVRC2012_val_00001314.JPEG,dog,,1.0,bbox,,"[[151,74,404,252]]",1,500.0,375.0,2026-08-31T13:52:25.466Z,2026-08-31T13:54:17.368Z
annotator_0035,session_0036,39.0,single/solo,human_bbox_annotation,2,ILSVRC2012_val_00015173.JPEG,pooch,,1.0,bbox,,"[[31,63,318,348]]",1,345.0,500.0,2026-08-31T13:52:37.007Z,2026-08-31T13:54:17.368Z
annotator_0035,session_0036,40.0,single/solo,human_bbox_annotation,2,ILSVRC2012_val_00017504.JPEG,perfume,,1.0,bbox,,"[[29,65,234,360]]",1,260.0,375.0,2026-08-31T13:52:42.839Z,2026-08-31T13:54:17.368Z
annotator_0035,session_0036,41.0,single/multi,human_bbox_annotation,2,ILSVRC2012_val_00012301.JPEG,snake,,1.0,bbox,,"[[-9,-2,421,491]]",1,430.0,500.0,2026-08-31T13:52:51.809Z,2026-08-31T13:54:17.368Z
annotator_0035,session_0036,42.0,single/multi,human_bbox_annotation,2,ILSVRC2012_val_00045966.JPEG,soap dispenser,,1.0,bbox,,"[[18,16,464,477]]",1,499.0,500.0,2026-08-31T13:53:05.624Z,2026-08-31T13:54:17.368Z
annotator_0035,session_0036,43.0,single/multi,human_bbox_annotation,2,ILSVRC2012_val_00041903.JPEG,salt or pepper shaker,,1.0,bbox,,"[[55,74,580,821]]",1,582.0,815.0,2026-08-31T13:53:13.565Z,2026-08-31T13:54:17.368Z
annotator_0035,session_0036,44.0,multi,human_bbox_annotation,2,ILSVRC2012_val_00005713.JPEG,"person, soccer ball",,2.0,bbox,,"[[74,14,228,223]]",1,300.0,225.0,2026-08-31T13:53:20.182Z,2026-08-31T13:54:17.368Z
annotator_0035,session_0036,45.0,multi,human_bbox_annotation,2,ILSVRC2012_val_00042150.JPEG,"car, individual, unicycle",,3.0,bbox,,"[[12,104,492,360]]",1,500.0,375.0,2026-08-31T13:53:33.708Z,2026-08-31T13:54:17.368Z
annotator_0035,session_0036,46.0,multi,human_bbox_annotation,2,ILSVRC2013_val_00001956.JPEG,"ucp or mug, strawberry, table",,3.0,bbox,,"[[16,20,501,471]]",1,500.0,500.0,2026-08-31T13:53:41.715Z,2026-08-31T13:54:17.368Z
annotator_0035,session_0036,47.0,udacity,human_bbox_annotation,2,1478020280197384728.jpg,car,,1.0,reject,unclear_label,[],0,480.0,300.0,2026-08-31T13:53:56.466Z,2026-08-31T13:54:17.368Z
annotator_0035,session_0036,48.0,udacity,human_bbox_annotation,2,1479500700123235425.jpg,truck,,1.0,bbox,,"[[-20,96,218,181]]",1,480.0,300.0,2026-08-31T13:54:08.747Z,2026-08-31T13:54:17.368Z
annotator_0035,session_0036,49.0,udacity,human_bbox_annotation,2,1479501447174309879.jpg,car,,1.0,bbox,,"[[2,92,380,269]]",1,480.0,300.0,2026-08-31T13:54:14.425Z,2026-08-31T13:54:17.368Z
annotator_0036,session_0037,,single/solo,human_bbox_annotation,3,ILSVRC2012_val_00006233.JPEG,diaper,,1.0,bbox,,"[[143,213,226,329]]",1,375.0,500.0,2026-08-28T16:51:40.454Z,2026-08-31T14:01:06.571Z
annotator_0036,session_0037,1.0,single/solo,human_bbox_annotation,3,ILSVRC2012_val_00010994.JPEG,dot,,1.0,bbox,,"[[35,114,144,206]]",1,500.0,375.0,2026-08-28T16:53:18.491Z,2026-08-31T14:01:06.571Z
annotator_0036,session_0037,2.0,single/solo,human_bbox_annotation,3,ILSVRC2012_val_00047845.JPEG,sneak,,1.0,bbox,,"[[1,140,460,282]]",1,500.0,375.0,2026-08-28T16:53:28.452Z,2026-08-31T14:01:06.571Z
annotator_0036,session_0037,3.0,single/multi,human_bbox_annotation,3,ILSVRC2012_val_00041903.JPEG,salt or pepper shaker,,1.0,bbox,,"[[61,620,413,802]]",1,582.0,815.0,2026-08-28T16:53:36.251Z,2026-08-31T14:01:06.571Z
annotator_0036,session_0037,4.0,single/multi,human_bbox_annotation,3,ILSVRC2012_val_00044520.JPEG,iuod,,1.0,reject,unclear_label,[],0,500.0,241.0,2026-08-28T16:54:34.642Z,2026-08-31T14:01:06.571Z
annotator_0036,session_0037,5.0,single/multi,human_bbox_annotation,3,ILSVRC2012_val_00004401.JPEG,islpod,,1.0,skip,,[],0,375.0,500.0,2026-08-28T16:54:47.201Z,2026-08-31T14:01:06.571Z
annotator_0036,session_0037,7.0,multi,human_bbox_annotation,3,ILSVRC2012_val_00022857.JPEG,"dog, person",,2.0,bbox,,"[[303,102,479,340],[5,48,296,351]]",2,500.0,375.0,2026-08-28T16:55:26.504Z,2026-08-31T14:01:06.571Z
annotator_0036,session_0037,8.0,multi,human_bbox_annotation,3,ILSVRC2012_val_00039154.JPEG,"pirson, racket",,2.0,bbox,,"[[4,-1,324,374]]",1,500.0,376.0,2026-08-28T16:55:34.312Z,2026-08-31T14:01:06.571Z
annotator_0036,session_0037,9.0,multi,human_bbox_annotation,3,ILSVRC2012_val_00030479.JPEG,"dog, individual",,2.0,bbox,,"[[21,59,385,289]]",1,500.0,375.0,2026-08-28T16:55:39.337Z,2026-08-31T14:01:06.571Z
annotator_0036,session_0037,10.0,udacity,human_bbox_annotation,3,1479501431172538806.jpg,car,,1.0,bbox,,"[[79,67,489,255]]",1,480.0,300.0,2026-08-28T16:55:43.368Z,2026-08-31T14:01:06.571Z
annotator_0036,session_0037,11.0,udacity,human_bbox_annotation,3,1479501447174309879.jpg,cab,,1.0,bbox,,"[[1,48,383,259]]",1,480.0,300.0,2026-08-28T16:55:49.656Z,2026-08-31T14:01:06.571Z
annotator_0036,session_0037,12.0,udacity,human_bbox_annotation,3,1479503322799978016.jpg,car,,1.0,bbox,,"[[115,74,346,258],[390,82,477,222],[5,61,101,259]]",3,480.0,300.0,2026-08-28T16:56:08.553Z,2026-08-31T14:01:06.571Z
annotator_0036,session_0037,13.0,single/solo,human_bbox_annotation,3,ILSVRC2012_val_00031771.JPEG,croquet ball,,1.0,bbox,,"[[158,132,290,223]]",1,500.0,333.0,2026-08-28T16:56:25.135Z,2026-08-31T14:01:06.571Z
annotator_0036,session_0037,14.0,single/solo,human_bbox_annotation,3,ILSVRC2012_val_00032258.JPEG,golf fihs,,1.0,bbox,,"[[105,56,438,319]]",1,500.0,375.0,2026-08-28T16:56:34.791Z,2026-08-31T14:01:06.571Z
annotator_0036,session_0037,15.0,single/solo,human_bbox_annotation,3,ILSVRC2012_val_00013465.JPEG,hippopotamus,,1.0,bbox,,"[[28,117,284,332]]",1,396.0,500.0,2026-08-28T16:56:43.159Z,2026-08-31T14:01:06.571Z
annotator_0036,session_0037,16.0,single/multi,human_bbox_annotation,3,ILSVRC2012_val_00048808.JPEG,isopod,,1.0,bbox,,"[[3,117,177,368]]",1,500.0,375.0,2026-08-28T16:57:29.350Z,2026-08-31T14:01:06.571Z
annotator_0036,session_0037,17.0,single/multi,human_bbox_annotation,3,ILSVRC2012_val_00039027.JPEG,dot,,1.0,reject,unclear_label,[],0,500.0,375.0,2026-08-28T16:57:38.447Z,2026-08-31T14:01:06.571Z
annotator_0036,session_0037,18.0,single/multi,human_bbox_annotation,3,ILSVRC2012_val_00039795.JPEG,bare,,1.0,bbox,,"[[15,9,232,154]]",1,250.0,168.0,2026-08-28T16:57:48.597Z,2026-08-31T14:01:06.571Z
annotator_0036,session_0037,19.0,multi,human_bbox_annotation,3,ILSVRC2012_val_00004709.JPEG,"brassiere, person",,2.0,skip,,[],0,338.0,500.0,2026-08-28T16:58:00.125Z,2026-08-31T14:01:06.571Z
annotator_0036,session_0037,20.0,multi,human_bbox_annotation,3,ILSVRC2012_val_00006695.JPEG,"bow tie, ob oe, pearspn",,3.0,bbox,,"[[434,398,755,579],[135,312,530,989],[30,15,858,987]]",3,867.0,996.0,2026-08-28T16:59:10.132Z,2026-08-31T14:01:06.571Z
annotator_0036,session_0037,22.0,multi,human_bbox_annotation,3,ILSVRC2012_val_00004048.JPEG,"croquet ball, flower pot, ping-pong ball",,3.0,reject,unclear_label,[],0,375.0,500.0,2026-08-28T16:59:33.484Z,2026-08-31T14:01:06.571Z
annotator_0036,session_0037,23.0,udacity,human_bbox_annotation,3,1478896071431847989.jpg,car,,1.0,bbox,,"[[368,59,482,231]]",1,480.0,300.0,2026-08-28T16:59:42.571Z,2026-08-31T14:01:06.571Z
annotator_0036,session_0037,24.0,udacity,human_bbox_annotation,3,1478898995863305961.jpg,can,,1.0,bbox,,"[[106,89,284,225]]",1,480.0,300.0,2026-08-28T16:59:47.501Z,2026-08-31T14:01:06.571Z
annotator_0036,session_0037,25.0,udacity,human_bbox_annotation,3,1478898087511960878.jpg,"car, track",,2.0,bbox,,"[[13,79,251,268],[256,19,473,219]]",2,480.0,300.0,2026-08-28T17:00:02.843Z,2026-08-31T14:01:06.571Z
annotator_0036,session_0037,26.0,single/solo,human_bbox_annotation,3,ILSVRC2013_val_00004426.JPEG,koala bear,,1.0,bbox,,"[[27,43,328,500]]",1,332.0,500.0,2026-08-28T17:00:12.011Z,2026-08-31T14:01:06.571Z
annotator_0036,session_0037,27.0,single/solo,human_bbox_annotation,3,ILSVRC2013_val_00004383.JPEG,person,,1.0,bbox,,"[[12,19,329,495]]",1,333.0,500.0,2026-08-28T17:00:18.226Z,2026-08-31T14:01:06.571Z
annotator_0036,session_0037,28.0,single/solo,human_bbox_annotation,3,ILSVRC2012_val_00043661.JPEG,sal t or pepper shaker,,1.0,bbox,,"[[71,200,308,413]]",1,380.0,571.0,2026-08-28T17:00:23.661Z,2026-08-31T14:01:06.571Z
annotator_0036,session_0037,29.0,single/multi,human_bbox_annotation,3,ILSVRC2012_val_00029698.JPEG,bird,,1.0,bbox,,"[[32,25,440,302]]",1,500.0,375.0,2026-08-28T17:01:11.810Z,2026-08-31T14:01:06.571Z
annotator_0036,session_0037,30.0,single/multi,human_bbox_annotation,3,ILSVRC2013_val_00001740.JPEG,bicycl e,,1.0,bbox,,"[[217,246,345,344],[237,179,336,247]]",2,333.0,500.0,2026-08-28T17:01:27.473Z,2026-08-31T14:01:06.571Z
annotator_0036,session_0037,31.0,single/multi,human_bbox_annotation,3,ILSVRC2012_val_00035151.JPEG,burd,,1.0,skip,,[],0,500.0,384.0,2026-08-28T17:01:33.770Z,2026-08-31T14:01:06.571Z
annotator_0036,session_0037,32.0,multi,human_bbox_annotation,3,ILSVRC2012_val_00026051.JPEG,"bookshelf, dog",,2.0,reject,unclear_label,[],0,415.0,500.0,2026-08-28T17:01:40.776Z,2026-08-31T14:01:06.571Z
annotator_0036,session_0037,33.0,multi,human_bbox_annotation,3,ILSVRC2012_val_00018814.JPEG,"croquet ball, person, pingpogg bawl",,3.0,bbox,,"[[142,265,206,321]]",1,500.0,417.0,2026-08-28T17:01:48.200Z,2026-08-31T14:01:06.571Z
annotator_0036,session_0037,34.0,multi,human_bbox_annotation,3,ILSVRC2012_val_00004068.JPEG,"axe, person",,2.0,bbox,,"[[105,242,356,479],[5,1,170,151]]",2,375.0,500.0,2026-08-28T17:02:41.223Z,2026-08-31T14:01:06.571Z
annotator_0036,session_0037,35.0,udacity,human_bbox_annotation,3,1478898087511960878.jpg,"car, truck",,2.0,bbox,,"[[47,86,251,257],[249,16,476,193]]",2,480.0,300.0,2026-08-28T17:02:52.591Z,2026-08-31T14:01:06.571Z
annotator_0036,session_0037,36.0,udacity,human_bbox_annotation,3,1478896071431847989.jpg,cav,,1.0,skip,,[],0,480.0,300.0,2026-08-28T17:02:58.623Z,2026-08-31T14:01:06.571Z
annotator_0036,session_0037,37.0,udacity,human_bbox_annotation,3,1478895568695802824.jpg,car,,1.0,bbox,,"[[22,128,125,198]]",1,480.0,300.0,2026-08-28T17:03:02.840Z,2026-08-31T14:01:06.571Z
annotator_0036,session_0037,38.0,single/solo,human_bbox_annotation,3,ILSVRC2013_val_00001634.JPEG,table,,1.0,bbox,,"[[21,9,436,489]]",1,500.0,500.0,2026-08-28T17:03:13.263Z,2026-08-31T14:01:06.571Z
annotator_0036,session_0037,39.0,single/solo,human_bbox_annotation,3,ILSVRC2012_val_00026917.JPEG,butterfly,,1.0,bbox,,"[[203,49,452,350]]",1,500.0,443.0,2026-08-28T17:03:19.182Z,2026-08-31T14:01:06.571Z
annotator_0036,session_0037,40.0,single/solo,human_bbox_annotation,3,ILSVRC2012_val_00024314.JPEG,sneak,,1.0,bbox,,"[[130,169,479,385]]",1,640.0,480.0,2026-08-28T17:03:36.605Z,2026-08-31T14:01:06.571Z
annotator_0036,session_0037,41.0,single/multi,human_bbox_annotation,3,ILSVRC2012_val_00035101.JPEG,zebra,,1.0,bbox,,"[[3,129,350,399],[340,14,509,302],[7,5,331,123]]",3,500.0,421.0,2026-08-28T17:03:50.696Z,2026-08-31T14:01:06.571Z
annotator_0036,session_0037,42.0,single/multi,human_bbox_annotation,3,ILSVRC2012_val_00035612.JPEG,mokney,,1.0,bbox,,"[[63,25,445,476]]",1,500.0,500.0,2026-08-28T17:04:06.222Z,2026-08-31T14:01:06.571Z
annotator_0036,session_0037,43.0,single/multi,human_bbox_annotation,3,ILSVRC2012_val_00035457.JPEG,cart,,1.0,bbox,,"[[3,19,218,152],[189,18,611,351]]",2,624.0,396.0,2026-08-28T17:05:00.819Z,2026-08-31T14:01:06.571Z
annotator_0036,session_0037,44.0,multi,human_bbox_annotation,3,ILSVRC2012_val_00035378.JPEG,"bird, dog",,2.0,bbox,,"[[63,90,436,279],[15,8,458,326]]",2,500.0,400.0,2026-08-28T17:05:23.476Z,2026-08-31T14:01:06.571Z
annotator_0036,session_0037,45.0,multi,human_bbox_annotation,3,ILSVRC2012_val_00044472.JPEG,"hat with a wide brim, person",,2.0,skip,,[],0,375.0,500.0,2026-08-28T17:05:48.153Z,2026-08-31T14:01:06.571Z
annotator_0036,session_0037,46.0,multi,human_bbox_annotation,3,ILSVRC2013_val_00003860.JPEG,"digital clock, person",,2.0,bbox,,"[[64,23,164,226],[160,24,486,476]]",2,500.0,500.0,2026-08-28T17:06:37.458Z,2026-08-31T14:01:06.571Z
annotator_0036,session_0037,47.0,udacity,human_bbox_annotation,3,1478732233783674595.jpg,car,,1.0,reject,unclear_image,[],0,480.0,300.0,2026-08-28T17:06:44.401Z,2026-08-31T14:01:06.571Z
annotator_0036,session_0037,48.0,udacity,human_bbox_annotation,3,1479501447174309879.jpg,car,,1.0,bbox,,"[[0,100,354,241]]",1,480.0,300.0,2026-08-28T17:07:24.602Z,2026-08-31T14:01:06.571Z
annotator_0036,session_0037,49.0,udacity,human_bbox_annotation,3,1479500714623724165.jpg,car,,1.0,bbox,,"[[61,120,183,205],[3,109,59,200]]",2,480.0,300.0,2026-08-28T17:07:35.383Z,2026-08-31T14:01:06.571Z
annotator_0037,session_0038,,single/solo,human_bbox_annotation,2,ILSVRC2012_val_00047878.JPEG,bird,,1.0,bbox,,"[[52,67,440,287]]",1,500.0,382.0,2026-08-31T14:13:24.010Z,2026-08-31T14:21:26.171Z
annotator_0037,session_0038,1.0,single/solo,human_bbox_annotation,2,ILSVRC2012_val_00028513.JPEG,𝛼ntelopz,,1.0,bbox,,"[[23,123,288,297]]",1,500.0,344.0,2026-08-31T14:13:31.002Z,2026-08-31T14:21:26.171Z
annotator_0037,session_0038,2.0,single/solo,human_bbox_annotation,2,ILSVRC2012_val_00016909.JPEG,herd,,1.0,bbox,,"[[87,9,286,221]]",1,500.0,375.0,2026-08-31T14:13:37.642Z,2026-08-31T14:21:26.171Z
annotator_0037,session_0038,3.0,single/multi,human_bbox_annotation,2,ILSVRC2012_val_00018599.JPEG,corkscrew,,1.0,bbox,,"[[73,5,749,796]]",1,919.0,1024.0,2026-08-31T14:14:19.595Z,2026-08-31T14:21:26.171Z
annotator_0037,session_0038,4.0,single/multi,human_bbox_annotation,2,ILSVRC2012_val_00042837.JPEG,perfurne,,1.0,bbox,,"[[288,120,463,447]]",1,500.0,495.0,2026-08-31T14:14:30.435Z,2026-08-31T14:21:26.171Z
annotator_0037,session_0038,5.0,single/multi,human_bbox_annotation,2,ILSVRC2012_val_00042837.JPEG,pel fume,,1.0,bbox,,"[[46,89,296,464]]",1,500.0,495.0,2026-08-31T14:14:39.274Z,2026-08-31T14:21:26.171Z
annotator_0037,session_0038,6.0,multi,human_bbox_annotation,2,ILSVRC2013_val_00000449.JPEG,"bowl, person",,2.0,bbox,,"[[114,377,345,494]]",1,375.0,500.0,2026-08-31T14:14:46.483Z,2026-08-31T14:21:26.171Z
annotator_0037,session_0038,7.0,multi,human_bbox_annotation,2,ILSVRC2013_val_00003495.JPEG,"baby bead, filing cabinet, stove, desk",,4.0,bbox,,"[[64,204,378,326],[107,161,240,177]]",2,500.0,375.0,2026-08-31T14:14:59.445Z,2026-08-31T14:21:26.171Z
annotator_0037,session_0038,9.0,multi,human_bbox_annotation,2,ILSVRC2012_val_00004761.JPEG,"fowl, pearson, saxophone",,3.0,bbox,,"[[109,315,132,322],[134,137,285,485],[175,11,314,103]]",3,500.0,500.0,2026-08-31T14:15:33.779Z,2026-08-31T14:21:26.171Z
annotator_0037,session_0038,10.0,udacity,human_bbox_annotation,2,1478020860712187115.jpg,car,,1.0,bbox,,"[[205,106,435,203]]",1,480.0,300.0,2026-08-31T14:15:39.306Z,2026-08-31T14:21:26.171Z
annotator_0037,session_0038,11.0,udacity,human_bbox_annotation,2,1478020280197384728.jpg,cap,,1.0,reject,other,[],0,480.0,300.0,2026-08-31T14:15:51.059Z,2026-08-31T14:21:26.171Z
annotator_0037,session_0038,12.0,udacity,human_bbox_annotation,2,1479501447174309879.jpg,cam,,1.0,bbox,,"[[149,3,266,131],[20,69,388,242]]",2,480.0,300.0,2026-08-31T14:16:07.492Z,2026-08-31T14:21:26.171Z
annotator_0037,session_0038,13.0,single/solo,human_bbox_annotation,2,ILSVRC2012_val_00012307.JPEG,bird,,1.0,bbox,,"[[101,13,324,223]]",1,443.0,500.0,2026-08-31T14:16:13.299Z,2026-08-31T14:21:26.171Z
annotator_0037,session_0038,14.0,single/solo,human_bbox_annotation,2,ILSVRC2012_val_00043873.JPEG,dig,,1.0,bbox,,"[[169,98,306,304]]",1,500.0,375.0,2026-08-31T14:16:19.179Z,2026-08-31T14:21:26.171Z
annotator_0037,session_0038,16.0,single/solo,human_bbox_annotation,2,ILSVRC2012_val_00002595.JPEG,locomotive,,1.0,bbox,,"[[234,152,397,249]]",1,500.0,375.0,2026-08-31T14:16:54.874Z,2026-08-31T14:21:26.171Z
annotator_0037,session_0038,17.0,single/multi,human_bbox_annotation,2,ILSVRC2012_val_00029698.JPEG,bird,,1.0,bbox,,"[[41,36,436,304]]",1,500.0,375.0,2026-08-31T14:17:00.339Z,2026-08-31T14:21:26.171Z
annotator_0037,session_0038,18.0,single/multi,human_bbox_annotation,2,ILSVRC2013_val_00000008.JPEG,herd,,1.0,bbox,,"[[147,162,251,301],[384,199,468,321]]",2,500.0,334.0,2026-08-31T14:17:15.298Z,2026-08-31T14:21:26.171Z
annotator_0037,session_0038,19.0,single/multi,human_bbox_annotation,2,ILSVRC2012_val_00037937.JPEG,per fume,,1.0,bbox,,"[[31,153,231,482]]",1,500.0,486.0,2026-08-31T14:17:21.796Z,2026-08-31T14:21:26.171Z
annotator_0037,session_0038,20.0,multi,human_bbox_annotation,2,ILSVRC2012_val_00003176.JPEG,"bench, dog",,2.0,bbox,,"[[117,76,432,295],[67,6,305,78]]",2,500.0,375.0,2026-08-31T14:17:35.802Z,2026-08-31T14:21:26.171Z
annotator_0037,session_0038,21.0,multi,human_bbox_annotation,2,ILSVRC2012_val_00016267.JPEG,"aple, reler",,2.0,bbox,,"[[148,51,405,279]]",1,500.0,334.0,2026-08-31T14:17:44.370Z,2026-08-31T14:21:26.171Z
annotator_0037,session_0038,22.0,multi,human_bbox_annotation,2,ILSVRC2012_val_00047487.JPEG,"dug, person",,2.0,bbox,,"[[49,68,376,261]]",1,400.0,290.0,2026-08-31T14:17:49.675Z,2026-08-31T14:21:26.171Z
annotator_0037,session_0038,23.0,udacity,human_bbox_annotation,2,1478895568695802824.jpg,car,,1.0,bbox,,"[[30,103,150,232]]",1,480.0,300.0,2026-08-31T14:17:54.867Z,2026-08-31T14:21:26.171Z
annotator_0037,session_0038,24.0,udacity,human_bbox_annotation,2,1478896071431847989.jpg,can,,1.0,reject,other,[],0,480.0,300.0,2026-08-31T14:18:00.026Z,2026-08-31T14:21:26.171Z
annotator_0037,session_0038,25.0,udacity,human_bbox_annotation,2,1479501431172538806.jpg,cam,,1.0,reject,other,[],0,480.0,300.0,2026-08-31T14:18:04.563Z,2026-08-31T14:21:26.171Z
annotator_0037,session_0038,26.0,single/solo,human_bbox_annotation,2,ILSVRC2012_val_00006233.JPEG,diaper,,1.0,bbox,,"[[148,206,239,331]]",1,375.0,500.0,2026-08-31T14:18:11.275Z,2026-08-31T14:21:26.171Z
annotator_0037,session_0038,27.0,single/solo,human_bbox_annotation,2,ILSVRC2012_val_00026917.JPEG,butterfly,,1.0,bbox,,"[[175,54,440,319]]",1,500.0,443.0,2026-08-31T14:18:23.731Z,2026-08-31T14:21:26.171Z
annotator_0037,session_0038,28.0,single/solo,human_bbox_annotation,2,ILSVRC2012_val_00024314.JPEG,snake,,1.0,bbox,,"[[107,146,471,395]]",1,640.0,480.0,2026-08-31T14:18:29.771Z,2026-08-31T14:21:26.171Z
annotator_0037,session_0038,29.0,single/multi,human_bbox_annotation,2,ILSVRC2012_val_00037816.JPEG,antelope,,1.0,reject,other,[],0,500.0,333.0,2026-08-31T14:18:40.803Z,2026-08-31T14:21:26.171Z
annotator_0037,session_0038,30.0,single/multi,human_bbox_annotation,2,ILSVRC2012_val_00002802.JPEG,bird,,1.0,bbox,,"[[23,15,442,366]]",1,500.0,385.0,2026-08-31T14:18:47.851Z,2026-08-31T14:21:26.171Z
annotator_0037,session_0038,31.0,single/multi,human_bbox_annotation,2,ILSVRC2012_val_00022295.JPEG,bench,,1.0,bbox,,"[[123,324,318,450],[6,302,95,409]]",2,500.0,442.0,2026-08-31T14:18:55.189Z,2026-08-31T14:21:26.171Z
annotator_0037,session_0038,32.0,multi,human_bbox_annotation,2,ILSVRC2012_val_00010502.JPEG,"plastic bag, pomegranate",,2.0,bbox,,"[[142,83,423,332],[5,1,192,240]]",2,500.0,356.0,2026-08-31T14:19:12.131Z,2026-08-31T14:21:26.171Z
annotator_0037,session_0038,33.0,multi,human_bbox_annotation,2,ILSVRC2012_val_00038249.JPEG,"bookshelf, disxwasher",,2.0,bbox,,"[[52,119,557,532]]",1,590.0,892.0,2026-08-31T14:19:20.571Z,2026-08-31T14:21:26.171Z
annotator_0037,session_0038,34.0,multi,human_bbox_annotation,2,ILSVRC2012_val_00024444.JPEG,"bench, cello, chair, pe rson, piano",,5.0,bbox,,"[[156,122,294,305],[35,93,152,270],[27,298,181,488],[191,30,370,264]]",4,392.0,500.0,2026-08-31T14:19:33.123Z,2026-08-31T14:21:26.171Z
annotator_0037,session_0038,35.0,udacity,human_bbox_annotation,2,1478896071431847989.jpg,car,,1.0,bbox,,"[[392,59,502,236]]",1,480.0,300.0,2026-08-31T14:19:39.643Z,2026-08-31T14:21:26.171Z
annotator_0037,session_0038,36.0,udacity,human_bbox_annotation,2,1479504312367157311.jpg,"automobilp, truck",,2.0,reject,other,[],0,480.0,300.0,2026-08-31T14:19:47.811Z,2026-08-31T14:21:26.171Z
annotator_0037,session_0038,37.0,udacity,human_bbox_annotation,2,1478898995863305961.jpg,automobile,,1.0,reject,other,[],0,480.0,300.0,2026-08-31T14:19:58.499Z,2026-08-31T14:21:26.171Z
annotator_0037,session_0038,38.0,single/solo,human_bbox_annotation,2,ILSVRC2012_val_00001314.JPEG,dog,,1.0,bbox,,"[[138,83,421,248]]",1,500.0,375.0,2026-08-31T14:20:04.042Z,2026-08-31T14:21:26.171Z
annotator_0037,session_0038,39.0,single/solo,human_bbox_annotation,2,ILSVRC2012_val_00015173.JPEG,pooch,,1.0,bbox,,"[[30,124,291,316]]",1,345.0,500.0,2026-08-31T14:20:13.034Z,2026-08-31T14:21:26.171Z
annotator_0037,session_0038,40.0,single/solo,human_bbox_annotation,2,ILSVRC2012_val_00017504.JPEG,perfume,,1.0,bbox,,"[[34,47,258,364]]",1,260.0,375.0,2026-08-31T14:20:19.228Z,2026-08-31T14:21:26.171Z
annotator_0037,session_0038,41.0,single/multi,human_bbox_annotation,2,ILSVRC2012_val_00012301.JPEG,snake,,1.0,bbox,,"[[9,2,366,483]]",1,430.0,500.0,2026-08-31T14:20:29.042Z,2026-08-31T14:21:26.171Z
annotator_0037,session_0038,42.0,single/multi,human_bbox_annotation,2,ILSVRC2012_val_00045966.JPEG,soap dispenser,,1.0,bbox,,"[[62,38,461,462]]",1,499.0,500.0,2026-08-31T14:20:34.954Z,2026-08-31T14:21:26.171Z
annotator_0037,session_0038,43.0,single/multi,human_bbox_annotation,2,ILSVRC2012_val_00041903.JPEG,salt or pepper shaker,,1.0,bbox,,"[[106,75,534,808]]",1,582.0,815.0,2026-08-31T14:20:40.963Z,2026-08-31T14:21:26.171Z
annotator_0037,session_0038,44.0,multi,human_bbox_annotation,2,ILSVRC2012_val_00005713.JPEG,"person, soccer ball",,2.0,bbox,,"[[95,13,237,127]]",1,300.0,225.0,2026-08-31T14:20:46.339Z,2026-08-31T14:21:26.171Z
annotator_0037,session_0038,45.0,multi,human_bbox_annotation,2,ILSVRC2012_val_00042150.JPEG,"car, individual, unicycle",,3.0,bbox,,"[[25,89,246,246],[264,97,344,353],[375,79,501,297]]",3,500.0,375.0,2026-08-31T14:20:57.554Z,2026-08-31T14:21:26.171Z
annotator_0037,session_0038,46.0,multi,human_bbox_annotation,2,ILSVRC2013_val_00001956.JPEG,"ucp or mug, strawberry, table",,3.0,bbox,,"[[39,33,250,383],[358,110,501,472]]",2,500.0,500.0,2026-08-31T14:21:07.722Z,2026-08-31T14:21:26.171Z
annotator_0037,session_0038,47.0,udacity,human_bbox_annotation,2,1478020280197384728.jpg,car,,1.0,bbox,,"[[227,101,396,224]]",1,480.0,300.0,2026-08-31T14:21:12.067Z,2026-08-31T14:21:26.171Z
annotator_0037,session_0038,48.0,udacity,human_bbox_annotation,2,1479500700123235425.jpg,truck,,1.0,bbox,,"[[2,80,121,193]]",1,480.0,300.0,2026-08-31T14:21:18.427Z,2026-08-31T14:21:26.171Z
annotator_0037,session_0038,49.0,udacity,human_bbox_annotation,2,1479501447174309879.jpg,car,,1.0,bbox,,"[[6,85,375,247]]",1,480.0,300.0,2026-08-31T14:21:22.962Z,2026-08-31T14:21:26.171Z
annotator_0038,session_0039,,single/solo,human_bbox_annotation,3,ILSVRC2012_val_00006233.JPEG,diaper,,1.0,reject,unclear_image,[],0,375.0,500.0,2026-08-31T14:42:12.270Z,2026-08-31T14:52:43.457Z
annotator_0038,session_0039,1.0,single/solo,human_bbox_annotation,3,ILSVRC2012_val_00010994.JPEG,dot,,1.0,reject,unclear_label,[],0,500.0,375.0,2026-08-31T14:42:23.157Z,2026-08-31T14:52:43.457Z
annotator_0038,session_0039,2.0,single/solo,human_bbox_annotation,3,ILSVRC2012_val_00047845.JPEG,sneak,,1.0,reject,unclear_label,[],0,500.0,375.0,2026-08-31T14:42:30.573Z,2026-08-31T14:52:43.457Z
annotator_0038,session_0039,3.0,single/multi,human_bbox_annotation,3,ILSVRC2012_val_00041903.JPEG,salt or pepper shaker,,1.0,reject,unclear_image,[],0,582.0,815.0,2026-08-31T14:42:35.821Z,2026-08-31T14:52:43.457Z
annotator_0038,session_0039,4.0,single/multi,human_bbox_annotation,3,ILSVRC2012_val_00044520.JPEG,iuod,,1.0,reject,unclear_label,[],0,500.0,241.0,2026-08-31T14:42:42.084Z,2026-08-31T14:52:43.457Z
annotator_0038,session_0039,6.0,single/multi,human_bbox_annotation,3,ILSVRC2012_val_00004401.JPEG,islpod,,1.0,reject,unclear_label,[],0,375.0,500.0,2026-08-31T14:42:53.428Z,2026-08-31T14:52:43.457Z
annotator_0038,session_0039,7.0,multi,human_bbox_annotation,3,ILSVRC2012_val_00022857.JPEG,"dog, person",,2.0,bbox,,"[[22,68,293,403]]",1,500.0,375.0,2026-08-31T14:43:09.550Z,2026-08-31T14:52:43.457Z
annotator_0038,session_0039,8.0,multi,human_bbox_annotation,3,ILSVRC2012_val_00039154.JPEG,"pirson, racket",,2.0,reject,unclear_label,[],0,500.0,376.0,2026-08-31T14:43:14.015Z,2026-08-31T14:52:43.457Z
annotator_0038,session_0039,9.0,multi,human_bbox_annotation,3,ILSVRC2012_val_00030479.JPEG,"dog, individual",,2.0,reject,unclear_image,[],0,500.0,375.0,2026-08-31T14:43:29.513Z,2026-08-31T14:52:43.457Z
annotator_0038,session_0039,10.0,udacity,human_bbox_annotation,3,1479501431172538806.jpg,car,,1.0,bbox,,"[[43,30,462,269]]",1,480.0,300.0,2026-08-31T14:43:35.343Z,2026-08-31T14:52:43.457Z
annotator_0038,session_0039,11.0,udacity,human_bbox_annotation,3,1479501447174309879.jpg,cab,,1.0,reject,unclear_image,[],0,480.0,300.0,2026-08-31T14:43:41.143Z,2026-08-31T14:52:43.457Z
annotator_0038,session_0039,12.0,udacity,human_bbox_annotation,3,1479503322799978016.jpg,car,,1.0,bbox,,"[[152,51,340,256]]",1,480.0,300.0,2026-08-31T14:43:46.399Z,2026-08-31T14:52:43.457Z
annotator_0038,session_0039,13.0,single/solo,human_bbox_annotation,3,ILSVRC2012_val_00031771.JPEG,croquet ball,,1.0,bbox,,"[[182,107,313,274]]",1,500.0,333.0,2026-08-31T14:43:57.663Z,2026-08-31T14:52:43.457Z
annotator_0038,session_0039,14.0,single/solo,human_bbox_annotation,3,ILSVRC2012_val_00032258.JPEG,golf fihs,,1.0,reject,unclear_label,[],0,500.0,375.0,2026-08-31T14:44:05.713Z,2026-08-31T14:52:43.457Z
annotator_0038,session_0039,15.0,single/solo,human_bbox_annotation,3,ILSVRC2012_val_00013465.JPEG,hippopotamus,,1.0,reject,unclear_label,[],0,396.0,500.0,2026-08-31T14:48:58.569Z,2026-08-31T14:52:43.457Z
annotator_0038,session_0039,16.0,single/multi,human_bbox_annotation,3,ILSVRC2012_val_00048808.JPEG,isopod,,1.0,reject,unclear_label,[],0,500.0,375.0,2026-08-31T14:49:02.290Z,2026-08-31T14:52:43.457Z
annotator_0038,session_0039,17.0,single/multi,human_bbox_annotation,3,ILSVRC2012_val_00039027.JPEG,dot,,1.0,reject,unclear_image,[],0,500.0,375.0,2026-08-31T14:49:08.552Z,2026-08-31T14:52:43.457Z
annotator_0038,session_0039,18.0,single/multi,human_bbox_annotation,3,ILSVRC2012_val_00039795.JPEG,bare,,1.0,reject,unclear_label,[],0,250.0,168.0,2026-08-31T14:49:13.794Z,2026-08-31T14:52:43.457Z
annotator_0038,session_0039,19.0,multi,human_bbox_annotation,3,ILSVRC2012_val_00004709.JPEG,"brassiere, person",,2.0,reject,unclear_label,[],0,338.0,500.0,2026-08-31T14:49:24.594Z,2026-08-31T14:52:43.457Z
annotator_0038,session_0039,20.0,multi,human_bbox_annotation,3,ILSVRC2012_val_00006695.JPEG,"bow tie, ob oe, pearspn",,3.0,reject,unclear_label,[],0,867.0,996.0,2026-08-31T14:49:31.090Z,2026-08-31T14:52:43.457Z
annotator_0038,session_0039,21.0,multi,human_bbox_annotation,3,ILSVRC2012_val_00004048.JPEG,"croquet ball, flower pot, ping-pong ball",,3.0,reject,unclear_label,[],0,375.0,500.0,2026-08-31T14:49:34.874Z,2026-08-31T14:52:43.457Z
annotator_0038,session_0039,22.0,udacity,human_bbox_annotation,3,1478896071431847989.jpg,car,,1.0,bbox,,"[[399,38,490,222]]",1,480.0,300.0,2026-08-31T14:49:42.689Z,2026-08-31T14:52:43.457Z
annotator_0038,session_0039,23.0,udacity,human_bbox_annotation,3,1478898995863305961.jpg,can,,1.0,reject,unclear_label,[],0,480.0,300.0,2026-08-31T14:49:46.417Z,2026-08-31T14:52:43.457Z
annotator_0038,session_0039,24.0,udacity,human_bbox_annotation,3,1478898087511960878.jpg,"car, track",,2.0,bbox,,"[[44,52,294,267]]",1,480.0,300.0,2026-08-31T14:49:56.773Z,2026-08-31T14:52:43.457Z
annotator_0038,session_0039,25.0,single/solo,human_bbox_annotation,3,ILSVRC2013_val_00004426.JPEG,koala bear,,1.0,reject,unclear_label,[],0,332.0,500.0,2026-08-31T14:50:01.100Z,2026-08-31T14:52:43.457Z
annotator_0038,session_0039,26.0,single/solo,human_bbox_annotation,3,ILSVRC2013_val_00004383.JPEG,person,,1.0,bbox,,"[[29,3,346,501]]",1,333.0,500.0,2026-08-31T14:50:11.635Z,2026-08-31T14:52:43.457Z
annotator_0038,session_0039,28.0,single/solo,human_bbox_annotation,3,ILSVRC2012_val_00043661.JPEG,sal t or pepper shaker,,1.0,reject,unclear_image,[],0,380.0,571.0,2026-08-31T14:50:26.164Z,2026-08-31T14:52:43.457Z
annotator_0038,session_0039,29.0,single/multi,human_bbox_annotation,3,ILSVRC2012_val_00029698.JPEG,bird,,1.0,bbox,,"[[101,35,428,317]]",1,500.0,375.0,2026-08-31T14:50:32.979Z,2026-08-31T14:52:43.457Z
annotator_0038,session_0039,30.0,single/multi,human_bbox_annotation,3,ILSVRC2013_val_00001740.JPEG,bicycl e,,1.0,bbox,,"[[241,180,339,264]]",1,333.0,500.0,2026-08-31T14:50:43.076Z,2026-08-31T14:52:43.457Z
annotator_0038,session_0039,31.0,single/multi,human_bbox_annotation,3,ILSVRC2012_val_00035151.JPEG,burd,,1.0,reject,unclear_label,[],0,500.0,384.0,2026-08-31T14:50:47.427Z,2026-08-31T14:52:43.457Z
annotator_0038,session_0039,32.0,multi,human_bbox_annotation,3,ILSVRC2012_val_00026051.JPEG,"bookshelf, dog",,2.0,bbox,,"[[5,70,424,463]]",1,415.0,500.0,2026-08-31T14:51:00.180Z,2026-08-31T14:52:43.457Z
annotator_0038,session_0039,33.0,multi,human_bbox_annotation,3,ILSVRC2012_val_00018814.JPEG,"croquet ball, person, pingpogg bawl",,3.0,reject,unclear_image,[],0,500.0,417.0,2026-08-31T14:51:03.511Z,2026-08-31T14:52:43.457Z
annotator_0038,session_0039,34.0,multi,human_bbox_annotation,3,ILSVRC2012_val_00004068.JPEG,"axe, person",,2.0,bbox,,"[[91,238,387,541]]",1,375.0,500.0,2026-08-31T14:51:10.645Z,2026-08-31T14:52:43.457Z
annotator_0038,session_0039,35.0,udacity,human_bbox_annotation,3,1478898087511960878.jpg,"car, truck",,2.0,bbox,,"[[58,44,252,269]]",1,480.0,300.0,2026-08-31T14:51:14.749Z,2026-08-31T14:52:43.457Z
annotator_0038,session_0039,36.0,udacity,human_bbox_annotation,3,1478896071431847989.jpg,cav,,1.0,reject,unclear_label,[],0,480.0,300.0,2026-08-31T14:51:18.540Z,2026-08-31T14:52:43.457Z
annotator_0038,session_0039,37.0,udacity,human_bbox_annotation,3,1478895568695802824.jpg,car,,1.0,bbox,,"[[25,126,114,193]]",1,480.0,300.0,2026-08-31T14:51:25.637Z,2026-08-31T14:52:43.457Z
annotator_0038,session_0039,38.0,single/solo,human_bbox_annotation,3,ILSVRC2013_val_00001634.JPEG,table,,1.0,reject,unclear_image,[],0,500.0,500.0,2026-08-31T14:51:30.342Z,2026-08-31T14:52:43.457Z
annotator_0038,session_0039,39.0,single/solo,human_bbox_annotation,3,ILSVRC2012_val_00026917.JPEG,butterfly,,1.0,bbox,,"[[205,58,437,352]]",1,500.0,443.0,2026-08-31T14:51:36.796Z,2026-08-31T14:52:43.457Z
annotator_0038,session_0039,40.0,single/solo,human_bbox_annotation,3,ILSVRC2012_val_00024314.JPEG,sneak,,1.0,bbox,,"[[153,156,492,430]]",1,640.0,480.0,2026-08-31T14:51:41.765Z,2026-08-31T14:52:43.457Z
annotator_0038,session_0039,41.0,single/multi,human_bbox_annotation,3,ILSVRC2012_val_00035101.JPEG,zebra,,1.0,bbox,,"[[22,14,494,455]]",1,500.0,421.0,2026-08-31T14:51:48.381Z,2026-08-31T14:52:43.457Z
annotator_0038,session_0039,42.0,single/multi,human_bbox_annotation,3,ILSVRC2012_val_00035612.JPEG,mokney,,1.0,bbox,,"[[57,30,470,475]]",1,500.0,500.0,2026-08-31T14:51:54.463Z,2026-08-31T14:52:43.457Z
annotator_0038,session_0039,43.0,single/multi,human_bbox_annotation,3,ILSVRC2012_val_00035457.JPEG,cart,,1.0,reject,unclear_image,[],0,624.0,396.0,2026-08-31T14:51:58.391Z,2026-08-31T14:52:43.457Z
annotator_0038,session_0039,44.0,multi,human_bbox_annotation,3,ILSVRC2012_val_00035378.JPEG,"bird, dog",,2.0,bbox,,"[[9,16,419,344]]",1,500.0,400.0,2026-08-31T14:52:05.535Z,2026-08-31T14:52:43.457Z
annotator_0038,session_0039,45.0,multi,human_bbox_annotation,3,ILSVRC2012_val_00044472.JPEG,"hat with a wide brim, person",,2.0,bbox,,"[[119,9,409,432]]",1,375.0,500.0,2026-08-31T14:52:17.847Z,2026-08-31T14:52:43.457Z
annotator_0038,session_0039,46.0,multi,human_bbox_annotation,3,ILSVRC2013_val_00003860.JPEG,"digital clock, person",,2.0,reject,unclear_image,[],0,500.0,500.0,2026-08-31T14:52:24.407Z,2026-08-31T14:52:43.457Z
annotator_0038,session_0039,47.0,udacity,human_bbox_annotation,3,1478732233783674595.jpg,car,,1.0,reject,unclear_image,[],0,480.0,300.0,2026-08-31T14:52:27.030Z,2026-08-31T14:52:43.457Z
annotator_0038,session_0039,48.0,udacity,human_bbox_annotation,3,1479501447174309879.jpg,car,,1.0,bbox,,"[[11,44,370,260]]",1,480.0,300.0,2026-08-31T14:52:31.798Z,2026-08-31T14:52:43.457Z
annotator_0038,session_0039,49.0,udacity,human_bbox_annotation,3,1479500714623724165.jpg,car,,1.0,bbox,,"[[81,130,174,210],[5,121,63,192]]",2,480.0,300.0,2026-08-31T14:52:41.583Z,2026-08-31T14:52:43.457Z
annotator_0039,session_0040,,single/solo,human_bbox_annotation,3,ILSVRC2012_val_00006233.JPEG,diaper,,1.0,bbox,,"[[53,170,308,414]]",1,375.0,500.0,2026-08-31T14:42:54.068Z,2026-08-31T14:57:00.961Z
annotator_0039,session_0040,1.0,single/solo,human_bbox_annotation,3,ILSVRC2012_val_00010994.JPEG,dot,,1.0,bbox,,"[[167,83,479,366]]",1,500.0,375.0,2026-08-31T14:43:15.229Z,2026-08-31T14:57:00.961Z
annotator_0039,session_0040,3.0,single/solo,human_bbox_annotation,3,ILSVRC2012_val_00047845.JPEG,sneak,,1.0,bbox,,"[[11,129,432,306]]",1,500.0,375.0,2026-08-31T14:43:55.038Z,2026-08-31T14:57:00.961Z
annotator_0039,session_0040,4.0,single/multi,human_bbox_annotation,3,ILSVRC2012_val_00041903.JPEG,salt or pepper shaker,,1.0,bbox,,"[[97,84,584,790]]",1,582.0,815.0,2026-08-31T14:44:08.390Z,2026-08-31T14:57:00.961Z
annotator_0039,session_0040,5.0,single/multi,human_bbox_annotation,3,ILSVRC2012_val_00044520.JPEG,iuod,,1.0,bbox,,"[[75,15,489,231]]",1,500.0,241.0,2026-08-31T14:45:23.280Z,2026-08-31T14:57:00.961Z
annotator_0039,session_0040,6.0,single/multi,human_bbox_annotation,3,ILSVRC2012_val_00004401.JPEG,islpod,,1.0,bbox,,"[[14,67,349,479]]",1,375.0,500.0,2026-08-31T14:45:46.231Z,2026-08-31T14:57:00.961Z
annotator_0039,session_0040,7.0,multi,human_bbox_annotation,3,ILSVRC2012_val_00022857.JPEG,"dog, person",,2.0,bbox,,"[[98,43,490,367]]",1,500.0,375.0,2026-08-31T14:45:58.049Z,2026-08-31T14:57:00.961Z
annotator_0039,session_0040,9.0,multi,human_bbox_annotation,3,ILSVRC2012_val_00039154.JPEG,"pirson, racket",,2.0,bbox,,"[[33,20,370,360]]",1,500.0,376.0,2026-08-31T14:46:38.698Z,2026-08-31T14:57:00.961Z
annotator_0039,session_0040,10.0,multi,human_bbox_annotation,3,ILSVRC2012_val_00030479.JPEG,"dog, individual",,2.0,bbox,,"[[47,77,400,309]]",1,500.0,375.0,2026-08-31T14:47:07.210Z,2026-08-31T14:57:00.961Z
annotator_0039,session_0040,11.0,udacity,human_bbox_annotation,3,1479501431172538806.jpg,car,,1.0,bbox,,"[[108,77,456,256]]",1,480.0,300.0,2026-08-31T14:47:13.938Z,2026-08-31T14:57:00.961Z
annotator_0039,session_0040,12.0,udacity,human_bbox_annotation,3,1479501447174309879.jpg,cab,,1.0,bbox,,"[[13,66,403,263]]",1,480.0,300.0,2026-08-31T14:47:27.650Z,2026-08-31T14:57:00.961Z
annotator_0039,session_0040,13.0,udacity,human_bbox_annotation,3,1479503322799978016.jpg,car,,1.0,bbox,,"[[11,78,473,267]]",1,480.0,300.0,2026-08-31T14:49:34.060Z,2026-08-31T14:57:00.961Z
annotator_0039,session_0040,14.0,single/solo,human_bbox_annotation,3,ILSVRC2012_val_00031771.JPEG,croquet ball,,1.0,bbox,,"[[142,64,393,263]]",1,500.0,333.0,2026-08-31T14:49:42.518Z,2026-08-31T14:57:00.961Z
annotator_0039,session_0040,15.0,single/solo,human_bbox_annotation,3,ILSVRC2012_val_00032258.JPEG,golf fihs,,1.0,bbox,,"[[126,60,448,347]]",1,500.0,375.0,2026-08-31T14:49:54.029Z,2026-08-31T14:57:00.961Z
annotator_0039,session_0040,16.0,single/solo,human_bbox_annotation,3,ILSVRC2012_val_00013465.JPEG,hippopotamus,,1.0,bbox,,"[[43,110,267,346]]",1,396.0,500.0,2026-08-31T14:50:03.863Z,2026-08-31T14:57:00.961Z
annotator_0039,session_0040,17.0,single/multi,human_bbox_annotation,3,ILSVRC2012_val_00048808.JPEG,isopod,,1.0,bbox,,"[[8,78,470,377]]",1,500.0,375.0,2026-08-31T14:50:21.758Z,2026-08-31T14:57:00.961Z
annotator_0039,session_0040,18.0,single/multi,human_bbox_annotation,3,ILSVRC2012_val_00039027.JPEG,dot,,1.0,reject,unclear_label,[],0,500.0,375.0,2026-08-31T14:50:58.576Z,2026-08-31T14:57:00.961Z
annotator_0039,session_0040,19.0,single/multi,human_bbox_annotation,3,ILSVRC2012_val_00039795.JPEG,bare,,1.0,bbox,,"[[23,7,240,154]]",1,250.0,168.0,2026-08-31T14:51:10.999Z,2026-08-31T14:57:00.961Z
annotator_0039,session_0040,20.0,multi,human_bbox_annotation,3,ILSVRC2012_val_00004709.JPEG,"brassiere, person",,2.0,bbox,,"[[31,17,311,470]]",1,338.0,500.0,2026-08-31T14:51:25.785Z,2026-08-31T14:57:00.961Z
annotator_0039,session_0040,21.0,multi,human_bbox_annotation,3,ILSVRC2012_val_00006695.JPEG,"bow tie, ob oe, pearspn",,3.0,reject,unclear_label,[],0,867.0,996.0,2026-08-31T14:51:52.431Z,2026-08-31T14:57:00.961Z
annotator_0039,session_0040,22.0,multi,human_bbox_annotation,3,ILSVRC2012_val_00004048.JPEG,"croquet ball, flower pot, ping-pong ball",,3.0,bbox,,"[[26,26,355,435]]",1,375.0,500.0,2026-08-31T14:52:06.673Z,2026-08-31T14:57:00.961Z
annotator_0039,session_0040,23.0,udacity,human_bbox_annotation,3,1478896071431847989.jpg,car,,1.0,bbox,,"[[336,54,475,262]]",1,480.0,300.0,2026-08-31T14:52:23.697Z,2026-08-31T14:57:00.961Z
annotator_0039,session_0040,24.0,udacity,human_bbox_annotation,3,1478898995863305961.jpg,can,,1.0,reject,unclear_label,[],0,480.0,300.0,2026-08-31T14:52:32.329Z,2026-08-31T14:57:00.961Z
annotator_0039,session_0040,25.0,udacity,human_bbox_annotation,3,1478898087511960878.jpg,"car, track",,2.0,bbox,,"[[18,19,467,274]]",1,480.0,300.0,2026-08-31T14:52:46.306Z,2026-08-31T14:57:00.961Z
annotator_0039,session_0040,26.0,single/solo,human_bbox_annotation,3,ILSVRC2013_val_00004426.JPEG,koala bear,,1.0,bbox,,"[[19,66,317,465]]",1,332.0,500.0,2026-08-31T14:52:57.411Z,2026-08-31T14:57:00.961Z
annotator_0039,session_0040,27.0,single/solo,human_bbox_annotation,3,ILSVRC2013_val_00004383.JPEG,person,,1.0,bbox,,"[[5,17,313,454]]",1,333.0,500.0,2026-08-31T14:53:06.833Z,2026-08-31T14:57:00.961Z
annotator_0039,session_0040,28.0,single/solo,human_bbox_annotation,3,ILSVRC2012_val_00043661.JPEG,sal t or pepper shaker,,1.0,bbox,,"[[48,25,337,523]]",1,380.0,571.0,2026-08-31T14:53:14.322Z,2026-08-31T14:57:00.961Z
annotator_0039,session_0040,29.0,single/multi,human_bbox_annotation,3,ILSVRC2012_val_00029698.JPEG,bird,,1.0,bbox,,"[[73,27,428,341]]",1,500.0,375.0,2026-08-31T14:53:21.458Z,2026-08-31T14:57:00.961Z
annotator_0039,session_0040,30.0,single/multi,human_bbox_annotation,3,ILSVRC2013_val_00001740.JPEG,bicycl e,,1.0,bbox,,"[[189,151,344,412]]",1,333.0,500.0,2026-08-31T14:53:30.684Z,2026-08-31T14:57:00.961Z
annotator_0039,session_0040,31.0,single/multi,human_bbox_annotation,3,ILSVRC2012_val_00035151.JPEG,burd,,1.0,reject,unclear_label,[],0,500.0,384.0,2026-08-31T14:53:37.227Z,2026-08-31T14:57:00.961Z
annotator_0039,session_0040,32.0,multi,human_bbox_annotation,3,ILSVRC2012_val_00026051.JPEG,"bookshelf, dog",,2.0,bbox,,"[[12,2,383,473]]",1,415.0,500.0,2026-08-31T14:53:49.530Z,2026-08-31T14:57:00.961Z
annotator_0039,session_0040,33.0,multi,human_bbox_annotation,3,ILSVRC2012_val_00018814.JPEG,"croquet ball, person, pingpogg bawl",,3.0,bbox,,"[[5,3,488,394]]",1,500.0,417.0,2026-08-31T14:54:06.356Z,2026-08-31T14:57:00.961Z
annotator_0039,session_0040,34.0,multi,human_bbox_annotation,3,ILSVRC2012_val_00004068.JPEG,"axe, person",,2.0,bbox,,"[[16,4,351,462]]",1,375.0,500.0,2026-08-31T14:54:16.908Z,2026-08-31T14:57:00.961Z
annotator_0039,session_0040,35.0,udacity,human_bbox_annotation,3,1478898087511960878.jpg,"car, truck",,2.0,bbox,,"[[24,10,474,277]]",1,480.0,300.0,2026-08-31T14:54:25.371Z,2026-08-31T14:57:00.961Z
annotator_0039,session_0040,36.0,udacity,human_bbox_annotation,3,1478896071431847989.jpg,cav,,1.0,reject,unclear_label,[],0,480.0,300.0,2026-08-31T14:54:34.254Z,2026-08-31T14:57:00.961Z
annotator_0039,session_0040,37.0,udacity,human_bbox_annotation,3,1478895568695802824.jpg,car,,1.0,bbox,,"[[21,108,145,210]]",1,480.0,300.0,2026-08-31T14:54:40.019Z,2026-08-31T14:57:00.961Z
annotator_0039,session_0040,38.0,single/solo,human_bbox_annotation,3,ILSVRC2013_val_00001634.JPEG,table,,1.0,bbox,,"[[20,11,446,479]]",1,500.0,500.0,2026-08-31T14:54:53.005Z,2026-08-31T14:57:00.961Z
annotator_0039,session_0040,39.0,single/solo,human_bbox_annotation,3,ILSVRC2012_val_00026917.JPEG,butterfly,,1.0,bbox,,"[[166,64,449,368]]",1,500.0,443.0,2026-08-31T14:55:19.372Z,2026-08-31T14:57:00.961Z
annotator_0039,session_0040,40.0,single/solo,human_bbox_annotation,3,ILSVRC2012_val_00024314.JPEG,sneak,,1.0,bbox,,"[[108,162,509,431]]",1,640.0,480.0,2026-08-31T14:55:32.438Z,2026-08-31T14:57:00.961Z
annotator_0039,session_0040,41.0,single/multi,human_bbox_annotation,3,ILSVRC2012_val_00035101.JPEG,zebra,,1.0,bbox,,"[[18,16,442,398]]",1,500.0,421.0,2026-08-31T14:55:40.589Z,2026-08-31T14:57:00.961Z
annotator_0039,session_0040,42.0,single/multi,human_bbox_annotation,3,ILSVRC2012_val_00035612.JPEG,mokney,,1.0,bbox,,"[[57,27,445,477]]",1,500.0,500.0,2026-08-31T14:55:48.654Z,2026-08-31T14:57:00.961Z
annotator_0039,session_0040,43.0,single/multi,human_bbox_annotation,3,ILSVRC2012_val_00035457.JPEG,cart,,1.0,bbox,,"[[71,25,605,350]]",1,624.0,396.0,2026-08-31T14:56:04.397Z,2026-08-31T14:57:00.961Z
annotator_0039,session_0040,44.0,multi,human_bbox_annotation,3,ILSVRC2012_val_00035378.JPEG,"bird, dog",,2.0,bbox,,"[[58,15,456,346]]",1,500.0,400.0,2026-08-31T14:56:12.902Z,2026-08-31T14:57:00.961Z
annotator_0039,session_0040,45.0,multi,human_bbox_annotation,3,ILSVRC2012_val_00044472.JPEG,"hat with a wide brim, person",,2.0,bbox,,"[[32,8,367,468]]",1,375.0,500.0,2026-08-31T14:56:25.096Z,2026-08-31T14:57:00.961Z
annotator_0039,session_0040,46.0,multi,human_bbox_annotation,3,ILSVRC2013_val_00003860.JPEG,"digital clock, person",,2.0,bbox,,"[[20,16,478,441]]",1,500.0,500.0,2026-08-31T14:56:36.614Z,2026-08-31T14:57:00.961Z
annotator_0039,session_0040,47.0,udacity,human_bbox_annotation,3,1478732233783674595.jpg,car,,1.0,bbox,,"[[139,73,412,216]]",1,480.0,300.0,2026-08-31T14:56:45.847Z,2026-08-31T14:57:00.961Z
annotator_0039,session_0040,48.0,udacity,human_bbox_annotation,3,1479501447174309879.jpg,car,,1.0,bbox,,"[[15,58,359,256]]",1,480.0,300.0,2026-08-31T14:56:52.278Z,2026-08-31T14:57:00.961Z
annotator_0039,session_0040,49.0,udacity,human_bbox_annotation,3,1479500714623724165.jpg,car,,1.0,bbox,,"[[10,71,228,248]]",1,480.0,300.0,2026-08-31T14:56:59.246Z,2026-08-31T14:57:00.961Z
annotator_0040,session_0041,,single/solo,human_bbox_annotation,2,ILSVRC2012_val_00047878.JPEG,bird,,1.0,reject,unclear_image,[],0,500.0,382.0,2026-08-31T14:53:42.973Z,2026-08-31T14:59:32.137Z
annotator_0040,session_0041,1.0,single/solo,human_bbox_annotation,2,ILSVRC2012_val_00028513.JPEG,𝛼ntelopz,,1.0,reject,unclear_label,[],0,500.0,344.0,2026-08-31T14:53:46.868Z,2026-08-31T14:59:32.137Z
annotator_0040,session_0041,2.0,single/solo,human_bbox_annotation,2,ILSVRC2012_val_00016909.JPEG,herd,,1.0,reject,unclear_label,[],0,500.0,375.0,2026-08-31T14:53:53.668Z,2026-08-31T14:59:32.137Z
annotator_0040,session_0041,3.0,single/multi,human_bbox_annotation,2,ILSVRC2012_val_00018599.JPEG,corkscrew,,1.0,bbox,,"[[115,90,834,854]]",1,919.0,1024.0,2026-08-31T14:54:15.299Z,2026-08-31T14:59:32.137Z
annotator_0040,session_0041,4.0,single/multi,human_bbox_annotation,2,ILSVRC2012_val_00042837.JPEG,perfurne,,1.0,bbox,,"[[48,76,454,414]]",1,500.0,495.0,2026-08-31T14:54:21.451Z,2026-08-31T14:59:32.137Z
annotator_0040,session_0041,5.0,single/multi,human_bbox_annotation,2,ILSVRC2012_val_00042837.JPEG,pel fume,,1.0,reject,unclear_label,[],0,500.0,495.0,2026-08-31T14:54:32.260Z,2026-08-31T14:59:32.137Z
annotator_0040,session_0041,7.0,multi,human_bbox_annotation,2,ILSVRC2013_val_00000449.JPEG,"bowl, person",,2.0,bbox,,"[[77,12,382,490]]",1,375.0,500.0,2026-08-31T14:54:48.540Z,2026-08-31T14:59:32.137Z
annotator_0040,session_0041,8.0,multi,human_bbox_annotation,2,ILSVRC2013_val_00003495.JPEG,"baby bead, filing cabinet, stove, desk",,4.0,bbox,,"[[87,221,323,324]]",1,500.0,375.0,2026-08-31T14:54:57.523Z,2026-08-31T14:59:32.137Z
annotator_0040,session_0041,9.0,multi,human_bbox_annotation,2,ILSVRC2012_val_00004761.JPEG,"fowl, pearson, saxophone",,3.0,reject,unclear_label,[],0,500.0,500.0,2026-08-31T14:55:04.163Z,2026-08-31T14:59:32.137Z
annotator_0040,session_0041,10.0,udacity,human_bbox_annotation,2,1478020860712187115.jpg,car,,1.0,bbox,,"[[323,116,412,201],[224,122,267,175]]",2,480.0,300.0,2026-08-31T14:55:10.426Z,2026-08-31T14:59:32.137Z
annotator_0040,session_0041,11.0,udacity,human_bbox_annotation,2,1478020280197384728.jpg,cap,,1.0,reject,unclear_label,[],0,480.0,300.0,2026-08-31T14:55:15.203Z,2026-08-31T14:59:32.137Z
annotator_0040,session_0041,12.0,udacity,human_bbox_annotation,2,1479501447174309879.jpg,cam,,1.0,reject,unclear_label,[],0,480.0,300.0,2026-08-31T14:55:19.491Z,2026-08-31T14:59:32.137Z
annotator_0040,session_0041,13.0,single/solo,human_bbox_annotation,2,ILSVRC2012_val_00012307.JPEG,bird,,1.0,bbox,,"[[111,33,289,201]]",1,443.0,500.0,2026-08-31T14:55:24.418Z,2026-08-31T14:59:32.137Z
annotator_0040,session_0041,14.0,single/solo,human_bbox_annotation,2,ILSVRC2012_val_00043873.JPEG,dig,,1.0,reject,unclear_label,[],0,500.0,375.0,2026-08-31T14:55:28.939Z,2026-08-31T14:59:32.137Z
annotator_0040,session_0041,15.0,single/solo,human_bbox_annotation,2,ILSVRC2012_val_00002595.JPEG,locomotive,,1.0,reject,unclear_label,[],0,500.0,375.0,2026-08-31T14:55:31.691Z,2026-08-31T14:59:32.137Z
annotator_0040,session_0041,16.0,single/multi,human_bbox_annotation,2,ILSVRC2012_val_00029698.JPEG,bird,,1.0,bbox,,"[[90,16,422,274]]",1,500.0,375.0,2026-08-31T14:55:37.003Z,2026-08-31T14:59:32.137Z
annotator_0040,session_0041,17.0,single/multi,human_bbox_annotation,2,ILSVRC2013_val_00000008.JPEG,herd,,1.0,reject,unclear_label,[],0,500.0,334.0,2026-08-31T14:55:45.482Z,2026-08-31T14:59:32.137Z
annotator_0040,session_0041,18.0,single/multi,human_bbox_annotation,2,ILSVRC2012_val_00037937.JPEG,per fume,,1.0,reject,unclear_label,[],0,500.0,486.0,2026-08-31T14:56:42.747Z,2026-08-31T14:59:32.137Z
annotator_0040,session_0041,19.0,multi,human_bbox_annotation,2,ILSVRC2012_val_00003176.JPEG,"bench, dog",,2.0,bbox,,"[[103,28,438,279]]",1,500.0,375.0,2026-08-31T14:56:47.978Z,2026-08-31T14:59:32.137Z
annotator_0040,session_0041,20.0,multi,human_bbox_annotation,2,ILSVRC2012_val_00016267.JPEG,"aple, reler",,2.0,reject,unclear_label,[],0,500.0,334.0,2026-08-31T14:56:51.602Z,2026-08-31T14:59:32.137Z
annotator_0040,session_0041,21.0,multi,human_bbox_annotation,2,ILSVRC2012_val_00047487.JPEG,"dug, person",,2.0,reject,unclear_label,[],0,400.0,290.0,2026-08-31T14:56:55.026Z,2026-08-31T14:59:32.137Z
annotator_0040,session_0041,22.0,udacity,human_bbox_annotation,2,1478895568695802824.jpg,car,,1.0,bbox,,"[[25,120,112,195]]",1,480.0,300.0,2026-08-31T14:56:59.137Z,2026-08-31T14:59:32.137Z
annotator_0040,session_0041,23.0,udacity,human_bbox_annotation,2,1478896071431847989.jpg,can,,1.0,reject,unclear_label,[],0,480.0,300.0,2026-08-31T14:57:01.609Z,2026-08-31T14:59:32.137Z
annotator_0040,session_0041,24.0,udacity,human_bbox_annotation,2,1479501431172538806.jpg,cam,,1.0,reject,unclear_label,[],0,480.0,300.0,2026-08-31T14:57:04.299Z,2026-08-31T14:59:32.137Z
annotator_0040,session_0041,25.0,single/solo,human_bbox_annotation,2,ILSVRC2012_val_00006233.JPEG,diaper,,1.0,bbox,,"[[145,210,218,337]]",1,375.0,500.0,2026-08-31T14:57:12.018Z,2026-08-31T14:59:32.137Z
annotator_0040,session_0041,26.0,single/solo,human_bbox_annotation,2,ILSVRC2012_val_00026917.JPEG,butterfly,,1.0,bbox,,"[[184,63,430,335]]",1,500.0,443.0,2026-08-31T14:57:19.137Z,2026-08-31T14:59:32.137Z
annotator_0040,session_0041,28.0,single/solo,human_bbox_annotation,2,ILSVRC2012_val_00024314.JPEG,snake,,1.0,bbox,,"[[125,148,474,368]]",1,640.0,480.0,2026-08-31T14:57:28.178Z,2026-08-31T14:59:32.137Z
annotator_0040,session_0041,29.0,single/multi,human_bbox_annotation,2,ILSVRC2012_val_00037816.JPEG,antelope,,1.0,reject,unclear_label,[],0,500.0,333.0,2026-08-31T14:57:31.938Z,2026-08-31T14:59:32.137Z
annotator_0040,session_0041,30.0,single/multi,human_bbox_annotation,2,ILSVRC2012_val_00002802.JPEG,bird,,1.0,bbox,,"[[11,7,456,325]]",1,500.0,385.0,2026-08-31T14:57:38.555Z,2026-08-31T14:59:32.137Z
annotator_0040,session_0041,31.0,single/multi,human_bbox_annotation,2,ILSVRC2012_val_00022295.JPEG,bench,,1.0,bbox,,"[[30,286,351,399]]",1,500.0,442.0,2026-08-31T14:57:48.715Z,2026-08-31T14:59:32.137Z
annotator_0040,session_0041,32.0,multi,human_bbox_annotation,2,ILSVRC2012_val_00010502.JPEG,"plastic bag, pomegranate",,2.0,reject,unclear_label,[],0,500.0,356.0,2026-08-31T14:57:53.291Z,2026-08-31T14:59:32.137Z
annotator_0040,session_0041,33.0,multi,human_bbox_annotation,2,ILSVRC2012_val_00038249.JPEG,"bookshelf, disxwasher",,2.0,reject,unclear_image,[],0,590.0,892.0,2026-08-31T14:58:03.130Z,2026-08-31T14:59:32.137Z
annotator_0040,session_0041,34.0,multi,human_bbox_annotation,2,ILSVRC2012_val_00024444.JPEG,"bench, cello, chair, pe rson, piano",,5.0,reject,unclear_label,[],0,392.0,500.0,2026-08-31T14:58:07.122Z,2026-08-31T14:59:32.137Z
annotator_0040,session_0041,35.0,udacity,human_bbox_annotation,2,1478896071431847989.jpg,car,,1.0,bbox,,"[[390,59,498,206]]",1,480.0,300.0,2026-08-31T14:58:11.562Z,2026-08-31T14:59:32.137Z
annotator_0040,session_0041,36.0,udacity,human_bbox_annotation,2,1479504312367157311.jpg,"automobilp, truck",,2.0,reject,unclear_label,[],0,480.0,300.0,2026-08-31T14:58:17.194Z,2026-08-31T14:59:32.137Z
annotator_0040,session_0041,37.0,udacity,human_bbox_annotation,2,1478898995863305961.jpg,automobile,,1.0,reject,unclear_image,[],0,480.0,300.0,2026-08-31T14:58:22.065Z,2026-08-31T14:59:32.137Z
annotator_0040,session_0041,38.0,single/solo,human_bbox_annotation,2,ILSVRC2012_val_00001314.JPEG,dog,,1.0,bbox,,"[[134,68,405,245]]",1,500.0,375.0,2026-08-31T14:58:27.185Z,2026-08-31T14:59:32.137Z
annotator_0040,session_0041,39.0,single/solo,human_bbox_annotation,2,ILSVRC2012_val_00015173.JPEG,pooch,,1.0,reject,unclear_label,[],0,345.0,500.0,2026-08-31T14:58:31.625Z,2026-08-31T14:59:32.137Z
annotator_0040,session_0041,40.0,single/solo,human_bbox_annotation,2,ILSVRC2012_val_00017504.JPEG,perfume,,1.0,bbox,,"[[31,52,248,339]]",1,260.0,375.0,2026-08-31T14:58:36.178Z,2026-08-31T14:59:32.137Z
annotator_0040,session_0041,41.0,single/multi,human_bbox_annotation,2,ILSVRC2012_val_00012301.JPEG,snake,,1.0,reject,unclear_image,[],0,430.0,500.0,2026-08-31T14:58:39.875Z,2026-08-31T14:59:32.137Z
annotator_0040,session_0041,42.0,single/multi,human_bbox_annotation,2,ILSVRC2012_val_00045966.JPEG,soap dispenser,,1.0,bbox,,"[[34,6,460,452]]",1,499.0,500.0,2026-08-31T14:58:47.282Z,2026-08-31T14:59:32.137Z
annotator_0040,session_0041,43.0,single/multi,human_bbox_annotation,2,ILSVRC2012_val_00041903.JPEG,salt or pepper shaker,,1.0,bbox,,"[[121,67,540,736]]",1,582.0,815.0,2026-08-31T14:58:52.874Z,2026-08-31T14:59:32.137Z
annotator_0040,session_0041,44.0,multi,human_bbox_annotation,2,ILSVRC2012_val_00005713.JPEG,"person, soccer ball",,2.0,bbox,,"[[51,0,268,235]]",1,300.0,225.0,2026-08-31T14:59:00.137Z,2026-08-31T14:59:32.137Z
annotator_0040,session_0041,45.0,multi,human_bbox_annotation,2,ILSVRC2012_val_00042150.JPEG,"car, individual, unicycle",,3.0,bbox,,"[[43,80,387,351]]",1,500.0,375.0,2026-08-31T14:59:09.922Z,2026-08-31T14:59:32.137Z
annotator_0040,session_0041,46.0,multi,human_bbox_annotation,2,ILSVRC2013_val_00001956.JPEG,"ucp or mug, strawberry, table",,3.0,reject,unclear_label,[],0,500.0,500.0,2026-08-31T14:59:13.657Z,2026-08-31T14:59:32.137Z
annotator_0040,session_0041,47.0,udacity,human_bbox_annotation,2,1478020280197384728.jpg,car,,1.0,bbox,,"[[210,126,334,189]]",1,480.0,300.0,2026-08-31T14:59:18.449Z,2026-08-31T14:59:32.137Z
annotator_0040,session_0041,48.0,udacity,human_bbox_annotation,2,1479500700123235425.jpg,truck,,1.0,bbox,,"[[5,83,108,211]]",1,480.0,300.0,2026-08-31T14:59:23.609Z,2026-08-31T14:59:32.137Z
annotator_0040,session_0041,49.0,udacity,human_bbox_annotation,2,1479501447174309879.jpg,car,,1.0,bbox,,"[[2,69,369,243]]",1,480.0,300.0,2026-08-31T14:59:28.961Z,2026-08-31T14:59:32.137Z
annotator_0041,session_0042,,single/solo,human_bbox_annotation,2,ILSVRC2012_val_00047878.JPEG,bird,,1.0,bbox,,"[[185,129,360,255]]",1,500.0,382.0,2026-08-31T14:42:43.013Z,2026-08-31T15:00:18.293Z
annotator_0041,session_0042,1.0,single/solo,human_bbox_annotation,2,ILSVRC2012_val_00028513.JPEG,𝛼ntelopz,,1.0,bbox,,"[[58,108,294,307]]",1,500.0,344.0,2026-08-31T14:43:19.100Z,2026-08-31T15:00:18.293Z
annotator_0041,session_0042,2.0,single/solo,human_bbox_annotation,2,ILSVRC2012_val_00016909.JPEG,herd,,1.0,reject,unclear_label,[],0,500.0,375.0,2026-08-31T14:43:55.862Z,2026-08-31T15:00:18.293Z
annotator_0041,session_0042,3.0,single/multi,human_bbox_annotation,2,ILSVRC2012_val_00018599.JPEG,corkscrew,,1.0,bbox,,"[[513,52,799,748]]",1,919.0,1024.0,2026-08-31T14:44:20.856Z,2026-08-31T15:00:18.293Z
annotator_0041,session_0042,4.0,single/multi,human_bbox_annotation,2,ILSVRC2012_val_00042837.JPEG,perfurne,,1.0,bbox,,"[[265,135,443,440]]",1,500.0,495.0,2026-08-31T14:44:32.817Z,2026-08-31T15:00:18.293Z
annotator_0041,session_0042,5.0,single/multi,human_bbox_annotation,2,ILSVRC2012_val_00042837.JPEG,pel fume,,1.0,bbox,,"[[267,118,441,436]]",1,500.0,495.0,2026-08-31T14:44:49.948Z,2026-08-31T15:00:18.293Z
annotator_0041,session_0042,6.0,multi,human_bbox_annotation,2,ILSVRC2013_val_00000449.JPEG,"bowl, person",,2.0,bbox,,"[[111,360,355,503],[5,-3,374,405]]",2,375.0,500.0,2026-08-31T14:45:46.070Z,2026-08-31T15:00:18.293Z
annotator_0041,session_0042,7.0,multi,human_bbox_annotation,2,ILSVRC2013_val_00003495.JPEG,"baby bead, filing cabinet, stove, desk",,4.0,bbox,,"[[248,180,342,257],[393,174,441,245],[104,181,161,236],[92,219,234,291]]",4,500.0,375.0,2026-08-31T14:46:29.687Z,2026-08-31T15:00:18.293Z
annotator_0041,session_0042,8.0,multi,human_bbox_annotation,2,ILSVRC2012_val_00004761.JPEG,"fowl, pearson, saxophone",,3.0,bbox,,"[[194,10,303,96],[171,74,374,492],[145,139,226,492]]",3,500.0,500.0,2026-08-31T14:47:30.922Z,2026-08-31T15:00:18.293Z
annotator_0041,session_0042,9.0,udacity,human_bbox_annotation,2,1478020860712187115.jpg,car,,1.0,bbox,,"[[332,129,417,206],[287,119,337,171],[232,125,261,160]]",3,480.0,300.0,2026-08-31T14:47:45.768Z,2026-08-31T15:00:18.293Z
annotator_0041,session_0042,10.0,udacity,human_bbox_annotation,2,1478020280197384728.jpg,cap,,1.0,bbox,,"[[259,137,273,150]]",1,480.0,300.0,2026-08-31T14:48:13.220Z,2026-08-31T15:00:18.293Z
annotator_0041,session_0042,11.0,udacity,human_bbox_annotation,2,1479501447174309879.jpg,cam,,1.0,reject,unclear_label,[],0,480.0,300.0,2026-08-31T14:49:15.188Z,2026-08-31T15:00:18.293Z
annotator_0041,session_0042,12.0,single/solo,human_bbox_annotation,2,ILSVRC2012_val_00012307.JPEG,bird,,1.0,bbox,,"[[140,30,274,204]]",1,443.0,500.0,2026-08-31T14:49:23.391Z,2026-08-31T15:00:18.293Z
annotator_0041,session_0042,13.0,single/solo,human_bbox_annotation,2,ILSVRC2012_val_00043873.JPEG,dig,,1.0,reject,unclear_label,[],0,500.0,375.0,2026-08-31T14:50:12.403Z,2026-08-31T15:00:18.293Z
annotator_0041,session_0042,14.0,single/solo,human_bbox_annotation,2,ILSVRC2012_val_00002595.JPEG,locomotive,,1.0,bbox,,"[[272,169,379,207]]",1,500.0,375.0,2026-08-31T14:50:21.752Z,2026-08-31T15:00:18.293Z
annotator_0041,session_0042,15.0,single/multi,human_bbox_annotation,2,ILSVRC2012_val_00029698.JPEG,bird,,1.0,bbox,,"[[130,22,453,296],[65,69,251,259]]",2,500.0,375.0,2026-08-31T14:50:49.927Z,2026-08-31T15:00:18.293Z
annotator_0041,session_0042,16.0,single/multi,human_bbox_annotation,2,ILSVRC2013_val_00000008.JPEG,herd,,1.0,bbox,,"[[48,17,466,335]]",1,500.0,334.0,2026-08-31T14:51:04.534Z,2026-08-31T15:00:18.293Z
annotator_0041,session_0042,17.0,single/multi,human_bbox_annotation,2,ILSVRC2012_val_00037937.JPEG,per fume,,1.0,bbox,,"[[35,159,237,437]]",1,500.0,486.0,2026-08-31T14:51:14.454Z,2026-08-31T15:00:18.293Z
annotator_0041,session_0042,18.0,multi,human_bbox_annotation,2,ILSVRC2012_val_00003176.JPEG,"bench, dog",,2.0,bbox,,"[[43,-6,242,61],[193,52,423,345]]",2,500.0,375.0,2026-08-31T14:51:28.821Z,2026-08-31T15:00:18.293Z
annotator_0041,session_0042,20.0,multi,human_bbox_annotation,2,ILSVRC2012_val_00016267.JPEG,"aple, reler",,2.0,bbox,,"[[198,101,393,296],[8,-3,209,314],[313,-14,501,297],[83,220,481,330]]",4,500.0,334.0,2026-08-31T14:52:21.411Z,2026-08-31T15:00:18.293Z
annotator_0041,session_0042,21.0,multi,human_bbox_annotation,2,ILSVRC2012_val_00047487.JPEG,"dug, person",,2.0,bbox,,"[[57,89,321,288],[100,1,352,233]]",2,400.0,290.0,2026-08-31T14:52:41.286Z,2026-08-31T15:00:18.293Z
annotator_0041,session_0042,22.0,udacity,human_bbox_annotation,2,1478895568695802824.jpg,car,,1.0,bbox,,"[[22,113,119,201]]",1,480.0,300.0,2026-08-31T14:52:49.313Z,2026-08-31T15:00:18.293Z
annotator_0041,session_0042,23.0,udacity,human_bbox_annotation,2,1478896071431847989.jpg,can,,1.0,reject,unclear_label,[],0,480.0,300.0,2026-08-31T14:53:09.682Z,2026-08-31T15:00:18.293Z
annotator_0041,session_0042,24.0,udacity,human_bbox_annotation,2,1479501431172538806.jpg,cam,,1.0,reject,unclear_label,[],0,480.0,300.0,2026-08-31T14:53:27.938Z,2026-08-31T15:00:18.293Z
annotator_0041,session_0042,25.0,single/solo,human_bbox_annotation,2,ILSVRC2012_val_00006233.JPEG,diaper,,1.0,bbox,,"[[118,218,251,339]]",1,375.0,500.0,2026-08-31T14:53:34.810Z,2026-08-31T15:00:18.293Z
annotator_0041,session_0042,26.0,single/solo,human_bbox_annotation,2,ILSVRC2012_val_00026917.JPEG,butterfly,,1.0,bbox,,"[[196,105,460,334]]",1,500.0,443.0,2026-08-31T14:53:43.845Z,2026-08-31T15:00:18.293Z
annotator_0041,session_0042,27.0,single/solo,human_bbox_annotation,2,ILSVRC2012_val_00024314.JPEG,snake,,1.0,bbox,,"[[123,173,507,409]]",1,640.0,480.0,2026-08-31T14:53:50.526Z,2026-08-31T15:00:18.293Z
annotator_0041,session_0042,28.0,single/multi,human_bbox_annotation,2,ILSVRC2012_val_00037816.JPEG,antelope,,1.0,bbox,,"[[224,93,397,237],[24,159,161,282]]",2,500.0,333.0,2026-08-31T14:54:01.130Z,2026-08-31T15:00:18.293Z
annotator_0041,session_0042,29.0,single/multi,human_bbox_annotation,2,ILSVRC2012_val_00002802.JPEG,bird,,1.0,bbox,,"[[175,0,497,372],[-5,100,223,380]]",2,500.0,385.0,2026-08-31T14:54:29.196Z,2026-08-31T15:00:18.293Z
annotator_0041,session_0042,30.0,single/multi,human_bbox_annotation,2,ILSVRC2012_val_00022295.JPEG,bench,,1.0,bbox,,"[[150,328,269,420],[-8,319,103,423]]",2,500.0,442.0,2026-08-31T14:54:44.610Z,2026-08-31T15:00:18.293Z
annotator_0041,session_0042,31.0,multi,human_bbox_annotation,2,ILSVRC2012_val_00010502.JPEG,"plastic bag, pomegranate",,2.0,bbox,,"[[127,57,379,316],[34,-16,188,174]]",2,500.0,356.0,2026-08-31T14:55:09.979Z,2026-08-31T15:00:18.293Z
annotator_0041,session_0042,32.0,multi,human_bbox_annotation,2,ILSVRC2012_val_00038249.JPEG,"bookshelf, disxwasher",,2.0,bbox,,"[[41,136,539,549],[529,460,595,706]]",2,590.0,892.0,2026-08-31T14:55:25.405Z,2026-08-31T15:00:18.293Z
annotator_0041,session_0042,33.0,multi,human_bbox_annotation,2,ILSVRC2012_val_00024444.JPEG,"bench, cello, chair, pe rson, piano",,5.0,bbox,,"[[19,220,99,298],[34,84,149,268],[184,26,356,272],[95,459,208,508]]",4,392.0,500.0,2026-08-31T14:56:15.663Z,2026-08-31T15:00:18.293Z
annotator_0041,session_0042,34.0,udacity,human_bbox_annotation,2,1478896071431847989.jpg,car,,1.0,bbox,,"[[370,59,486,201]]",1,480.0,300.0,2026-08-31T14:56:23.245Z,2026-08-31T15:00:18.293Z
annotator_0041,session_0042,35.0,udacity,human_bbox_annotation,2,1479504312367157311.jpg,"automobilp, truck",,2.0,bbox,,"[[135,131,317,280]]",1,480.0,300.0,2026-08-31T14:56:45.695Z,2026-08-31T15:00:18.293Z
annotator_0041,session_0042,36.0,udacity,human_bbox_annotation,2,1478898995863305961.jpg,automobile,,1.0,bbox,,"[[130,118,267,217]]",1,480.0,300.0,2026-08-31T14:56:53.637Z,2026-08-31T15:00:18.293Z
annotator_0041,session_0042,37.0,single/solo,human_bbox_annotation,2,ILSVRC2012_val_00001314.JPEG,dog,,1.0,bbox,,"[[157,77,415,257]]",1,500.0,375.0,2026-08-31T14:57:00.175Z,2026-08-31T15:00:18.293Z
annotator_0041,session_0042,38.0,single/solo,human_bbox_annotation,2,ILSVRC2012_val_00015173.JPEG,pooch,,1.0,bbox,,"[[44,120,301,352]]",1,345.0,500.0,2026-08-31T14:57:08.332Z,2026-08-31T15:00:18.293Z
annotator_0041,session_0042,39.0,single/solo,human_bbox_annotation,2,ILSVRC2012_val_00017504.JPEG,perfume,,1.0,bbox,,"[[49,69,231,346]]",1,260.0,375.0,2026-08-31T14:57:17.256Z,2026-08-31T15:00:18.293Z
annotator_0041,session_0042,40.0,single/multi,human_bbox_annotation,2,ILSVRC2012_val_00012301.JPEG,snake,,1.0,bbox,,"[[8,10,424,503]]",1,430.0,500.0,2026-08-31T14:57:31.001Z,2026-08-31T15:00:18.293Z
annotator_0041,session_0042,41.0,single/multi,human_bbox_annotation,2,ILSVRC2012_val_00045966.JPEG,soap dispenser,,1.0,bbox,,"[[274,22,474,483]]",1,499.0,500.0,2026-08-31T14:57:39.802Z,2026-08-31T15:00:18.293Z
annotator_0041,session_0042,42.0,single/multi,human_bbox_annotation,2,ILSVRC2012_val_00041903.JPEG,salt or pepper shaker,,1.0,bbox,,"[[55,317,420,792]]",1,582.0,815.0,2026-08-31T14:57:47.753Z,2026-08-31T15:00:18.293Z
annotator_0041,session_0042,44.0,multi,human_bbox_annotation,2,ILSVRC2012_val_00005713.JPEG,"person, soccer ball",,2.0,bbox,,"[[109,14,209,107],[104,107,173,215]]",2,300.0,225.0,2026-08-31T14:58:08.550Z,2026-08-31T15:00:18.293Z
annotator_0041,session_0042,45.0,multi,human_bbox_annotation,2,ILSVRC2012_val_00042150.JPEG,"car, individual, unicycle",,3.0,bbox,,"[[21,144,245,246],[216,265,318,350],[223,100,334,334]]",3,500.0,375.0,2026-08-31T14:58:51.335Z,2026-08-31T15:00:18.293Z
annotator_0041,session_0042,46.0,multi,human_bbox_annotation,2,ILSVRC2013_val_00001956.JPEG,"ucp or mug, strawberry, table",,3.0,bbox,,"[[333,132,496,414],[30,44,122,128],[41,26,475,477]]",3,500.0,500.0,2026-08-31T14:59:43.028Z,2026-08-31T15:00:18.293Z
annotator_0041,session_0042,47.0,udacity,human_bbox_annotation,2,1478020280197384728.jpg,car,,1.0,bbox,,"[[232,122,337,175]]",1,480.0,300.0,2026-08-31T14:59:50.301Z,2026-08-31T15:00:18.293Z
annotator_0041,session_0042,48.0,udacity,human_bbox_annotation,2,1479500700123235425.jpg,truck,,1.0,bbox,,"[[5,84,107,185]]",1,480.0,300.0,2026-08-31T15:00:01.421Z,2026-08-31T15:00:18.293Z
annotator_0041,session_0042,49.0,udacity,human_bbox_annotation,2,1479501447174309879.jpg,car,,1.0,bbox,,"[[-2,85,352,241]]",1,480.0,300.0,2026-08-31T15:00:16.191Z,2026-08-31T15:00:18.293Z
annotator_0042,session_0043,1.0,single/solo,human_bbox_annotation,3,ILSVRC2012_val_00006233.JPEG,diaper,,1.0,reject,unclear_label,[],0,375.0,500.0,2026-08-31T14:51:38.238Z,2026-08-31T15:03:57.993Z
annotator_0042,session_0043,2.0,single/solo,human_bbox_annotation,3,ILSVRC2012_val_00010994.JPEG,dot,,1.0,reject,unclear_image,[],0,500.0,375.0,2026-08-31T14:51:44.370Z,2026-08-31T15:03:57.993Z
annotator_0042,session_0043,3.0,single/solo,human_bbox_annotation,3,ILSVRC2012_val_00047845.JPEG,sneak,,1.0,reject,unclear_label,[],0,500.0,375.0,2026-08-31T14:51:57.326Z,2026-08-31T15:03:57.993Z
annotator_0042,session_0043,4.0,single/multi,human_bbox_annotation,3,ILSVRC2012_val_00041903.JPEG,salt or pepper shaker,,1.0,reject,unclear_label,[],0,582.0,815.0,2026-08-31T14:52:03.782Z,2026-08-31T15:03:57.993Z
annotator_0042,session_0043,5.0,single/multi,human_bbox_annotation,3,ILSVRC2012_val_00044520.JPEG,iuod,,1.0,reject,unclear_image,[],0,500.0,241.0,2026-08-31T14:52:12.847Z,2026-08-31T15:03:57.993Z
annotator_0042,session_0043,6.0,single/multi,human_bbox_annotation,3,ILSVRC2012_val_00004401.JPEG,islpod,,1.0,reject,unclear_label,[],0,375.0,500.0,2026-08-31T14:52:18.823Z,2026-08-31T15:03:57.993Z
annotator_0042,session_0043,7.0,multi,human_bbox_annotation,3,ILSVRC2012_val_00022857.JPEG,"dog, person",,2.0,reject,unclear_label,[],0,500.0,375.0,2026-08-31T14:52:26.823Z,2026-08-31T15:03:57.993Z
annotator_0042,session_0043,8.0,multi,human_bbox_annotation,3,ILSVRC2012_val_00039154.JPEG,"pirson, racket",,2.0,reject,unclear_image,[],0,500.0,376.0,2026-08-31T14:52:32.510Z,2026-08-31T15:03:57.993Z
annotator_0042,session_0043,9.0,multi,human_bbox_annotation,3,ILSVRC2012_val_00030479.JPEG,"dog, individual",,2.0,reject,unclear_label,[],0,500.0,375.0,2026-08-31T14:52:36.414Z,2026-08-31T15:03:57.993Z
annotator_0042,session_0043,10.0,udacity,human_bbox_annotation,3,1479501431172538806.jpg,car,,1.0,reject,unclear_image,[],0,480.0,300.0,2026-08-31T14:52:44.142Z,2026-08-31T15:03:57.993Z
annotator_0042,session_0043,11.0,udacity,human_bbox_annotation,3,1479501447174309879.jpg,cab,,1.0,reject,unclear_image,[],0,480.0,300.0,2026-08-31T14:52:51.281Z,2026-08-31T15:03:57.993Z
annotator_0042,session_0043,12.0,udacity,human_bbox_annotation,3,1479503322799978016.jpg,car,,1.0,reject,unclear_image,[],0,480.0,300.0,2026-08-31T14:53:00.055Z,2026-08-31T15:03:57.993Z
annotator_0042,session_0043,13.0,single/solo,human_bbox_annotation,3,ILSVRC2012_val_00031771.JPEG,croquet ball,,1.0,reject,unclear_image,[],0,500.0,333.0,2026-08-31T14:53:04.726Z,2026-08-31T15:03:57.993Z
annotator_0042,session_0043,14.0,single/solo,human_bbox_annotation,3,ILSVRC2012_val_00032258.JPEG,golf fihs,,1.0,reject,unclear_label,[],0,500.0,375.0,2026-08-31T14:53:19.624Z,2026-08-31T15:03:57.993Z
annotator_0042,session_0043,15.0,single/solo,human_bbox_annotation,3,ILSVRC2012_val_00013465.JPEG,hippopotamus,,1.0,reject,unclear_image,[],0,396.0,500.0,2026-08-31T14:53:24.994Z,2026-08-31T15:03:57.993Z
annotator_0042,session_0043,16.0,single/multi,human_bbox_annotation,3,ILSVRC2012_val_00048808.JPEG,isopod,,1.0,reject,unclear_image,[],0,500.0,375.0,2026-08-31T14:53:31.966Z,2026-08-31T15:03:57.993Z
annotator_0042,session_0043,17.0,single/multi,human_bbox_annotation,3,ILSVRC2012_val_00039027.JPEG,dot,,1.0,reject,unclear_label,[],0,500.0,375.0,2026-08-31T14:53:39.567Z,2026-08-31T15:03:57.993Z
annotator_0042,session_0043,18.0,single/multi,human_bbox_annotation,3,ILSVRC2012_val_00039795.JPEG,bare,,1.0,reject,unclear_label,[],0,250.0,168.0,2026-08-31T14:53:46.470Z,2026-08-31T15:03:57.993Z
annotator_0042,session_0043,19.0,multi,human_bbox_annotation,3,ILSVRC2012_val_00004709.JPEG,"brassiere, person",,2.0,reject,unclear_label,[],0,338.0,500.0,2026-08-31T14:53:57.118Z,2026-08-31T15:03:57.993Z
annotator_0042,session_0043,20.0,multi,human_bbox_annotation,3,ILSVRC2012_val_00006695.JPEG,"bow tie, ob oe, pearspn",,3.0,reject,unclear_image,[],0,867.0,996.0,2026-08-31T14:54:23.177Z,2026-08-31T15:03:57.993Z
annotator_0042,session_0043,21.0,multi,human_bbox_annotation,3,ILSVRC2012_val_00004048.JPEG,"croquet ball, flower pot, ping-pong ball",,3.0,reject,unclear_image,[],0,375.0,500.0,2026-08-31T14:54:35.329Z,2026-08-31T15:03:57.993Z
annotator_0042,session_0043,22.0,udacity,human_bbox_annotation,3,1478896071431847989.jpg,car,,1.0,reject,unclear_image,[],0,480.0,300.0,2026-08-31T14:54:42.047Z,2026-08-31T15:03:57.993Z
annotator_0042,session_0043,23.0,udacity,human_bbox_annotation,3,1478898995863305961.jpg,can,,1.0,reject,unclear_image,[],0,480.0,300.0,2026-08-31T14:54:47.406Z,2026-08-31T15:03:57.993Z
annotator_0042,session_0043,24.0,udacity,human_bbox_annotation,3,1478898087511960878.jpg,"car, track",,2.0,reject,unclear_image,[],0,480.0,300.0,2026-08-31T14:55:06.078Z,2026-08-31T15:03:57.993Z
annotator_0042,session_0043,25.0,single/solo,human_bbox_annotation,3,ILSVRC2013_val_00004426.JPEG,koala bear,,1.0,reject,unclear_label,[],0,332.0,500.0,2026-08-31T14:55:13.273Z,2026-08-31T15:03:57.993Z
annotator_0042,session_0043,26.0,single/solo,human_bbox_annotation,3,ILSVRC2013_val_00004383.JPEG,person,,1.0,reject,unclear_image,[],0,333.0,500.0,2026-08-31T14:55:24.758Z,2026-08-31T15:03:57.993Z
annotator_0042,session_0043,27.0,single/solo,human_bbox_annotation,3,ILSVRC2012_val_00043661.JPEG,sal t or pepper shaker,,1.0,reject,unclear_image,[],0,380.0,571.0,2026-08-31T14:55:30.390Z,2026-08-31T15:03:57.993Z
annotator_0042,session_0043,29.0,single/multi,human_bbox_annotation,3,ILSVRC2012_val_00029698.JPEG,bird,,1.0,reject,unclear_image,[],0,500.0,375.0,2026-08-31T14:56:00.868Z,2026-08-31T15:03:57.993Z
annotator_0042,session_0043,30.0,single/multi,human_bbox_annotation,3,ILSVRC2013_val_00001740.JPEG,bicycl e,,1.0,reject,unclear_label,[],0,333.0,500.0,2026-08-31T14:56:13.491Z,2026-08-31T15:03:57.993Z
annotator_0042,session_0043,31.0,single/multi,human_bbox_annotation,3,ILSVRC2012_val_00035151.JPEG,burd,,1.0,reject,unclear_image,[],0,500.0,384.0,2026-08-31T14:56:26.303Z,2026-08-31T15:03:57.993Z
annotator_0042,session_0043,32.0,multi,human_bbox_annotation,3,ILSVRC2012_val_00026051.JPEG,"bookshelf, dog",,2.0,reject,unclear_label,[],0,415.0,500.0,2026-08-31T14:56:32.984Z,2026-08-31T15:03:57.993Z
annotator_0042,session_0043,33.0,multi,human_bbox_annotation,3,ILSVRC2012_val_00018814.JPEG,"croquet ball, person, pingpogg bawl",,3.0,reject,unclear_label,[],0,500.0,417.0,2026-08-31T14:56:45.087Z,2026-08-31T15:03:57.993Z
annotator_0042,session_0043,34.0,multi,human_bbox_annotation,3,ILSVRC2012_val_00004068.JPEG,"axe, person",,2.0,reject,unclear_image,[],0,375.0,500.0,2026-08-31T14:56:50.920Z,2026-08-31T15:03:57.993Z
annotator_0042,session_0043,35.0,udacity,human_bbox_annotation,3,1478898087511960878.jpg,"car, truck",,2.0,reject,unclear_label,[],0,480.0,300.0,2026-08-31T14:57:01.183Z,2026-08-31T15:03:57.993Z
annotator_0042,session_0043,36.0,udacity,human_bbox_annotation,3,1478896071431847989.jpg,cav,,1.0,reject,unclear_label,[],0,480.0,300.0,2026-08-31T14:57:05.167Z,2026-08-31T15:03:57.993Z
annotator_0042,session_0043,37.0,udacity,human_bbox_annotation,3,1478895568695802824.jpg,car,,1.0,reject,unclear_label,[],0,480.0,300.0,2026-08-31T14:57:11.158Z,2026-08-31T15:03:57.993Z
annotator_0042,session_0043,38.0,single/solo,human_bbox_annotation,3,ILSVRC2013_val_00001634.JPEG,table,,1.0,reject,unclear_label,[],0,500.0,500.0,2026-08-31T14:57:17.258Z,2026-08-31T15:03:57.993Z
annotator_0042,session_0043,39.0,single/solo,human_bbox_annotation,3,ILSVRC2012_val_00026917.JPEG,butterfly,,1.0,reject,unclear_label,[],0,500.0,443.0,2026-08-31T14:57:32.486Z,2026-08-31T15:03:57.993Z
annotator_0042,session_0043,40.0,single/solo,human_bbox_annotation,3,ILSVRC2012_val_00024314.JPEG,sneak,,1.0,reject,unclear_label,[],0,640.0,480.0,2026-08-31T14:58:14.596Z,2026-08-31T15:03:57.993Z
annotator_0042,session_0043,41.0,single/multi,human_bbox_annotation,3,ILSVRC2012_val_00035101.JPEG,zebra,,1.0,reject,unclear_label,[],0,500.0,421.0,2026-08-31T14:58:20.230Z,2026-08-31T15:03:57.993Z
annotator_0042,session_0043,42.0,single/multi,human_bbox_annotation,3,ILSVRC2012_val_00035612.JPEG,mokney,,1.0,reject,unclear_label,[],0,500.0,500.0,2026-08-31T14:58:26.406Z,2026-08-31T15:03:57.993Z
annotator_0042,session_0043,43.0,single/multi,human_bbox_annotation,3,ILSVRC2012_val_00035457.JPEG,cart,,1.0,reject,unclear_image,[],0,624.0,396.0,2026-08-31T14:58:32.470Z,2026-08-31T15:03:57.993Z
annotator_0042,session_0043,44.0,multi,human_bbox_annotation,3,ILSVRC2012_val_00035378.JPEG,"bird, dog",,2.0,reject,unclear_label,[],0,500.0,400.0,2026-08-31T14:58:42.292Z,2026-08-31T15:03:57.993Z
annotator_0042,session_0043,45.0,multi,human_bbox_annotation,3,ILSVRC2012_val_00044472.JPEG,"hat with a wide brim, person",,2.0,reject,unclear_label,[],0,375.0,500.0,2026-08-31T14:58:55.480Z,2026-08-31T15:03:57.993Z
annotator_0042,session_0043,46.0,multi,human_bbox_annotation,3,ILSVRC2013_val_00003860.JPEG,"digital clock, person",,2.0,reject,unclear_label,[],0,500.0,500.0,2026-08-31T14:59:16.895Z,2026-08-31T15:03:57.993Z
annotator_0042,session_0043,47.0,udacity,human_bbox_annotation,3,1478732233783674595.jpg,car,,1.0,reject,unclear_image,[],0,480.0,300.0,2026-08-31T14:59:23.488Z,2026-08-31T15:03:57.993Z
annotator_0042,session_0043,48.0,udacity,human_bbox_annotation,3,1479501447174309879.jpg,car,,1.0,reject,unclear_label,[],0,480.0,300.0,2026-08-31T14:59:29.579Z,2026-08-31T15:03:57.993Z
annotator_0042,session_0043,49.0,udacity,human_bbox_annotation,3,1479500714623724165.jpg,car,,1.0,reject,unclear_label,[],0,480.0,300.0,2026-08-31T14:59:33.686Z,2026-08-31T15:03:57.993Z
annotator_0043,session_0044,,single/solo,human_bbox_annotation,3,ILSVRC2012_val_00006233.JPEG,diaper,,1.0,bbox,,"[[134,219,239,326]]",1,375.0,500.0,2026-08-31T14:52:52.321Z,2026-08-31T15:06:39.726Z
annotator_0043,session_0044,1.0,single/solo,human_bbox_annotation,3,ILSVRC2012_val_00010994.JPEG,dot,,1.0,skip,,[],0,500.0,375.0,2026-08-31T14:53:06.575Z,2026-08-31T15:06:39.726Z
annotator_0043,session_0044,2.0,single/solo,human_bbox_annotation,3,ILSVRC2012_val_00047845.JPEG,sneak,,1.0,bbox,,"[[13,148,427,276]]",1,500.0,375.0,2026-08-31T14:53:18.039Z,2026-08-31T15:06:39.726Z
annotator_0043,session_0044,3.0,single/multi,human_bbox_annotation,3,ILSVRC2012_val_00041903.JPEG,salt or pepper shaker,,1.0,bbox,,"[[98,298,362,794]]",1,582.0,815.0,2026-08-31T14:53:28.461Z,2026-08-31T15:06:39.726Z
annotator_0043,session_0044,4.0,single/multi,human_bbox_annotation,3,ILSVRC2012_val_00044520.JPEG,iuod,,1.0,skip,,[],0,500.0,241.0,2026-08-31T14:53:50.310Z,2026-08-31T15:06:39.726Z
annotator_0043,session_0044,5.0,single/multi,human_bbox_annotation,3,ILSVRC2012_val_00004401.JPEG,islpod,,1.0,bbox,,"[[24,163,345,463]]",1,375.0,500.0,2026-08-31T14:55:53.456Z,2026-08-31T15:06:39.726Z
annotator_0043,session_0044,6.0,multi,human_bbox_annotation,3,ILSVRC2012_val_00022857.JPEG,"dog, person",,2.0,bbox,,"[[0,60,495,378]]",1,500.0,375.0,2026-08-31T14:56:11.881Z,2026-08-31T15:06:39.726Z
annotator_0043,session_0044,7.0,multi,human_bbox_annotation,3,ILSVRC2012_val_00039154.JPEG,"pirson, racket",,2.0,bbox,,"[[275,192,339,381]]",1,500.0,376.0,2026-08-31T14:56:35.755Z,2026-08-31T15:06:39.726Z
annotator_0043,session_0044,8.0,multi,human_bbox_annotation,3,ILSVRC2012_val_00030479.JPEG,"dog, individual",,2.0,bbox,,"[[59,115,356,232]]",1,500.0,375.0,2026-08-31T14:56:48.204Z,2026-08-31T15:06:39.726Z
annotator_0043,session_0044,9.0,udacity,human_bbox_annotation,3,1479501431172538806.jpg,car,,1.0,bbox,,"[[121,102,427,226]]",1,480.0,300.0,2026-08-31T14:56:57.769Z,2026-08-31T15:06:39.726Z
annotator_0043,session_0044,10.0,udacity,human_bbox_annotation,3,1479501447174309879.jpg,cab,,1.0,bbox,,"[[1,100,352,235]]",1,480.0,300.0,2026-08-31T14:57:08.037Z,2026-08-31T15:06:39.726Z
annotator_0043,session_0044,11.0,udacity,human_bbox_annotation,3,1479503322799978016.jpg,car,,1.0,bbox,,"[[-2,86,478,238]]",1,480.0,300.0,2026-08-31T14:57:42.283Z,2026-08-31T15:06:39.726Z
annotator_0043,session_0044,12.0,single/solo,human_bbox_annotation,3,ILSVRC2012_val_00031771.JPEG,croquet ball,,1.0,bbox,,"[[177,135,289,229]]",1,500.0,333.0,2026-08-31T14:57:49.549Z,2026-08-31T15:06:39.726Z
annotator_0043,session_0044,13.0,single/solo,human_bbox_annotation,3,ILSVRC2012_val_00032258.JPEG,golf fihs,,1.0,bbox,,"[[144,76,418,307]]",1,500.0,375.0,2026-08-31T14:57:59.017Z,2026-08-31T15:06:39.726Z
annotator_0043,session_0044,14.0,single/solo,human_bbox_annotation,3,ILSVRC2012_val_00013465.JPEG,hippopotamus,,1.0,bbox,,"[[51,167,261,326]]",1,396.0,500.0,2026-08-31T14:58:06.244Z,2026-08-31T15:06:39.726Z
annotator_0043,session_0044,15.0,single/multi,human_bbox_annotation,3,ILSVRC2012_val_00048808.JPEG,isopod,,1.0,bbox,,"[[8,65,484,356]]",1,500.0,375.0,2026-08-31T14:58:27.917Z,2026-08-31T15:06:39.726Z
annotator_0043,session_0044,16.0,single/multi,human_bbox_annotation,3,ILSVRC2012_val_00039027.JPEG,dot,,1.0,skip,,[],0,500.0,375.0,2026-08-31T14:58:37.749Z,2026-08-31T15:06:39.726Z
annotator_0043,session_0044,17.0,single/multi,human_bbox_annotation,3,ILSVRC2012_val_00039795.JPEG,bare,,1.0,bbox,,"[[23,9,227,157]]",1,250.0,168.0,2026-08-31T14:58:50.750Z,2026-08-31T15:06:39.726Z
annotator_0043,session_0044,18.0,multi,human_bbox_annotation,3,ILSVRC2012_val_00004709.JPEG,"brassiere, person",,2.0,bbox,,"[[22,8,318,505]]",1,338.0,500.0,2026-08-31T14:59:00.637Z,2026-08-31T15:06:39.726Z
annotator_0043,session_0044,19.0,multi,human_bbox_annotation,3,ILSVRC2012_val_00006695.JPEG,"bow tie, ob oe, pearspn",,3.0,bbox,,"[[484,435,762,554]]",1,867.0,996.0,2026-08-31T14:59:12.997Z,2026-08-31T15:06:39.726Z
annotator_0043,session_0044,20.0,multi,human_bbox_annotation,3,ILSVRC2012_val_00004048.JPEG,"croquet ball, flower pot, ping-pong ball",,3.0,bbox,,"[[15,36,353,393]]",1,375.0,500.0,2026-08-31T14:59:24.694Z,2026-08-31T15:06:39.726Z
annotator_0043,session_0044,21.0,udacity,human_bbox_annotation,3,1478896071431847989.jpg,car,,1.0,bbox,,"[[402,73,483,204]]",1,480.0,300.0,2026-08-31T14:59:32.945Z,2026-08-31T15:06:39.726Z
annotator_0043,session_0044,22.0,udacity,human_bbox_annotation,3,1478898995863305961.jpg,can,,1.0,bbox,,"[[139,116,245,214]]",1,480.0,300.0,2026-08-31T14:59:39.222Z,2026-08-31T15:06:39.726Z
annotator_0043,session_0044,23.0,udacity,human_bbox_annotation,3,1478898087511960878.jpg,"car, track",,2.0,bbox,,"[[48,19,466,262]]",1,480.0,300.0,2026-08-31T14:59:50.633Z,2026-08-31T15:06:39.726Z
annotator_0043,session_0044,24.0,single/solo,human_bbox_annotation,3,ILSVRC2013_val_00004426.JPEG,koala bear,,1.0,bbox,,"[[-3,66,335,495]]",1,332.0,500.0,2026-08-31T15:00:15.842Z,2026-08-31T15:06:39.726Z
annotator_0043,session_0044,25.0,single/solo,human_bbox_annotation,3,ILSVRC2013_val_00004383.JPEG,person,,1.0,bbox,,"[[5,28,341,486]]",1,333.0,500.0,2026-08-31T15:00:30.171Z,2026-08-31T15:06:39.726Z
annotator_0043,session_0044,26.0,single/solo,human_bbox_annotation,3,ILSVRC2012_val_00043661.JPEG,sal t or pepper shaker,,1.0,bbox,,"[[104,51,311,468]]",1,380.0,571.0,2026-08-31T15:00:39.495Z,2026-08-31T15:06:39.726Z
annotator_0043,session_0044,27.0,single/multi,human_bbox_annotation,3,ILSVRC2012_val_00029698.JPEG,bird,,1.0,bbox,,"[[62,22,414,315]]",1,500.0,375.0,2026-08-31T15:00:49.627Z,2026-08-31T15:06:39.726Z
annotator_0043,session_0044,28.0,single/multi,human_bbox_annotation,3,ILSVRC2013_val_00001740.JPEG,bicycl e,,1.0,bbox,,"[[215,179,334,340]]",1,333.0,500.0,2026-08-31T15:01:17.608Z,2026-08-31T15:06:39.726Z
annotator_0043,session_0044,30.0,single/multi,human_bbox_annotation,3,ILSVRC2012_val_00035151.JPEG,burd,,1.0,bbox,,"[[-2,24,464,377]]",1,500.0,384.0,2026-08-31T15:01:44.200Z,2026-08-31T15:06:39.726Z
annotator_0043,session_0044,31.0,multi,human_bbox_annotation,3,ILSVRC2012_val_00026051.JPEG,"bookshelf, dog",,2.0,bbox,,"[[2,-1,423,434]]",1,415.0,500.0,2026-08-31T15:01:55.456Z,2026-08-31T15:06:39.726Z
annotator_0043,session_0044,32.0,multi,human_bbox_annotation,3,ILSVRC2012_val_00018814.JPEG,"croquet ball, person, pingpogg bawl",,3.0,bbox,,"[[3,-1,498,336]]",1,500.0,417.0,2026-08-31T15:02:17.846Z,2026-08-31T15:06:39.726Z
annotator_0043,session_0044,33.0,multi,human_bbox_annotation,3,ILSVRC2012_val_00004068.JPEG,"axe, person",,2.0,bbox,,"[[102,227,375,506]]",1,375.0,500.0,2026-08-31T15:02:33.537Z,2026-08-31T15:06:39.726Z
annotator_0043,session_0044,34.0,udacity,human_bbox_annotation,3,1478898087511960878.jpg,"car, truck",,2.0,bbox,,"[[45,61,260,258],[261,24,458,213]]",2,480.0,300.0,2026-08-31T15:02:52.938Z,2026-08-31T15:06:39.726Z
annotator_0043,session_0044,35.0,udacity,human_bbox_annotation,3,1478896071431847989.jpg,cav,,1.0,bbox,,"[[414,79,492,199]]",1,480.0,300.0,2026-08-31T15:03:04.836Z,2026-08-31T15:06:39.726Z
annotator_0043,session_0044,36.0,udacity,human_bbox_annotation,3,1478895568695802824.jpg,car,,1.0,bbox,,"[[33,131,113,198]]",1,480.0,300.0,2026-08-31T15:03:12.202Z,2026-08-31T15:06:39.726Z
annotator_0043,session_0044,37.0,single/solo,human_bbox_annotation,3,ILSVRC2013_val_00001634.JPEG,table,,1.0,bbox,,"[[30,15,410,486]]",1,500.0,500.0,2026-08-31T15:03:24.719Z,2026-08-31T15:06:39.726Z
annotator_0043,session_0044,38.0,single/solo,human_bbox_annotation,3,ILSVRC2012_val_00026917.JPEG,butterfly,,1.0,bbox,,"[[214,67,437,317]]",1,500.0,443.0,2026-08-31T15:03:51.669Z,2026-08-31T15:06:39.726Z
annotator_0043,session_0044,39.0,single/solo,human_bbox_annotation,3,ILSVRC2012_val_00024314.JPEG,sneak,,1.0,bbox,,"[[134,172,466,387]]",1,640.0,480.0,2026-08-31T15:04:08.088Z,2026-08-31T15:06:39.726Z
annotator_0043,session_0044,40.0,single/multi,human_bbox_annotation,3,ILSVRC2012_val_00035101.JPEG,zebra,,1.0,bbox,,"[[10,13,501,430]]",1,500.0,421.0,2026-08-31T15:04:20.438Z,2026-08-31T15:06:39.726Z
annotator_0043,session_0044,41.0,single/multi,human_bbox_annotation,3,ILSVRC2012_val_00035612.JPEG,mokney,,1.0,bbox,,"[[3,2,498,497]]",1,500.0,500.0,2026-08-31T15:04:35.252Z,2026-08-31T15:06:39.726Z
annotator_0043,session_0044,42.0,single/multi,human_bbox_annotation,3,ILSVRC2012_val_00035457.JPEG,cart,,1.0,bbox,,"[[1,36,607,391]]",1,624.0,396.0,2026-08-31T15:04:46.699Z,2026-08-31T15:06:39.726Z
annotator_0043,session_0044,43.0,multi,human_bbox_annotation,3,ILSVRC2012_val_00035378.JPEG,"bird, dog",,2.0,bbox,,"[[71,23,415,331]]",1,500.0,400.0,2026-08-31T15:04:57.819Z,2026-08-31T15:06:39.726Z
annotator_0043,session_0044,44.0,multi,human_bbox_annotation,3,ILSVRC2012_val_00044472.JPEG,"hat with a wide brim, person",,2.0,bbox,,"[[3,4,374,490]]",1,375.0,500.0,2026-08-31T15:05:14.952Z,2026-08-31T15:06:39.726Z
annotator_0043,session_0044,45.0,multi,human_bbox_annotation,3,ILSVRC2013_val_00003860.JPEG,"digital clock, person",,2.0,bbox,,"[[181,36,490,489]]",1,500.0,500.0,2026-08-31T15:05:34.717Z,2026-08-31T15:06:39.726Z
annotator_0043,session_0044,46.0,udacity,human_bbox_annotation,3,1478732233783674595.jpg,car,,1.0,bbox,,"[[324,121,388,183],[166,132,225,171],[265,132,294,157]]",3,480.0,300.0,2026-08-31T15:05:45.985Z,2026-08-31T15:06:39.726Z
annotator_0043,session_0044,47.0,udacity,human_bbox_annotation,3,1479501447174309879.jpg,car,,1.0,bbox,,"[[4,104,350,221]]",1,480.0,300.0,2026-08-31T15:05:59.514Z,2026-08-31T15:06:39.726Z
annotator_0043,session_0044,49.0,udacity,human_bbox_annotation,3,1479500714623724165.jpg,car,,1.0,bbox,,"[[73,126,173,201],[2,135,65,191]]",2,480.0,300.0,2026-08-31T15:06:37.382Z,2026-08-31T15:06:39.726Z
annotator_0044,session_0045,,single/solo,human_bbox_annotation,2,ILSVRC2012_val_00047878.JPEG,bird,,1.0,reject,unclear_image,[],0,500.0,382.0,2026-08-31T14:41:50.295Z,2026-08-31T15:06:49.918Z
annotator_0044,session_0045,1.0,single/solo,human_bbox_annotation,2,ILSVRC2012_val_00028513.JPEG,𝛼ntelopz,,1.0,bbox,,"[[68,115,283,304]]",1,500.0,344.0,2026-08-31T14:44:11.006Z,2026-08-31T15:06:49.918Z
annotator_0044,session_0045,2.0,single/solo,human_bbox_annotation,2,ILSVRC2012_val_00016909.JPEG,herd,,1.0,bbox,,"[[79,18,235,257]]",1,500.0,375.0,2026-08-31T14:44:41.477Z,2026-08-31T15:06:49.918Z
annotator_0044,session_0045,3.0,single/multi,human_bbox_annotation,2,ILSVRC2012_val_00018599.JPEG,corkscrew,,1.0,bbox,,"[[453,39,808,744],[177,326,683,877]]",2,919.0,1024.0,2026-08-31T14:46:02.780Z,2026-08-31T15:06:49.918Z
annotator_0044,session_0045,4.0,single/multi,human_bbox_annotation,2,ILSVRC2012_val_00042837.JPEG,perfurne,,1.0,bbox,,"[[28,88,434,476]]",1,500.0,495.0,2026-08-31T14:47:09.685Z,2026-08-31T15:06:49.918Z
annotator_0044,session_0045,5.0,single/multi,human_bbox_annotation,2,ILSVRC2012_val_00042837.JPEG,pel fume,,1.0,skip,,[],0,500.0,495.0,2026-08-31T14:48:17.082Z,2026-08-31T15:06:49.918Z
annotator_0044,session_0045,6.0,multi,human_bbox_annotation,2,ILSVRC2013_val_00000449.JPEG,"bowl, person",,2.0,bbox,,"[[105,364,358,499],[3,-1,369,501]]",2,375.0,500.0,2026-08-31T14:48:41.306Z,2026-08-31T15:06:49.918Z
annotator_0044,session_0045,7.0,multi,human_bbox_annotation,2,ILSVRC2013_val_00003495.JPEG,"baby bead, filing cabinet, stove, desk",,4.0,bbox,,"[[444,85,498,295],[20,115,150,272],[94,286,171,371],[212,252,294,350],[69,212,239,284]]",5,500.0,375.0,2026-08-31T14:51:13.112Z,2026-08-31T15:06:49.918Z
annotator_0044,session_0045,8.0,multi,human_bbox_annotation,2,ILSVRC2012_val_00004761.JPEG,"fowl, pearson, saxophone",,3.0,bbox,,"[[180,1,315,101],[133,151,235,492],[141,73,390,498]]",3,500.0,500.0,2026-08-31T14:51:43.872Z,2026-08-31T15:06:49.918Z
annotator_0044,session_0045,9.0,udacity,human_bbox_annotation,2,1478020860712187115.jpg,car,,1.0,bbox,,"[[227,131,258,162],[291,124,340,172],[343,127,404,203]]",3,480.0,300.0,2026-08-31T14:52:08.447Z,2026-08-31T15:06:49.918Z
annotator_0044,session_0045,10.0,udacity,human_bbox_annotation,2,1478020280197384728.jpg,cap,,1.0,reject,unclear_label,[],0,480.0,300.0,2026-08-31T14:53:01.263Z,2026-08-31T15:06:49.918Z
annotator_0044,session_0045,11.0,udacity,human_bbox_annotation,2,1479501447174309879.jpg,cam,,1.0,reject,unclear_label,[],0,480.0,300.0,2026-08-31T14:53:28.430Z,2026-08-31T15:06:49.918Z
annotator_0044,session_0045,12.0,single/solo,human_bbox_annotation,2,ILSVRC2012_val_00012307.JPEG,bird,,1.0,bbox,,"[[135,27,273,208]]",1,443.0,500.0,2026-08-31T14:53:35.903Z,2026-08-31T15:06:49.918Z
annotator_0044,session_0045,13.0,single/solo,human_bbox_annotation,2,ILSVRC2012_val_00043873.JPEG,dig,,1.0,reject,unclear_label,[],0,500.0,375.0,2026-08-31T14:53:49.590Z,2026-08-31T15:06:49.918Z
annotator_0044,session_0045,14.0,single/solo,human_bbox_annotation,2,ILSVRC2012_val_00002595.JPEG,locomotive,,1.0,bbox,,"[[264,169,398,216]]",1,500.0,375.0,2026-08-31T14:54:02.470Z,2026-08-31T15:06:49.918Z
annotator_0044,session_0045,15.0,single/multi,human_bbox_annotation,2,ILSVRC2012_val_00029698.JPEG,bird,,1.0,bbox,,"[[30,74,267,256],[80,28,444,322]]",2,500.0,375.0,2026-08-31T14:54:17.166Z,2026-08-31T15:06:49.918Z
annotator_0044,session_0045,16.0,single/multi,human_bbox_annotation,2,ILSVRC2013_val_00000008.JPEG,herd,,1.0,bbox,,"[[68,20,295,331]]",1,500.0,334.0,2026-08-31T14:55:15.110Z,2026-08-31T15:06:49.918Z
annotator_0044,session_0045,17.0,single/multi,human_bbox_annotation,2,ILSVRC2012_val_00037937.JPEG,per fume,,1.0,bbox,,"[[25,93,464,476]]",1,500.0,486.0,2026-08-31T14:56:06.973Z,2026-08-31T15:06:49.918Z
annotator_0044,session_0045,18.0,multi,human_bbox_annotation,2,ILSVRC2012_val_00003176.JPEG,"bench, dog",,2.0,bbox,,"[[153,25,415,354]]",1,500.0,375.0,2026-08-31T14:56:15.125Z,2026-08-31T15:06:49.918Z
annotator_0044,session_0045,19.0,multi,human_bbox_annotation,2,ILSVRC2012_val_00016267.JPEG,"aple, reler",,2.0,bbox,,"[[204,76,409,275],[75,270,499,333],[284,2,498,267],[4,3,223,330]]",4,500.0,334.0,2026-08-31T14:57:39.532Z,2026-08-31T15:06:49.918Z
annotator_0044,session_0045,20.0,multi,human_bbox_annotation,2,ILSVRC2012_val_00047487.JPEG,"dug, person",,2.0,bbox,,"[[30,61,332,269],[121,0,364,182]]",2,400.0,290.0,2026-08-31T14:57:52.148Z,2026-08-31T15:06:49.918Z
annotator_0044,session_0045,22.0,udacity,human_bbox_annotation,2,1478895568695802824.jpg,car,,1.0,bbox,,"[[22,136,129,191]]",1,480.0,300.0,2026-08-31T14:58:09.099Z,2026-08-31T15:06:49.918Z
annotator_0044,session_0045,23.0,udacity,human_bbox_annotation,2,1478896071431847989.jpg,can,,1.0,reject,unclear_label,[],0,480.0,300.0,2026-08-31T14:58:19.636Z,2026-08-31T15:06:49.918Z
annotator_0044,session_0045,24.0,udacity,human_bbox_annotation,2,1479501431172538806.jpg,cam,,1.0,reject,unclear_label,[],0,480.0,300.0,2026-08-31T14:58:25.180Z,2026-08-31T15:06:49.918Z
annotator_0044,session_0045,25.0,single/solo,human_bbox_annotation,2,ILSVRC2012_val_00006233.JPEG,diaper,,1.0,bbox,,"[[138,181,240,366]]",1,375.0,500.0,2026-08-31T14:58:31.891Z,2026-08-31T15:06:49.918Z
annotator_0044,session_0045,26.0,single/solo,human_bbox_annotation,2,ILSVRC2012_val_00026917.JPEG,butterfly,,1.0,bbox,,"[[199,121,443,331]]",1,500.0,443.0,2026-08-31T14:58:49.235Z,2026-08-31T15:06:49.918Z
annotator_0044,session_0045,27.0,single/solo,human_bbox_annotation,2,ILSVRC2012_val_00024314.JPEG,snake,,1.0,bbox,,"[[129,166,483,396]]",1,640.0,480.0,2026-08-31T14:59:07.939Z,2026-08-31T15:06:49.918Z
annotator_0044,session_0045,28.0,single/multi,human_bbox_annotation,2,ILSVRC2012_val_00037816.JPEG,antelope,,1.0,bbox,,"[[252,77,395,226],[26,137,158,275]]",2,500.0,333.0,2026-08-31T14:59:22.555Z,2026-08-31T15:06:49.918Z
annotator_0044,session_0045,29.0,single/multi,human_bbox_annotation,2,ILSVRC2012_val_00002802.JPEG,bird,,1.0,bbox,,"[[2,104,210,384],[137,14,498,384]]",2,500.0,385.0,2026-08-31T14:59:44.395Z,2026-08-31T15:06:49.918Z
annotator_0044,session_0045,30.0,single/multi,human_bbox_annotation,2,ILSVRC2012_val_00022295.JPEG,bench,,1.0,bbox,,"[[119,333,288,398],[0,326,85,408]]",2,500.0,442.0,2026-08-31T14:59:54.394Z,2026-08-31T15:06:49.918Z
annotator_0044,session_0045,31.0,multi,human_bbox_annotation,2,ILSVRC2012_val_00010502.JPEG,"plastic bag, pomegranate",,2.0,bbox,,"[[122,48,401,324],[2,112,498,351]]",2,500.0,356.0,2026-08-31T15:00:29.122Z,2026-08-31T15:06:49.918Z
annotator_0044,session_0045,32.0,multi,human_bbox_annotation,2,ILSVRC2012_val_00038249.JPEG,"bookshelf, disxwasher",,2.0,bbox,,"[[532,477,587,681],[26,64,574,848]]",2,590.0,892.0,2026-08-31T15:01:37.953Z,2026-08-31T15:06:49.918Z
annotator_0044,session_0045,33.0,multi,human_bbox_annotation,2,ILSVRC2012_val_00024444.JPEG,"bench, cello, chair, pe rson, piano",,5.0,bbox,,"[[155,115,260,360],[20,298,179,498],[43,72,151,301],[9,204,131,298],[139,19,384,279]]",5,392.0,500.0,2026-08-31T15:02:16.809Z,2026-08-31T15:06:49.918Z
annotator_0044,session_0045,35.0,udacity,human_bbox_annotation,2,1478896071431847989.jpg,car,,1.0,bbox,,"[[411,71,481,214]]",1,480.0,300.0,2026-08-31T15:02:46.305Z,2026-08-31T15:06:49.918Z
annotator_0044,session_0045,36.0,udacity,human_bbox_annotation,2,1479504312367157311.jpg,"automobilp, truck",,2.0,bbox,,"[[139,145,331,262],[90,106,179,194],[197,107,289,167]]",3,480.0,300.0,2026-08-31T15:03:04.128Z,2026-08-31T15:06:49.918Z
annotator_0044,session_0045,37.0,udacity,human_bbox_annotation,2,1478898995863305961.jpg,automobile,,1.0,bbox,,"[[154,121,244,222]]",1,480.0,300.0,2026-08-31T15:03:12.328Z,2026-08-31T15:06:49.918Z
annotator_0044,session_0045,38.0,single/solo,human_bbox_annotation,2,ILSVRC2012_val_00001314.JPEG,dog,,1.0,bbox,,"[[140,67,398,256]]",1,500.0,375.0,2026-08-31T15:03:21.272Z,2026-08-31T15:06:49.918Z
annotator_0044,session_0045,39.0,single/solo,human_bbox_annotation,2,ILSVRC2012_val_00015173.JPEG,pooch,,1.0,bbox,,"[[46,115,325,317]]",1,345.0,500.0,2026-08-31T15:03:26.912Z,2026-08-31T15:06:49.918Z
annotator_0044,session_0045,40.0,single/solo,human_bbox_annotation,2,ILSVRC2012_val_00017504.JPEG,perfume,,1.0,bbox,,"[[58,46,211,365]]",1,260.0,375.0,2026-08-31T15:03:33.256Z,2026-08-31T15:06:49.918Z
annotator_0044,session_0045,41.0,single/multi,human_bbox_annotation,2,ILSVRC2012_val_00012301.JPEG,snake,,1.0,bbox,,"[[152,1,433,168],[1,8,384,481]]",2,430.0,500.0,2026-08-31T15:03:59.864Z,2026-08-31T15:06:49.918Z
annotator_0044,session_0045,42.0,single/multi,human_bbox_annotation,2,ILSVRC2012_val_00045966.JPEG,soap dispenser,,1.0,bbox,,"[[18,114,229,478],[284,7,474,483]]",2,499.0,500.0,2026-08-31T15:04:13.048Z,2026-08-31T15:06:49.918Z
annotator_0044,session_0045,43.0,single/multi,human_bbox_annotation,2,ILSVRC2012_val_00041903.JPEG,salt or pepper shaker,,1.0,bbox,,"[[104,282,363,804]]",1,582.0,815.0,2026-08-31T15:05:09.791Z,2026-08-31T15:06:49.918Z
annotator_0044,session_0045,44.0,multi,human_bbox_annotation,2,ILSVRC2012_val_00005713.JPEG,"person, soccer ball",,2.0,bbox,,"[[94,6,233,108],[113,115,172,212]]",2,300.0,225.0,2026-08-31T15:05:20.615Z,2026-08-31T15:06:49.918Z
annotator_0044,session_0045,45.0,multi,human_bbox_annotation,2,ILSVRC2012_val_00042150.JPEG,"car, individual, unicycle",,3.0,bbox,,"[[29,129,245,243],[430,165,499,294],[231,255,307,350],[234,86,352,338],[380,97,417,191],[85,98,111,157],[55,98,75,146],[15,94,43,158],[1,112,11,171]]",9,500.0,375.0,2026-08-31T15:05:54.414Z,2026-08-31T15:06:49.918Z
annotator_0044,session_0045,46.0,multi,human_bbox_annotation,2,ILSVRC2013_val_00001956.JPEG,"ucp or mug, strawberry, table",,3.0,bbox,,"[[343,103,481,426],[25,52,137,118],[137,19,188,87],[20,18,488,483]]",4,500.0,500.0,2026-08-31T15:06:18.254Z,2026-08-31T15:06:49.918Z
annotator_0044,session_0045,47.0,udacity,human_bbox_annotation,2,1478020280197384728.jpg,car,,1.0,bbox,,"[[252,127,330,175],[130,137,201,176]]",2,480.0,300.0,2026-08-31T15:06:31.062Z,2026-08-31T15:06:49.918Z
annotator_0044,session_0045,48.0,udacity,human_bbox_annotation,2,1479500700123235425.jpg,truck,,1.0,bbox,,"[[4,98,112,178]]",1,480.0,300.0,2026-08-31T15:06:39.438Z,2026-08-31T15:06:49.918Z
annotator_0044,session_0045,49.0,udacity,human_bbox_annotation,2,1479501447174309879.jpg,car,,1.0,bbox,,"[[1,95,372,258]]",1,480.0,300.0,2026-08-31T15:06:45.198Z,2026-08-31T15:06:49.918Z
annotator_0045,session_0046,,single/solo,human_bbox_annotation,2,ILSVRC2012_val_00047878.JPEG,bird,,1.0,reject,unclear_image,[],0,500.0,382.0,2026-08-31T14:41:48.974Z,2026-08-31T15:07:53.873Z
annotator_0045,session_0046,1.0,single/solo,human_bbox_annotation,2,ILSVRC2012_val_00028513.JPEG,𝛼ntelopz,,1.0,bbox,,"[[66,114,282,303]]",1,500.0,344.0,2026-08-31T14:44:12.846Z,2026-08-31T15:07:53.873Z
annotator_0045,session_0046,2.0,single/solo,human_bbox_annotation,2,ILSVRC2012_val_00016909.JPEG,herd,,1.0,bbox,,"[[87,28,226,249]]",1,500.0,375.0,2026-08-31T14:44:41.022Z,2026-08-31T15:07:53.873Z
annotator_0045,session_0046,3.0,single/multi,human_bbox_annotation,2,ILSVRC2012_val_00018599.JPEG,corkscrew,,1.0,bbox,,"[[514,72,773,710],[182,352,638,838]]",2,919.0,1024.0,2026-08-31T14:46:02.125Z,2026-08-31T15:07:53.873Z
annotator_0045,session_0046,4.0,single/multi,human_bbox_annotation,2,ILSVRC2012_val_00042837.JPEG,perfurne,,1.0,bbox,,"[[54,104,444,471]]",1,500.0,495.0,2026-08-31T14:47:00.488Z,2026-08-31T15:07:53.873Z
annotator_0045,session_0046,5.0,single/multi,human_bbox_annotation,2,ILSVRC2012_val_00042837.JPEG,pel fume,,1.0,skip,,[],0,500.0,495.0,2026-08-31T14:48:17.589Z,2026-08-31T15:07:53.873Z
annotator_0045,session_0046,6.0,multi,human_bbox_annotation,2,ILSVRC2013_val_00000449.JPEG,"bowl, person",,2.0,bbox,,"[[99,382,360,499],[0,1,374,498]]",2,375.0,500.0,2026-08-31T14:48:32.181Z,2026-08-31T15:07:53.873Z
annotator_0045,session_0046,7.0,multi,human_bbox_annotation,2,ILSVRC2013_val_00003495.JPEG,"baby bead, filing cabinet, stove, desk",,4.0,bbox,,"[[13,100,107,253],[439,93,500,269],[200,262,287,339],[84,223,231,355]]",4,500.0,375.0,2026-08-31T14:50:46.549Z,2026-08-31T15:07:53.873Z
annotator_0045,session_0046,9.0,multi,human_bbox_annotation,2,ILSVRC2012_val_00004761.JPEG,"fowl, pearson, saxophone",,3.0,bbox,,"[[172,2,317,108],[130,146,228,475],[119,65,377,488]]",3,500.0,500.0,2026-08-31T14:52:02.292Z,2026-08-31T15:07:53.873Z
annotator_0045,session_0046,10.0,udacity,human_bbox_annotation,2,1478020860712187115.jpg,car,,1.0,bbox,,"[[288,128,334,166],[335,139,413,186],[229,138,256,157]]",3,480.0,300.0,2026-08-31T14:52:10.820Z,2026-08-31T15:07:53.873Z
annotator_0045,session_0046,11.0,udacity,human_bbox_annotation,2,1478020280197384728.jpg,cap,,1.0,reject,unclear_label,[],0,480.0,300.0,2026-08-31T14:53:02.364Z,2026-08-31T15:07:53.873Z
annotator_0045,session_0046,12.0,udacity,human_bbox_annotation,2,1479501447174309879.jpg,cam,,1.0,reject,unclear_label,[],0,480.0,300.0,2026-08-31T14:53:28.548Z,2026-08-31T15:07:53.873Z
annotator_0045,session_0046,13.0,single/solo,human_bbox_annotation,2,ILSVRC2012_val_00012307.JPEG,bird,,1.0,bbox,,"[[134,39,271,208]]",1,443.0,500.0,2026-08-31T14:53:35.542Z,2026-08-31T15:07:53.873Z
annotator_0045,session_0046,14.0,single/solo,human_bbox_annotation,2,ILSVRC2012_val_00043873.JPEG,dig,,1.0,reject,unclear_label,[],0,500.0,375.0,2026-08-31T14:53:49.244Z,2026-08-31T15:07:53.873Z
annotator_0045,session_0046,15.0,single/solo,human_bbox_annotation,2,ILSVRC2012_val_00002595.JPEG,locomotive,,1.0,bbox,,"[[263,172,384,211]]",1,500.0,375.0,2026-08-31T14:54:01.996Z,2026-08-31T15:07:53.873Z
annotator_0045,session_0046,16.0,single/multi,human_bbox_annotation,2,ILSVRC2012_val_00029698.JPEG,bird,,1.0,bbox,,"[[189,80,267,148],[22,27,434,295]]",2,500.0,375.0,2026-08-31T14:54:18.956Z,2026-08-31T15:07:53.873Z
annotator_0045,session_0046,17.0,single/multi,human_bbox_annotation,2,ILSVRC2013_val_00000008.JPEG,herd,,1.0,bbox,,"[[57,15,453,332]]",1,500.0,334.0,2026-08-31T14:55:31.549Z,2026-08-31T15:07:53.873Z
annotator_0045,session_0046,18.0,single/multi,human_bbox_annotation,2,ILSVRC2012_val_00037937.JPEG,per fume,,1.0,bbox,,"[[30,101,451,430]]",1,500.0,486.0,2026-08-31T14:56:14.667Z,2026-08-31T15:07:53.873Z
annotator_0045,session_0046,19.0,multi,human_bbox_annotation,2,ILSVRC2012_val_00003176.JPEG,"bench, dog",,2.0,bbox,,"[[37,2,244,54],[170,36,412,341]]",2,500.0,375.0,2026-08-31T14:56:51.515Z,2026-08-31T15:07:53.873Z
annotator_0045,session_0046,20.0,multi,human_bbox_annotation,2,ILSVRC2012_val_00016267.JPEG,"aple, reler",,2.0,bbox,,"[[195,104,394,272],[62,214,495,327],[288,3,500,283],[-4,3,251,321]]",4,500.0,334.0,2026-08-31T14:57:32.251Z,2026-08-31T15:07:53.873Z
annotator_0045,session_0046,21.0,multi,human_bbox_annotation,2,ILSVRC2012_val_00047487.JPEG,"dug, person",,2.0,bbox,,"[[33,67,311,270],[81,0,334,169]]",2,400.0,290.0,2026-08-31T14:57:45.715Z,2026-08-31T15:07:53.873Z
annotator_0045,session_0046,22.0,udacity,human_bbox_annotation,2,1478895568695802824.jpg,car,,1.0,bbox,,"[[32,142,111,193]]",1,480.0,300.0,2026-08-31T14:58:00.667Z,2026-08-31T15:07:53.873Z
annotator_0045,session_0046,24.0,udacity,human_bbox_annotation,2,1478896071431847989.jpg,can,,1.0,reject,unclear_label,[],0,480.0,300.0,2026-08-31T14:58:21.276Z,2026-08-31T15:07:53.873Z
annotator_0045,session_0046,25.0,udacity,human_bbox_annotation,2,1479501431172538806.jpg,cam,,1.0,reject,unclear_label,[],0,480.0,300.0,2026-08-31T14:58:31.531Z,2026-08-31T15:07:53.873Z
annotator_0045,session_0046,26.0,single/solo,human_bbox_annotation,2,ILSVRC2012_val_00006233.JPEG,diaper,,1.0,bbox,,"[[133,214,234,324]]",1,375.0,500.0,2026-08-31T14:58:41.235Z,2026-08-31T15:07:53.873Z
annotator_0045,session_0046,27.0,single/solo,human_bbox_annotation,2,ILSVRC2012_val_00026917.JPEG,butterfly,,1.0,bbox,,"[[192,46,437,319]]",1,500.0,443.0,2026-08-31T14:58:55.643Z,2026-08-31T15:07:53.873Z
annotator_0045,session_0046,28.0,single/solo,human_bbox_annotation,2,ILSVRC2012_val_00024314.JPEG,snake,,1.0,bbox,,"[[130,170,485,381]]",1,640.0,480.0,2026-08-31T14:59:10.635Z,2026-08-31T15:07:53.873Z
annotator_0045,session_0046,29.0,single/multi,human_bbox_annotation,2,ILSVRC2012_val_00037816.JPEG,antelope,,1.0,bbox,,"[[248,88,393,227],[17,163,164,255]]",2,500.0,333.0,2026-08-31T14:59:26.435Z,2026-08-31T15:07:53.873Z
annotator_0045,session_0046,30.0,single/multi,human_bbox_annotation,2,ILSVRC2012_val_00002802.JPEG,bird,,1.0,bbox,,"[[0,100,191,376],[145,3,495,378]]",2,500.0,385.0,2026-08-31T14:59:45.931Z,2026-08-31T15:07:53.873Z
annotator_0045,session_0046,31.0,single/multi,human_bbox_annotation,2,ILSVRC2012_val_00022295.JPEG,bench,,1.0,bbox,,"[[4,318,256,420]]",1,500.0,442.0,2026-08-31T14:59:59.539Z,2026-08-31T15:07:53.873Z
annotator_0045,session_0046,32.0,multi,human_bbox_annotation,2,ILSVRC2012_val_00010502.JPEG,"plastic bag, pomegranate",,2.0,bbox,,"[[108,71,377,317],[5,93,495,351]]",2,500.0,356.0,2026-08-31T15:00:22.931Z,2026-08-31T15:07:53.873Z
annotator_0045,session_0046,33.0,multi,human_bbox_annotation,2,ILSVRC2012_val_00038249.JPEG,"bookshelf, disxwasher",,2.0,bbox,,"[[517,467,581,674],[13,101,529,511]]",2,590.0,892.0,2026-08-31T15:01:33.730Z,2026-08-31T15:07:53.873Z
annotator_0045,session_0046,34.0,multi,human_bbox_annotation,2,ILSVRC2012_val_00024444.JPEG,"bench, cello, chair, pe rson, piano",,5.0,bbox,,"[[48,99,153,276],[20,207,114,292],[144,117,264,376],[6,310,179,488],[139,27,376,275]]",5,392.0,500.0,2026-08-31T15:02:21.283Z,2026-08-31T15:07:53.873Z
annotator_0045,session_0046,35.0,udacity,human_bbox_annotation,2,1478896071431847989.jpg,car,,1.0,bbox,,"[[397,89,477,201]]",1,480.0,300.0,2026-08-31T15:02:34.410Z,2026-08-31T15:07:53.873Z
annotator_0045,session_0046,36.0,udacity,human_bbox_annotation,2,1479504312367157311.jpg,"automobilp, truck",,2.0,bbox,,"[[82,132,163,186],[129,116,331,255]]",2,480.0,300.0,2026-08-31T15:02:53.570Z,2026-08-31T15:07:53.873Z
annotator_0045,session_0046,37.0,udacity,human_bbox_annotation,2,1478898995863305961.jpg,automobile,,1.0,bbox,,"[[140,130,246,208]]",1,480.0,300.0,2026-08-31T15:03:03.162Z,2026-08-31T15:07:53.873Z
annotator_0045,session_0046,38.0,single/solo,human_bbox_annotation,2,ILSVRC2012_val_00001314.JPEG,dog,,1.0,bbox,,"[[173,88,376,243]]",1,500.0,375.0,2026-08-31T15:03:13.634Z,2026-08-31T15:07:53.873Z
annotator_0045,session_0046,39.0,single/solo,human_bbox_annotation,2,ILSVRC2012_val_00015173.JPEG,pooch,,1.0,bbox,,"[[47,135,294,297]]",1,345.0,500.0,2026-08-31T15:04:25.874Z,2026-08-31T15:07:53.873Z
annotator_0045,session_0046,40.0,single/solo,human_bbox_annotation,2,ILSVRC2012_val_00017504.JPEG,perfume,,1.0,bbox,,"[[46,70,227,341]]",1,260.0,375.0,2026-08-31T15:04:38.802Z,2026-08-31T15:07:53.873Z
annotator_0045,session_0046,41.0,single/multi,human_bbox_annotation,2,ILSVRC2012_val_00012301.JPEG,snake,,1.0,bbox,,"[[1,3,292,493],[209,3,413,162]]",2,430.0,500.0,2026-08-31T15:05:12.890Z,2026-08-31T15:07:53.873Z
annotator_0045,session_0046,42.0,single/multi,human_bbox_annotation,2,ILSVRC2012_val_00045966.JPEG,soap dispenser,,1.0,bbox,,"[[31,25,470,476]]",1,499.0,500.0,2026-08-31T15:05:59.738Z,2026-08-31T15:07:53.873Z
annotator_0045,session_0046,43.0,single/multi,human_bbox_annotation,2,ILSVRC2012_val_00041903.JPEG,salt or pepper shaker,,1.0,bbox,,"[[103,298,375,803]]",1,582.0,815.0,2026-08-31T15:06:16.474Z,2026-08-31T15:07:53.873Z
annotator_0045,session_0046,44.0,multi,human_bbox_annotation,2,ILSVRC2012_val_00005713.JPEG,"person, soccer ball",,2.0,bbox,,"[[110,104,179,213],[86,12,213,114]]",2,300.0,225.0,2026-08-31T15:06:26.994Z,2026-08-31T15:07:53.873Z
annotator_0045,session_0046,45.0,multi,human_bbox_annotation,2,ILSVRC2012_val_00042150.JPEG,"car, individual, unicycle",,3.0,bbox,,"[[29,140,244,258],[456,173,495,291],[231,264,313,336],[229,85,332,351],[386,111,418,183],[8,100,119,173]]",6,500.0,375.0,2026-08-31T15:07:09.289Z,2026-08-31T15:07:53.873Z
annotator_0045,session_0046,46.0,multi,human_bbox_annotation,2,ILSVRC2013_val_00001956.JPEG,"ucp or mug, strawberry, table",,3.0,bbox,,"[[351,126,484,390],[15,31,224,120],[19,18,483,484]]",3,500.0,500.0,2026-08-31T15:07:31.025Z,2026-08-31T15:07:53.873Z
annotator_0045,session_0046,47.0,udacity,human_bbox_annotation,2,1478020280197384728.jpg,car,,1.0,bbox,,"[[234,135,333,174],[112,128,206,175]]",2,480.0,300.0,2026-08-31T15:07:39.665Z,2026-08-31T15:07:53.873Z
annotator_0045,session_0046,48.0,udacity,human_bbox_annotation,2,1479500700123235425.jpg,truck,,1.0,bbox,,"[[8,103,104,177]]",1,480.0,300.0,2026-08-31T15:07:45.721Z,2026-08-31T15:07:53.873Z
annotator_0045,session_0046,49.0,udacity,human_bbox_annotation,2,1479501447174309879.jpg,car,,1.0,bbox,,"[[6,97,347,239]]",1,480.0,300.0,2026-08-31T15:07:50.633Z,2026-08-31T15:07:53.873Z
annotator_0046,session_0047,,single/solo,human_bbox_annotation,3,ILSVRC2012_val_00006233.JPEG,diaper,,1.0,bbox,,"[[127,205,242,325]]",1,375.0,500.0,2026-08-31T14:44:21.301Z,2026-08-31T15:09:11.067Z
annotator_0046,session_0047,1.0,single/solo,human_bbox_annotation,3,ILSVRC2012_val_00010994.JPEG,dot,,1.0,bbox,,"[[85,142,113,163],[98,175,131,202],[161,72,197,91]]",3,500.0,375.0,2026-08-31T14:44:49.493Z,2026-08-31T15:09:11.067Z
annotator_0046,session_0047,2.0,single/solo,human_bbox_annotation,3,ILSVRC2012_val_00047845.JPEG,sneak,,1.0,bbox,,"[[16,151,449,284]]",1,500.0,375.0,2026-08-31T14:45:23.861Z,2026-08-31T15:09:11.067Z
annotator_0046,session_0047,3.0,single/multi,human_bbox_annotation,3,ILSVRC2012_val_00041903.JPEG,salt or pepper shaker,,1.0,bbox,,"[[99,304,359,801]]",1,582.0,815.0,2026-08-31T14:46:17.973Z,2026-08-31T15:09:11.067Z
annotator_0046,session_0047,4.0,single/multi,human_bbox_annotation,3,ILSVRC2012_val_00044520.JPEG,iuod,,1.0,bbox,,"[[96,66,182,184],[201,32,346,221],[357,29,485,211]]",3,500.0,241.0,2026-08-31T14:46:42.757Z,2026-08-31T15:09:11.067Z
annotator_0046,session_0047,5.0,single/multi,human_bbox_annotation,3,ILSVRC2012_val_00004401.JPEG,islpod,,1.0,reject,unclear_image,[],0,375.0,500.0,2026-08-31T14:49:05.781Z,2026-08-31T15:09:11.067Z
annotator_0046,session_0047,6.0,multi,human_bbox_annotation,3,ILSVRC2012_val_00022857.JPEG,"dog, person",,2.0,bbox,,"[[3,69,294,369],[256,102,496,324],[340,-1,498,370]]",3,500.0,375.0,2026-08-31T14:49:30.852Z,2026-08-31T15:09:11.067Z
annotator_0046,session_0047,7.0,multi,human_bbox_annotation,3,ILSVRC2012_val_00039154.JPEG,"pirson, racket",,2.0,bbox,,"[[24,22,279,369],[265,194,330,369]]",2,500.0,376.0,2026-08-31T14:51:18.060Z,2026-08-31T15:09:11.067Z
annotator_0046,session_0047,8.0,multi,human_bbox_annotation,3,ILSVRC2012_val_00030479.JPEG,"dog, individual",,2.0,bbox,,"[[49,89,383,292],[370,0,477,117]]",2,500.0,375.0,2026-08-31T14:51:46.172Z,2026-08-31T15:09:11.067Z
annotator_0046,session_0047,9.0,udacity,human_bbox_annotation,3,1479501431172538806.jpg,car,,1.0,bbox,,"[[122,95,425,229]]",1,480.0,300.0,2026-08-31T14:51:52.532Z,2026-08-31T15:09:11.067Z
annotator_0046,session_0047,10.0,udacity,human_bbox_annotation,3,1479501447174309879.jpg,cab,,1.0,bbox,,"[[-4,105,342,227]]",1,480.0,300.0,2026-08-31T14:52:28.141Z,2026-08-31T15:09:11.067Z
annotator_0046,session_0047,11.0,udacity,human_bbox_annotation,3,1479503322799978016.jpg,car,,1.0,bbox,,"[[7,122,102,231],[131,99,335,235],[388,124,476,183]]",3,480.0,300.0,2026-08-31T14:52:43.780Z,2026-08-31T15:09:11.067Z
annotator_0046,session_0047,12.0,single/solo,human_bbox_annotation,3,ILSVRC2012_val_00031771.JPEG,croquet ball,,1.0,bbox,,"[[171,135,299,228]]",1,500.0,333.0,2026-08-31T14:53:05.797Z,2026-08-31T15:09:11.067Z
annotator_0046,session_0047,13.0,single/solo,human_bbox_annotation,3,ILSVRC2012_val_00032258.JPEG,golf fihs,,1.0,bbox,,"[[117,47,416,317]]",1,500.0,375.0,2026-08-31T14:53:31.863Z,2026-08-31T15:09:11.067Z
annotator_0046,session_0047,14.0,single/solo,human_bbox_annotation,3,ILSVRC2012_val_00013465.JPEG,hippopotamus,,1.0,bbox,,"[[36,140,254,322]]",1,396.0,500.0,2026-08-31T14:53:39.268Z,2026-08-31T15:09:11.067Z
annotator_0046,session_0047,16.0,single/multi,human_bbox_annotation,3,ILSVRC2012_val_00048808.JPEG,isopod,,1.0,reject,unclear_label,[],0,500.0,375.0,2026-08-31T14:54:23.843Z,2026-08-31T15:09:11.067Z
annotator_0046,session_0047,17.0,single/multi,human_bbox_annotation,3,ILSVRC2012_val_00039027.JPEG,dot,,1.0,reject,unclear_image,[],0,500.0,375.0,2026-08-31T14:54:55.612Z,2026-08-31T15:09:11.067Z
annotator_0046,session_0047,18.0,single/multi,human_bbox_annotation,3,ILSVRC2012_val_00039795.JPEG,bare,,1.0,bbox,,"[[33,55,101,142],[89,67,145,142],[93,8,222,133]]",3,250.0,168.0,2026-08-31T14:56:10.635Z,2026-08-31T15:09:11.067Z
annotator_0046,session_0047,19.0,multi,human_bbox_annotation,3,ILSVRC2012_val_00004709.JPEG,"brassiere, person",,2.0,bbox,,"[[51,257,257,358],[4,6,332,487]]",2,338.0,500.0,2026-08-31T14:56:22.619Z,2026-08-31T15:09:11.067Z
annotator_0046,session_0047,20.0,multi,human_bbox_annotation,3,ILSVRC2012_val_00006695.JPEG,"bow tie, ob oe, pearspn",,3.0,bbox,,"[[471,412,749,572],[100,335,552,963],[-1,3,854,983]]",3,867.0,996.0,2026-08-31T14:57:05.067Z,2026-08-31T15:09:11.067Z
annotator_0046,session_0047,21.0,multi,human_bbox_annotation,3,ILSVRC2012_val_00004048.JPEG,"croquet ball, flower pot, ping-pong ball",,3.0,bbox,,"[[155,222,245,357],[4,112,78,353]]",2,375.0,500.0,2026-08-31T14:57:52.051Z,2026-08-31T15:09:11.067Z
annotator_0046,session_0047,22.0,udacity,human_bbox_annotation,3,1478896071431847989.jpg,car,,1.0,bbox,,"[[401,76,478,208]]",1,480.0,300.0,2026-08-31T14:58:29.427Z,2026-08-31T15:09:11.067Z
annotator_0046,session_0047,23.0,udacity,human_bbox_annotation,3,1478898995863305961.jpg,can,,1.0,reject,unclear_label,[],0,480.0,300.0,2026-08-31T14:58:34.435Z,2026-08-31T15:09:11.067Z
annotator_0046,session_0047,24.0,udacity,human_bbox_annotation,3,1478898087511960878.jpg,"car, track",,2.0,bbox,,"[[33,87,246,255],[248,24,462,211]]",2,480.0,300.0,2026-08-31T14:58:50.747Z,2026-08-31T15:09:11.067Z
annotator_0046,session_0047,25.0,single/solo,human_bbox_annotation,3,ILSVRC2013_val_00004426.JPEG,koala bear,,1.0,bbox,,"[[25,84,328,490]]",1,332.0,500.0,2026-08-31T14:59:00.467Z,2026-08-31T15:09:11.067Z
annotator_0046,session_0047,26.0,single/solo,human_bbox_annotation,3,ILSVRC2013_val_00004383.JPEG,person,,1.0,bbox,,"[[18,8,327,484]]",1,333.0,500.0,2026-08-31T14:59:16.779Z,2026-08-31T15:09:11.067Z
annotator_0046,session_0047,27.0,single/solo,human_bbox_annotation,3,ILSVRC2012_val_00043661.JPEG,sal t or pepper shaker,,1.0,bbox,,"[[81,46,315,476]]",1,380.0,571.0,2026-08-31T14:59:34.481Z,2026-08-31T15:09:11.067Z
annotator_0046,session_0047,28.0,single/multi,human_bbox_annotation,3,ILSVRC2012_val_00029698.JPEG,bird,,1.0,bbox,,"[[168,68,268,159],[80,31,420,331]]",2,500.0,375.0,2026-08-31T14:59:54.851Z,2026-08-31T15:09:11.067Z
annotator_0046,session_0047,29.0,single/multi,human_bbox_annotation,3,ILSVRC2013_val_00001740.JPEG,bicycl e,,1.0,bbox,,"[[219,188,330,340]]",1,333.0,500.0,2026-08-31T15:00:06.219Z,2026-08-31T15:09:11.067Z
annotator_0046,session_0047,30.0,single/multi,human_bbox_annotation,3,ILSVRC2012_val_00035151.JPEG,burd,,1.0,bbox,,"[[7,44,475,377]]",1,500.0,384.0,2026-08-31T15:00:48.202Z,2026-08-31T15:09:11.067Z
annotator_0046,session_0047,31.0,multi,human_bbox_annotation,3,ILSVRC2012_val_00026051.JPEG,"bookshelf, dog",,2.0,bbox,,"[[66,47,326,461],[3,2,407,117]]",2,415.0,500.0,2026-08-31T15:00:58.666Z,2026-08-31T15:09:11.067Z
annotator_0046,session_0047,32.0,multi,human_bbox_annotation,3,ILSVRC2012_val_00018814.JPEG,"croquet ball, person, pingpogg bawl",,3.0,bbox,,"[[153,279,209,330],[1,4,140,338],[154,10,219,84],[238,4,373,168],[394,15,488,175]]",5,500.0,417.0,2026-08-31T15:01:23.954Z,2026-08-31T15:09:11.067Z
annotator_0046,session_0047,33.0,multi,human_bbox_annotation,3,ILSVRC2012_val_00004068.JPEG,"axe, person",,2.0,bbox,,"[[1,-3,121,153],[100,237,368,489]]",2,375.0,500.0,2026-08-31T15:01:59.042Z,2026-08-31T15:09:11.067Z
annotator_0046,session_0047,34.0,udacity,human_bbox_annotation,3,1478898087511960878.jpg,"car, truck",,2.0,bbox,,"[[39,86,249,255],[254,25,471,195]]",2,480.0,300.0,2026-08-31T15:02:30.058Z,2026-08-31T15:09:11.067Z
annotator_0046,session_0047,35.0,udacity,human_bbox_annotation,3,1478896071431847989.jpg,cav,,1.0,reject,unclear_label,[],0,480.0,300.0,2026-08-31T15:02:51.010Z,2026-08-31T15:09:11.067Z
annotator_0046,session_0047,36.0,udacity,human_bbox_annotation,3,1478895568695802824.jpg,car,,1.0,bbox,,"[[24,141,114,190]]",1,480.0,300.0,2026-08-31T15:03:02.146Z,2026-08-31T15:09:11.067Z
annotator_0046,session_0047,37.0,single/solo,human_bbox_annotation,3,ILSVRC2013_val_00001634.JPEG,table,,1.0,bbox,,"[[5,11,400,485]]",1,500.0,500.0,2026-08-31T15:03:12.818Z,2026-08-31T15:09:11.067Z
annotator_0046,session_0047,38.0,single/solo,human_bbox_annotation,3,ILSVRC2012_val_00026917.JPEG,butterfly,,1.0,bbox,,"[[206,53,444,319]]",1,500.0,443.0,2026-08-31T15:03:19.946Z,2026-08-31T15:09:11.067Z
annotator_0046,session_0047,39.0,single/solo,human_bbox_annotation,3,ILSVRC2012_val_00024314.JPEG,sneak,,1.0,bbox,,"[[133,170,481,384]]",1,640.0,480.0,2026-08-31T15:03:48.810Z,2026-08-31T15:09:11.067Z
annotator_0046,session_0047,40.0,single/multi,human_bbox_annotation,3,ILSVRC2012_val_00035101.JPEG,zebra,,1.0,bbox,,"[[4,2,496,410]]",1,500.0,421.0,2026-08-31T15:04:32.394Z,2026-08-31T15:09:11.067Z
annotator_0046,session_0047,41.0,single/multi,human_bbox_annotation,3,ILSVRC2012_val_00035612.JPEG,mokney,,1.0,bbox,,"[[62,18,436,500]]",1,500.0,500.0,2026-08-31T15:04:50.898Z,2026-08-31T15:09:11.067Z
annotator_0046,session_0047,42.0,single/multi,human_bbox_annotation,3,ILSVRC2012_val_00035457.JPEG,cart,,1.0,bbox,,"[[4,85,204,160],[209,92,599,281]]",2,624.0,396.0,2026-08-31T15:05:19.002Z,2026-08-31T15:09:11.067Z
annotator_0046,session_0047,44.0,multi,human_bbox_annotation,3,ILSVRC2012_val_00035378.JPEG,"bird, dog",,2.0,bbox,,"[[73,99,434,330],[132,13,424,346]]",2,500.0,400.0,2026-08-31T15:06:36.569Z,2026-08-31T15:09:11.067Z
annotator_0046,session_0047,45.0,multi,human_bbox_annotation,3,ILSVRC2012_val_00044472.JPEG,"hat with a wide brim, person",,2.0,bbox,,"[[68,0,375,192],[3,1,369,496]]",2,375.0,500.0,2026-08-31T15:08:32.009Z,2026-08-31T15:09:11.067Z
annotator_0046,session_0047,46.0,multi,human_bbox_annotation,3,ILSVRC2013_val_00003860.JPEG,"digital clock, person",,2.0,bbox,,"[[83,82,132,109],[176,23,486,481]]",2,500.0,500.0,2026-08-31T15:08:42.178Z,2026-08-31T15:09:11.067Z
annotator_0046,session_0047,47.0,udacity,human_bbox_annotation,3,1478732233783674595.jpg,car,,1.0,bbox,,"[[299,128,384,175],[153,131,228,167]]",2,480.0,300.0,2026-08-31T15:08:53.537Z,2026-08-31T15:09:11.067Z
annotator_0046,session_0047,48.0,udacity,human_bbox_annotation,3,1479501447174309879.jpg,car,,1.0,bbox,,"[[4,106,355,237]]",1,480.0,300.0,2026-08-31T15:09:00.249Z,2026-08-31T15:09:11.067Z
annotator_0046,session_0047,49.0,udacity,human_bbox_annotation,3,1479500714623724165.jpg,car,,1.0,bbox,,"[[67,134,175,196],[5,140,73,191]]",2,480.0,300.0,2026-08-31T15:09:07.483Z,2026-08-31T15:09:11.067Z
annotator_0047,session_0048,,single/solo,human_bbox_annotation,2,ILSVRC2012_val_00047878.JPEG,bird,,1.0,bbox,,"[[180,124,331,244]]",1,500.0,382.0,2026-08-31T15:10:15.201Z,2026-08-31T15:19:30.810Z
annotator_0047,session_0048,1.0,single/solo,human_bbox_annotation,2,ILSVRC2012_val_00028513.JPEG,𝛼ntelopz,,1.0,bbox,,"[[70,140,330,312]]",1,500.0,344.0,2026-08-31T15:11:15.384Z,2026-08-31T15:19:30.810Z
annotator_0047,session_0048,3.0,single/solo,human_bbox_annotation,2,ILSVRC2012_val_00016909.JPEG,herd,,1.0,bbox,,"[[96,22,223,236]]",1,500.0,375.0,2026-08-31T15:11:52.623Z,2026-08-31T15:19:30.810Z
annotator_0047,session_0048,4.0,single/multi,human_bbox_annotation,2,ILSVRC2012_val_00018599.JPEG,corkscrew,,1.0,bbox,,"[[60,353,654,892]]",1,919.0,1024.0,2026-08-31T15:12:02.431Z,2026-08-31T15:19:30.810Z
annotator_0047,session_0048,5.0,single/multi,human_bbox_annotation,2,ILSVRC2012_val_00042837.JPEG,perfurne,,1.0,bbox,,"[[278,149,445,457]]",1,500.0,495.0,2026-08-31T15:12:12.829Z,2026-08-31T15:19:30.810Z
annotator_0047,session_0048,6.0,single/multi,human_bbox_annotation,2,ILSVRC2012_val_00042837.JPEG,pel fume,,1.0,bbox,,"[[259,119,433,441]]",1,500.0,495.0,2026-08-31T15:12:18.307Z,2026-08-31T15:19:30.810Z
annotator_0047,session_0048,8.0,multi,human_bbox_annotation,2,ILSVRC2013_val_00000449.JPEG,"bowl, person",,2.0,bbox,,"[[107,39,364,515]]",1,375.0,500.0,2026-08-31T15:12:41.251Z,2026-08-31T15:19:30.810Z
annotator_0047,session_0048,9.0,multi,human_bbox_annotation,2,ILSVRC2013_val_00003495.JPEG,"baby bead, filing cabinet, stove, desk",,4.0,bbox,,"[[16,40,484,333]]",1,500.0,375.0,2026-08-31T15:12:55.542Z,2026-08-31T15:19:30.810Z
annotator_0047,session_0048,10.0,multi,human_bbox_annotation,2,ILSVRC2012_val_00004761.JPEG,"fowl, pearson, saxophone",,3.0,bbox,,"[[115,26,375,485]]",1,500.0,500.0,2026-08-31T15:13:05.559Z,2026-08-31T15:19:30.810Z
annotator_0047,session_0048,11.0,udacity,human_bbox_annotation,2,1478020860712187115.jpg,car,,1.0,bbox,,"[[270,111,421,213],[220,127,251,181]]",2,480.0,300.0,2026-08-31T15:13:11.557Z,2026-08-31T15:19:30.810Z
annotator_0047,session_0048,12.0,udacity,human_bbox_annotation,2,1478020280197384728.jpg,cap,,1.0,bbox,,"[[208,89,361,207]]",1,480.0,300.0,2026-08-31T15:13:22.897Z,2026-08-31T15:19:30.810Z
annotator_0047,session_0048,13.0,udacity,human_bbox_annotation,2,1479501447174309879.jpg,cam,,1.0,bbox,,"[[166,77,232,112],[390,6,422,19]]",2,480.0,300.0,2026-08-31T15:13:47.015Z,2026-08-31T15:19:30.810Z
annotator_0047,session_0048,14.0,single/solo,human_bbox_annotation,2,ILSVRC2012_val_00012307.JPEG,bird,,1.0,bbox,,"[[129,43,289,232]]",1,443.0,500.0,2026-08-31T15:13:52.873Z,2026-08-31T15:19:30.810Z
annotator_0047,session_0048,15.0,single/solo,human_bbox_annotation,2,ILSVRC2012_val_00043873.JPEG,dig,,1.0,bbox,,"[[235,139,309,248]]",1,500.0,375.0,2026-08-31T15:13:58.238Z,2026-08-31T15:19:30.810Z
annotator_0047,session_0048,16.0,single/solo,human_bbox_annotation,2,ILSVRC2012_val_00002595.JPEG,locomotive,,1.0,bbox,,"[[222,139,408,221]]",1,500.0,375.0,2026-08-31T15:14:07.402Z,2026-08-31T15:19:30.810Z
annotator_0047,session_0048,17.0,single/multi,human_bbox_annotation,2,ILSVRC2012_val_00029698.JPEG,bird,,1.0,bbox,,"[[103,35,437,334]]",1,500.0,375.0,2026-08-31T15:14:17.020Z,2026-08-31T15:19:30.810Z
annotator_0047,session_0048,18.0,single/multi,human_bbox_annotation,2,ILSVRC2013_val_00000008.JPEG,herd,,1.0,bbox,,"[[75,24,463,330]]",1,500.0,334.0,2026-08-31T15:14:23.693Z,2026-08-31T15:19:30.810Z
annotator_0047,session_0048,19.0,single/multi,human_bbox_annotation,2,ILSVRC2012_val_00037937.JPEG,per fume,,1.0,bbox,,"[[35,123,242,452]]",1,500.0,486.0,2026-08-31T15:14:28.704Z,2026-08-31T15:19:30.810Z
annotator_0047,session_0048,20.0,multi,human_bbox_annotation,2,ILSVRC2012_val_00003176.JPEG,"bench, dog",,2.0,bbox,,"[[40,5,433,347]]",1,500.0,375.0,2026-08-31T15:14:39.780Z,2026-08-31T15:19:30.810Z
annotator_0047,session_0048,21.0,multi,human_bbox_annotation,2,ILSVRC2012_val_00016267.JPEG,"aple, reler",,2.0,bbox,,"[[195,82,425,299]]",1,500.0,334.0,2026-08-31T15:14:48.210Z,2026-08-31T15:19:30.810Z
annotator_0047,session_0048,22.0,multi,human_bbox_annotation,2,ILSVRC2012_val_00047487.JPEG,"dug, person",,2.0,bbox,,"[[67,5,374,267]]",1,400.0,290.0,2026-08-31T15:14:55.453Z,2026-08-31T15:19:30.810Z
annotator_0047,session_0048,23.0,udacity,human_bbox_annotation,2,1478895568695802824.jpg,car,,1.0,bbox,,"[[32,121,121,219]]",1,480.0,300.0,2026-08-31T15:14:59.628Z,2026-08-31T15:19:30.810Z
annotator_0047,session_0048,24.0,udacity,human_bbox_annotation,2,1478896071431847989.jpg,can,,1.0,bbox,,"[[386,72,496,220]]",1,480.0,300.0,2026-08-31T15:15:04.470Z,2026-08-31T15:19:30.810Z
annotator_0047,session_0048,25.0,udacity,human_bbox_annotation,2,1479501431172538806.jpg,cam,,1.0,bbox,,"[[141,53,267,145],[375,0,445,42]]",2,480.0,300.0,2026-08-31T15:15:24.973Z,2026-08-31T15:19:30.810Z
annotator_0047,session_0048,26.0,single/solo,human_bbox_annotation,2,ILSVRC2012_val_00006233.JPEG,diaper,,1.0,bbox,,"[[113,176,250,344]]",1,375.0,500.0,2026-08-31T15:15:30.209Z,2026-08-31T15:19:30.810Z
annotator_0047,session_0048,27.0,single/solo,human_bbox_annotation,2,ILSVRC2012_val_00026917.JPEG,butterfly,,1.0,bbox,,"[[173,101,419,335]]",1,500.0,443.0,2026-08-31T15:15:39.870Z,2026-08-31T15:19:30.810Z
annotator_0047,session_0048,28.0,single/solo,human_bbox_annotation,2,ILSVRC2012_val_00024314.JPEG,snake,,1.0,bbox,,"[[54,132,368,470]]",1,640.0,480.0,2026-08-31T15:16:43.533Z,2026-08-31T15:19:30.810Z
annotator_0047,session_0048,29.0,single/multi,human_bbox_annotation,2,ILSVRC2012_val_00037816.JPEG,antelope,,1.0,bbox,,"[[247,101,402,229],[29,177,177,263]]",2,500.0,333.0,2026-08-31T15:16:55.721Z,2026-08-31T15:19:30.810Z
annotator_0047,session_0048,30.0,single/multi,human_bbox_annotation,2,ILSVRC2012_val_00002802.JPEG,bird,,1.0,bbox,,"[[24,80,186,379],[204,21,454,364]]",2,500.0,385.0,2026-08-31T15:17:03.691Z,2026-08-31T15:19:30.810Z
annotator_0047,session_0048,31.0,single/multi,human_bbox_annotation,2,ILSVRC2012_val_00022295.JPEG,bench,,1.0,bbox,,"[[6,303,150,416],[161,320,268,404]]",2,500.0,442.0,2026-08-31T15:17:13.418Z,2026-08-31T15:19:30.810Z
annotator_0047,session_0048,32.0,multi,human_bbox_annotation,2,ILSVRC2012_val_00010502.JPEG,"plastic bag, pomegranate",,2.0,bbox,,"[[97,43,403,336]]",1,500.0,356.0,2026-08-31T15:17:26.440Z,2026-08-31T15:19:30.810Z
annotator_0047,session_0048,33.0,multi,human_bbox_annotation,2,ILSVRC2012_val_00038249.JPEG,"bookshelf, disxwasher",,2.0,bbox,,"[[38,61,535,750]]",1,590.0,892.0,2026-08-31T15:17:32.793Z,2026-08-31T15:19:30.810Z
annotator_0047,session_0048,34.0,multi,human_bbox_annotation,2,ILSVRC2012_val_00024444.JPEG,"bench, cello, chair, pe rson, piano",,5.0,bbox,,"[[33,55,353,494]]",1,392.0,500.0,2026-08-31T15:17:40.750Z,2026-08-31T15:19:30.810Z
annotator_0047,session_0048,35.0,udacity,human_bbox_annotation,2,1478896071431847989.jpg,car,,1.0,bbox,,"[[406,81,505,217]]",1,480.0,300.0,2026-08-31T15:17:45.486Z,2026-08-31T15:19:30.810Z
annotator_0047,session_0048,36.0,udacity,human_bbox_annotation,2,1479504312367157311.jpg,"automobilp, truck",,2.0,bbox,,"[[114,96,330,275]]",1,480.0,300.0,2026-08-31T15:17:53.824Z,2026-08-31T15:19:30.810Z
annotator_0047,session_0048,37.0,udacity,human_bbox_annotation,2,1478898995863305961.jpg,automobile,,1.0,bbox,,"[[147,101,250,224]]",1,480.0,300.0,2026-08-31T15:17:59.897Z,2026-08-31T15:19:30.810Z
annotator_0047,session_0048,38.0,single/solo,human_bbox_annotation,2,ILSVRC2012_val_00001314.JPEG,dog,,1.0,bbox,,"[[173,57,385,259]]",1,500.0,375.0,2026-08-31T15:18:04.443Z,2026-08-31T15:19:30.810Z
annotator_0047,session_0048,39.0,single/solo,human_bbox_annotation,2,ILSVRC2012_val_00015173.JPEG,pooch,,1.0,bbox,,"[[58,107,298,351]]",1,345.0,500.0,2026-08-31T15:18:12.257Z,2026-08-31T15:19:30.810Z
annotator_0047,session_0048,40.0,single/solo,human_bbox_annotation,2,ILSVRC2012_val_00017504.JPEG,perfume,,1.0,bbox,,"[[64,44,228,347]]",1,260.0,375.0,2026-08-31T15:18:16.414Z,2026-08-31T15:19:30.810Z
annotator_0047,session_0048,41.0,single/multi,human_bbox_annotation,2,ILSVRC2012_val_00012301.JPEG,snake,,1.0,bbox,,"[[3,3,433,498]]",1,430.0,500.0,2026-08-31T15:18:24.238Z,2026-08-31T15:19:30.810Z
annotator_0047,session_0048,42.0,single/multi,human_bbox_annotation,2,ILSVRC2012_val_00045966.JPEG,soap dispenser,,1.0,bbox,,"[[253,25,469,480],[11,104,223,472]]",2,499.0,500.0,2026-08-31T15:18:36.425Z,2026-08-31T15:19:30.810Z
annotator_0047,session_0048,43.0,single/multi,human_bbox_annotation,2,ILSVRC2012_val_00041903.JPEG,salt or pepper shaker,,1.0,bbox,,"[[109,306,452,810]]",1,582.0,815.0,2026-08-31T15:18:43.728Z,2026-08-31T15:19:30.810Z
annotator_0047,session_0048,44.0,multi,human_bbox_annotation,2,ILSVRC2012_val_00005713.JPEG,"person, soccer ball",,2.0,bbox,,"[[104,14,209,208]]",1,300.0,225.0,2026-08-31T15:18:48.388Z,2026-08-31T15:19:30.810Z
annotator_0047,session_0048,45.0,multi,human_bbox_annotation,2,ILSVRC2012_val_00042150.JPEG,"car, individual, unicycle",,3.0,bbox,,"[[45,126,238,275],[262,108,333,337]]",2,500.0,375.0,2026-08-31T15:18:59.822Z,2026-08-31T15:19:30.810Z
annotator_0047,session_0048,46.0,multi,human_bbox_annotation,2,ILSVRC2013_val_00001956.JPEG,"ucp or mug, strawberry, table",,3.0,bbox,,"[[27,29,242,439],[321,106,490,437]]",2,500.0,500.0,2026-08-31T15:19:10.303Z,2026-08-31T15:19:30.810Z
annotator_0047,session_0048,47.0,udacity,human_bbox_annotation,2,1478020280197384728.jpg,car,,1.0,bbox,,"[[118,118,210,212],[236,99,341,202]]",2,480.0,300.0,2026-08-31T15:19:15.823Z,2026-08-31T15:19:30.810Z
annotator_0047,session_0048,48.0,udacity,human_bbox_annotation,2,1479500700123235425.jpg,truck,,1.0,bbox,,"[[6,90,112,217]]",1,480.0,300.0,2026-08-31T15:19:20.654Z,2026-08-31T15:19:30.810Z
annotator_0047,session_0048,49.0,udacity,human_bbox_annotation,2,1479501447174309879.jpg,car,,1.0,bbox,,"[[21,30,403,258]]",1,480.0,300.0,2026-08-31T15:19:26.418Z,2026-08-31T15:19:30.810Z
annotator_0048,session_0049,,single/solo,human_bbox_annotation,3,ILSVRC2012_val_00006233.JPEG,diaper,,1.0,reject,unclear_image,[],0,375.0,500.0,2026-08-31T15:25:49.498Z,2026-08-31T15:30:49.525Z
annotator_0048,session_0049,1.0,single/solo,human_bbox_annotation,3,ILSVRC2012_val_00010994.JPEG,dot,,1.0,reject,unclear_label,[],0,500.0,375.0,2026-08-31T15:25:52.065Z,2026-08-31T15:30:49.525Z
annotator_0048,session_0049,2.0,single/solo,human_bbox_annotation,3,ILSVRC2012_val_00047845.JPEG,sneak,,1.0,reject,unclear_image,[],0,500.0,375.0,2026-08-31T15:25:53.633Z,2026-08-31T15:30:49.525Z
annotator_0048,session_0049,3.0,single/multi,human_bbox_annotation,3,ILSVRC2012_val_00041903.JPEG,salt or pepper shaker,,1.0,reject,unclear_image,[],0,582.0,815.0,2026-08-31T15:25:55.113Z,2026-08-31T15:30:49.525Z
annotator_0048,session_0049,4.0,single/multi,human_bbox_annotation,3,ILSVRC2012_val_00044520.JPEG,iuod,,1.0,reject,unclear_label,[],0,500.0,241.0,2026-08-31T15:25:57.817Z,2026-08-31T15:30:49.525Z
annotator_0048,session_0049,5.0,single/multi,human_bbox_annotation,3,ILSVRC2012_val_00004401.JPEG,islpod,,1.0,reject,unclear_image,[],0,375.0,500.0,2026-08-31T15:25:59.554Z,2026-08-31T15:30:49.525Z
annotator_0048,session_0049,6.0,multi,human_bbox_annotation,3,ILSVRC2012_val_00022857.JPEG,"dog, person",,2.0,reject,unclear_image,[],0,500.0,375.0,2026-08-31T15:26:02.808Z,2026-08-31T15:30:49.525Z
annotator_0048,session_0049,7.0,multi,human_bbox_annotation,3,ILSVRC2012_val_00039154.JPEG,"pirson, racket",,2.0,reject,unclear_label,[],0,500.0,376.0,2026-08-31T15:26:05.145Z,2026-08-31T15:30:49.525Z
annotator_0048,session_0049,8.0,multi,human_bbox_annotation,3,ILSVRC2012_val_00030479.JPEG,"dog, individual",,2.0,reject,unclear_image,[],0,500.0,375.0,2026-08-31T15:26:06.657Z,2026-08-31T15:30:49.525Z
annotator_0048,session_0049,9.0,udacity,human_bbox_annotation,3,1479501431172538806.jpg,car,,1.0,bbox,,"[[100,83,441,236]]",1,480.0,300.0,2026-08-31T15:26:10.801Z,2026-08-31T15:30:49.525Z
annotator_0048,session_0049,10.0,udacity,human_bbox_annotation,3,1479501447174309879.jpg,cab,,1.0,reject,unclear_label,[],0,480.0,300.0,2026-08-31T15:26:17.011Z,2026-08-31T15:30:49.525Z
annotator_0048,session_0049,11.0,udacity,human_bbox_annotation,3,1479503322799978016.jpg,car,,1.0,bbox,,"[[126,79,320,284]]",1,480.0,300.0,2026-08-31T15:26:21.243Z,2026-08-31T15:30:49.525Z
annotator_0048,session_0049,12.0,single/solo,human_bbox_annotation,3,ILSVRC2012_val_00031771.JPEG,croquet ball,,1.0,bbox,,"[[169,132,287,241]]",1,500.0,333.0,2026-08-31T15:26:25.411Z,2026-08-31T15:30:49.525Z
annotator_0048,session_0049,13.0,single/solo,human_bbox_annotation,3,ILSVRC2012_val_00032258.JPEG,golf fihs,,1.0,reject,unclear_label,[],0,500.0,375.0,2026-08-31T15:26:29.315Z,2026-08-31T15:30:49.525Z
annotator_0048,session_0049,14.0,single/solo,human_bbox_annotation,3,ILSVRC2012_val_00013465.JPEG,hippopotamus,,1.0,bbox,,"[[42,127,264,338]]",1,396.0,500.0,2026-08-31T15:28:31.815Z,2026-08-31T15:30:49.525Z
annotator_0048,session_0049,15.0,single/multi,human_bbox_annotation,3,ILSVRC2012_val_00048808.JPEG,isopod,,1.0,reject,unclear_image,[],0,500.0,375.0,2026-08-31T15:28:34.383Z,2026-08-31T15:30:49.525Z
annotator_0048,session_0049,16.0,single/multi,human_bbox_annotation,3,ILSVRC2012_val_00039027.JPEG,dot,,1.0,reject,unclear_label,[],0,500.0,375.0,2026-08-31T15:28:37.398Z,2026-08-31T15:30:49.525Z
annotator_0048,session_0049,17.0,single/multi,human_bbox_annotation,3,ILSVRC2012_val_00039795.JPEG,bare,,1.0,reject,unclear_label,[],0,250.0,168.0,2026-08-31T15:28:42.104Z,2026-08-31T15:30:49.525Z
annotator_0048,session_0049,19.0,multi,human_bbox_annotation,3,ILSVRC2012_val_00004709.JPEG,"brassiere, person",,2.0,reject,unclear_image,[],0,338.0,500.0,2026-08-31T15:28:48.079Z,2026-08-31T15:30:49.525Z
annotator_0048,session_0049,20.0,multi,human_bbox_annotation,3,ILSVRC2012_val_00006695.JPEG,"bow tie, ob oe, pearspn",,3.0,reject,unclear_image,[],0,867.0,996.0,2026-08-31T15:28:49.511Z,2026-08-31T15:30:49.525Z
annotator_0048,session_0049,21.0,multi,human_bbox_annotation,3,ILSVRC2012_val_00004048.JPEG,"croquet ball, flower pot, ping-pong ball",,3.0,reject,unclear_image,[],0,375.0,500.0,2026-08-31T15:28:51.423Z,2026-08-31T15:30:49.525Z
annotator_0048,session_0049,22.0,udacity,human_bbox_annotation,3,1478896071431847989.jpg,car,,1.0,reject,unclear_image,[],0,480.0,300.0,2026-08-31T15:28:56.719Z,2026-08-31T15:30:49.525Z
annotator_0048,session_0049,23.0,udacity,human_bbox_annotation,3,1478898995863305961.jpg,can,,1.0,reject,unclear_label,[],0,480.0,300.0,2026-08-31T15:28:59.215Z,2026-08-31T15:30:49.525Z
annotator_0048,session_0049,24.0,udacity,human_bbox_annotation,3,1478898087511960878.jpg,"car, track",,2.0,reject,unclear_label,[],0,480.0,300.0,2026-08-31T15:29:06.783Z,2026-08-31T15:30:49.525Z
annotator_0048,session_0049,25.0,single/solo,human_bbox_annotation,3,ILSVRC2013_val_00004426.JPEG,koala bear,,1.0,reject,unclear_image,[],0,332.0,500.0,2026-08-31T15:29:09.487Z,2026-08-31T15:30:49.525Z
annotator_0048,session_0049,26.0,single/solo,human_bbox_annotation,3,ILSVRC2013_val_00004383.JPEG,person,,1.0,reject,unclear_label,[],0,333.0,500.0,2026-08-31T15:29:14.246Z,2026-08-31T15:30:49.525Z
annotator_0048,session_0049,28.0,single/solo,human_bbox_annotation,3,ILSVRC2012_val_00043661.JPEG,sal t or pepper shaker,,1.0,reject,unclear_label,[],0,380.0,571.0,2026-08-31T15:29:24.719Z,2026-08-31T15:30:49.525Z
annotator_0048,session_0049,29.0,single/multi,human_bbox_annotation,3,ILSVRC2012_val_00029698.JPEG,bird,,1.0,bbox,,"[[149,40,427,366]]",1,500.0,375.0,2026-08-31T15:29:33.361Z,2026-08-31T15:30:49.525Z
annotator_0048,session_0049,30.0,single/multi,human_bbox_annotation,3,ILSVRC2013_val_00001740.JPEG,bicycl e,,1.0,reject,unclear_label,[],0,333.0,500.0,2026-08-31T15:29:37.033Z,2026-08-31T15:30:49.525Z
annotator_0048,session_0049,31.0,single/multi,human_bbox_annotation,3,ILSVRC2012_val_00035151.JPEG,burd,,1.0,reject,unclear_image,[],0,500.0,384.0,2026-08-31T15:29:40.129Z,2026-08-31T15:30:49.525Z
annotator_0048,session_0049,32.0,multi,human_bbox_annotation,3,ILSVRC2012_val_00026051.JPEG,"bookshelf, dog",,2.0,reject,unclear_image,[],0,415.0,500.0,2026-08-31T15:29:41.569Z,2026-08-31T15:30:49.525Z
annotator_0048,session_0049,33.0,multi,human_bbox_annotation,3,ILSVRC2012_val_00018814.JPEG,"croquet ball, person, pingpogg bawl",,3.0,bbox,,"[[145,268,201,320]]",1,500.0,417.0,2026-08-31T15:29:47.497Z,2026-08-31T15:30:49.525Z
annotator_0048,session_0049,34.0,multi,human_bbox_annotation,3,ILSVRC2012_val_00004068.JPEG,"axe, person",,2.0,reject,unclear_image,[],0,375.0,500.0,2026-08-31T15:29:49.809Z,2026-08-31T15:30:49.525Z
annotator_0048,session_0049,35.0,udacity,human_bbox_annotation,3,1478898087511960878.jpg,"car, truck",,2.0,reject,unclear_image,[],0,480.0,300.0,2026-08-31T15:29:52.425Z,2026-08-31T15:30:49.525Z
annotator_0048,session_0049,36.0,udacity,human_bbox_annotation,3,1478896071431847989.jpg,cav,,1.0,reject,unclear_image,[],0,480.0,300.0,2026-08-31T15:29:54.145Z,2026-08-31T15:30:49.525Z
annotator_0048,session_0049,37.0,udacity,human_bbox_annotation,3,1478895568695802824.jpg,car,,1.0,bbox,,"[[29,132,119,203]]",1,480.0,300.0,2026-08-31T15:29:58.121Z,2026-08-31T15:30:49.525Z
annotator_0048,session_0049,38.0,single/solo,human_bbox_annotation,3,ILSVRC2013_val_00001634.JPEG,table,,1.0,reject,unclear_image,[],0,500.0,500.0,2026-08-31T15:30:00.385Z,2026-08-31T15:30:49.525Z
annotator_0048,session_0049,39.0,single/solo,human_bbox_annotation,3,ILSVRC2012_val_00026917.JPEG,butterfly,,1.0,bbox,,"[[191,117,453,334]]",1,500.0,443.0,2026-08-31T15:30:04.553Z,2026-08-31T15:30:49.525Z
annotator_0048,session_0049,40.0,single/solo,human_bbox_annotation,3,ILSVRC2012_val_00024314.JPEG,sneak,,1.0,bbox,,"[[104,174,487,377]]",1,640.0,480.0,2026-08-31T15:30:09.864Z,2026-08-31T15:30:49.525Z
annotator_0048,session_0049,41.0,single/multi,human_bbox_annotation,3,ILSVRC2012_val_00035101.JPEG,zebra,,1.0,reject,unclear_image,[],0,500.0,421.0,2026-08-31T15:30:12.305Z,2026-08-31T15:30:49.525Z
annotator_0048,session_0049,42.0,single/multi,human_bbox_annotation,3,ILSVRC2012_val_00035612.JPEG,mokney,,1.0,bbox,,"[[50,33,357,470]]",1,500.0,500.0,2026-08-31T15:30:17.289Z,2026-08-31T15:30:49.525Z
annotator_0048,session_0049,43.0,single/multi,human_bbox_annotation,3,ILSVRC2012_val_00035457.JPEG,cart,,1.0,reject,unclear_label,[],0,624.0,396.0,2026-08-31T15:30:19.848Z,2026-08-31T15:30:49.525Z
annotator_0048,session_0049,44.0,multi,human_bbox_annotation,3,ILSVRC2012_val_00035378.JPEG,"bird, dog",,2.0,bbox,,"[[115,33,391,331]]",1,500.0,400.0,2026-08-31T15:30:25.464Z,2026-08-31T15:30:49.525Z
annotator_0048,session_0049,45.0,multi,human_bbox_annotation,3,ILSVRC2012_val_00044472.JPEG,"hat with a wide brim, person",,2.0,reject,unclear_label,[],0,375.0,500.0,2026-08-31T15:30:28.346Z,2026-08-31T15:30:49.525Z
annotator_0048,session_0049,46.0,multi,human_bbox_annotation,3,ILSVRC2013_val_00003860.JPEG,"digital clock, person",,2.0,reject,unclear_label,[],0,500.0,500.0,2026-08-31T15:30:37.371Z,2026-08-31T15:30:49.525Z
annotator_0048,session_0049,47.0,udacity,human_bbox_annotation,3,1478732233783674595.jpg,car,,1.0,reject,unclear_label,[],0,480.0,300.0,2026-08-31T15:30:40.794Z,2026-08-31T15:30:49.525Z
annotator_0048,session_0049,48.0,udacity,human_bbox_annotation,3,1479501447174309879.jpg,car,,1.0,bbox,,"[[11,78,354,255]]",1,480.0,300.0,2026-08-31T15:30:45.130Z,2026-08-31T15:30:49.525Z
annotator_0048,session_0049,49.0,udacity,human_bbox_annotation,3,1479500714623724165.jpg,car,,1.0,bbox,,"[[46,126,169,238]]",1,480.0,300.0,2026-08-31T15:30:48.107Z,2026-08-31T15:30:49.525Z
annotator_0049,session_0050,,single/solo,human_bbox_annotation,3,ILSVRC2012_val_00006233.JPEG,diaper,,1.0,bbox,,"[[128,197,255,363]]",1,375.0,500.0,2026-08-31T15:30:15.655Z,2026-08-31T15:36:07.539Z
annotator_0049,session_0050,1.0,single/solo,human_bbox_annotation,3,ILSVRC2012_val_00010994.JPEG,dot,,1.0,skip,,[],0,500.0,375.0,2026-08-31T15:30:20.458Z,2026-08-31T15:36:07.539Z
annotator_0049,session_0050,2.0,single/solo,human_bbox_annotation,3,ILSVRC2012_val_00047845.JPEG,sneak,,1.0,skip,,[],0,500.0,375.0,2026-08-31T15:30:24.100Z,2026-08-31T15:36:07.539Z
annotator_0049,session_0050,3.0,single/multi,human_bbox_annotation,3,ILSVRC2012_val_00041903.JPEG,salt or pepper shaker,,1.0,bbox,,"[[92,303,400,797]]",1,582.0,815.0,2026-08-31T15:30:28.416Z,2026-08-31T15:36:07.539Z
annotator_0049,session_0050,4.0,single/multi,human_bbox_annotation,3,ILSVRC2012_val_00044520.JPEG,iuod,,1.0,skip,,[],0,500.0,241.0,2026-08-31T15:30:32.581Z,2026-08-31T15:36:07.539Z
annotator_0049,session_0050,5.0,single/multi,human_bbox_annotation,3,ILSVRC2012_val_00004401.JPEG,islpod,,1.0,bbox,,"[[26,173,336,488]]",1,375.0,500.0,2026-08-31T15:30:37.276Z,2026-08-31T15:36:07.539Z
annotator_0049,session_0050,6.0,multi,human_bbox_annotation,3,ILSVRC2012_val_00022857.JPEG,"dog, person",,2.0,bbox,,"[[26,75,295,371],[360,7,492,360]]",2,500.0,375.0,2026-08-31T15:30:56.161Z,2026-08-31T15:36:07.539Z
annotator_0049,session_0050,7.0,multi,human_bbox_annotation,3,ILSVRC2012_val_00039154.JPEG,"pirson, racket",,2.0,bbox,,"[[273,200,349,367]]",1,500.0,376.0,2026-08-31T15:31:01.931Z,2026-08-31T15:36:07.539Z
annotator_0049,session_0050,8.0,multi,human_bbox_annotation,3,ILSVRC2012_val_00030479.JPEG,"dog, individual",,2.0,bbox,,"[[72,95,346,282]]",1,500.0,375.0,2026-08-31T15:31:07.935Z,2026-08-31T15:36:07.539Z
annotator_0049,session_0050,9.0,udacity,human_bbox_annotation,3,1479501431172538806.jpg,car,,1.0,bbox,,"[[121,91,450,229]]",1,480.0,300.0,2026-08-31T15:31:12.166Z,2026-08-31T15:36:07.539Z
annotator_0049,session_0050,10.0,udacity,human_bbox_annotation,3,1479501447174309879.jpg,cab,,1.0,bbox,,"[[-4,80,375,244]]",1,480.0,300.0,2026-08-31T15:31:19.710Z,2026-08-31T15:36:07.539Z
annotator_0049,session_0050,11.0,udacity,human_bbox_annotation,3,1479503322799978016.jpg,car,,1.0,bbox,,"[[141,89,329,265],[401,120,487,200],[2,108,123,247]]",3,480.0,300.0,2026-08-31T15:31:29.136Z,2026-08-31T15:36:07.539Z
annotator_0049,session_0050,13.0,single/solo,human_bbox_annotation,3,ILSVRC2012_val_00031771.JPEG,croquet ball,,1.0,bbox,,"[[171,132,289,231]]",1,500.0,333.0,2026-08-31T15:31:45.045Z,2026-08-31T15:36:07.539Z
annotator_0049,session_0050,14.0,single/solo,human_bbox_annotation,3,ILSVRC2012_val_00032258.JPEG,golf fihs,,1.0,bbox,,"[[108,64,436,337]]",1,500.0,375.0,2026-08-31T15:31:50.141Z,2026-08-31T15:36:07.539Z
annotator_0049,session_0050,15.0,single/solo,human_bbox_annotation,3,ILSVRC2012_val_00013465.JPEG,hippopotamus,,1.0,bbox,,"[[36,147,294,338]]",1,396.0,500.0,2026-08-31T15:31:54.995Z,2026-08-31T15:36:07.539Z
annotator_0049,session_0050,17.0,single/multi,human_bbox_annotation,3,ILSVRC2012_val_00048808.JPEG,isopod,,1.0,bbox,,"[[338,151,488,339],[149,92,315,276],[8,141,143,360]]",3,500.0,375.0,2026-08-31T15:32:14.755Z,2026-08-31T15:36:07.539Z
annotator_0049,session_0050,18.0,single/multi,human_bbox_annotation,3,ILSVRC2012_val_00039027.JPEG,dot,,1.0,skip,,[],0,500.0,375.0,2026-08-31T15:32:18.615Z,2026-08-31T15:36:07.539Z
annotator_0049,session_0050,19.0,single/multi,human_bbox_annotation,3,ILSVRC2012_val_00039795.JPEG,bare,,1.0,bbox,,"[[19,6,233,153]]",1,250.0,168.0,2026-08-31T15:32:23.516Z,2026-08-31T15:36:07.539Z
annotator_0049,session_0050,20.0,multi,human_bbox_annotation,3,ILSVRC2012_val_00004709.JPEG,"brassiere, person",,2.0,bbox,,"[[50,272,263,354]]",1,338.0,500.0,2026-08-31T15:32:28.465Z,2026-08-31T15:36:07.539Z
annotator_0049,session_0050,21.0,multi,human_bbox_annotation,3,ILSVRC2012_val_00006695.JPEG,"bow tie, ob oe, pearspn",,3.0,bbox,,"[[61,4,845,978]]",1,867.0,996.0,2026-08-31T15:32:35.695Z,2026-08-31T15:36:07.539Z
annotator_0049,session_0050,22.0,multi,human_bbox_annotation,3,ILSVRC2012_val_00004048.JPEG,"croquet ball, flower pot, ping-pong ball",,3.0,bbox,,"[[174,220,224,351],[4,186,72,282],[89,182,156,274]]",3,375.0,500.0,2026-08-31T15:32:56.960Z,2026-08-31T15:36:07.539Z
annotator_0049,session_0050,23.0,udacity,human_bbox_annotation,3,1478896071431847989.jpg,car,,1.0,bbox,,"[[408,87,486,222]]",1,480.0,300.0,2026-08-31T15:33:01.197Z,2026-08-31T15:36:07.539Z
annotator_0049,session_0050,24.0,udacity,human_bbox_annotation,3,1478898995863305961.jpg,can,,1.0,skip,,[],0,480.0,300.0,2026-08-31T15:33:03.791Z,2026-08-31T15:36:07.539Z
annotator_0049,session_0050,25.0,udacity,human_bbox_annotation,3,1478898087511960878.jpg,"car, track",,2.0,bbox,,"[[30,83,261,269]]",1,480.0,300.0,2026-08-31T15:33:09.796Z,2026-08-31T15:36:07.539Z
annotator_0049,session_0050,26.0,single/solo,human_bbox_annotation,3,ILSVRC2013_val_00004426.JPEG,koala bear,,1.0,bbox,,"[[14,67,317,494]]",1,332.0,500.0,2026-08-31T15:33:15.476Z,2026-08-31T15:36:07.539Z
annotator_0049,session_0050,27.0,single/solo,human_bbox_annotation,3,ILSVRC2013_val_00004383.JPEG,person,,1.0,bbox,,"[[19,23,305,440]]",1,333.0,500.0,2026-08-31T15:33:20.161Z,2026-08-31T15:36:07.539Z
annotator_0049,session_0050,28.0,single/solo,human_bbox_annotation,3,ILSVRC2012_val_00043661.JPEG,sal t or pepper shaker,,1.0,bbox,,"[[47,53,328,485]]",1,380.0,571.0,2026-08-31T15:33:26.271Z,2026-08-31T15:36:07.539Z
annotator_0049,session_0050,29.0,single/multi,human_bbox_annotation,3,ILSVRC2012_val_00029698.JPEG,bird,,1.0,bbox,,"[[43,15,458,346]]",1,500.0,375.0,2026-08-31T15:33:31.322Z,2026-08-31T15:36:07.539Z
annotator_0049,session_0050,30.0,single/multi,human_bbox_annotation,3,ILSVRC2013_val_00001740.JPEG,bicycl e,,1.0,bbox,,"[[221,196,361,373]]",1,333.0,500.0,2026-08-31T15:33:35.876Z,2026-08-31T15:36:07.539Z
annotator_0049,session_0050,31.0,single/multi,human_bbox_annotation,3,ILSVRC2012_val_00035151.JPEG,burd,,1.0,skip,,[],0,500.0,384.0,2026-08-31T15:33:39.656Z,2026-08-31T15:36:07.539Z
annotator_0049,session_0050,32.0,multi,human_bbox_annotation,3,ILSVRC2012_val_00026051.JPEG,"bookshelf, dog",,2.0,bbox,,"[[10,62,324,479]]",1,415.0,500.0,2026-08-31T15:33:44.576Z,2026-08-31T15:36:07.539Z
annotator_0049,session_0050,33.0,multi,human_bbox_annotation,3,ILSVRC2012_val_00018814.JPEG,"croquet ball, person, pingpogg bawl",,3.0,skip,,[],0,500.0,417.0,2026-08-31T15:33:52.096Z,2026-08-31T15:36:07.539Z
annotator_0049,session_0050,34.0,multi,human_bbox_annotation,3,ILSVRC2012_val_00004068.JPEG,"axe, person",,2.0,bbox,,"[[27,138,381,483]]",1,375.0,500.0,2026-08-31T15:33:57.721Z,2026-08-31T15:36:07.539Z
annotator_0049,session_0050,35.0,udacity,human_bbox_annotation,3,1478898087511960878.jpg,"car, truck",,2.0,bbox,,"[[33,72,273,264]]",1,480.0,300.0,2026-08-31T15:34:07.526Z,2026-08-31T15:36:07.539Z
annotator_0049,session_0050,36.0,udacity,human_bbox_annotation,3,1478896071431847989.jpg,cav,,1.0,skip,,[],0,480.0,300.0,2026-08-31T15:34:11.083Z,2026-08-31T15:36:07.539Z
annotator_0049,session_0050,37.0,udacity,human_bbox_annotation,3,1478895568695802824.jpg,car,,1.0,bbox,,"[[19,137,131,208]]",1,480.0,300.0,2026-08-31T15:34:15.240Z,2026-08-31T15:36:07.539Z
annotator_0049,session_0050,38.0,single/solo,human_bbox_annotation,3,ILSVRC2013_val_00001634.JPEG,table,,1.0,bbox,,"[[19,35,409,497]]",1,500.0,500.0,2026-08-31T15:34:23.957Z,2026-08-31T15:36:07.539Z
annotator_0049,session_0050,39.0,single/solo,human_bbox_annotation,3,ILSVRC2012_val_00026917.JPEG,butterfly,,1.0,bbox,,"[[198,69,467,369]]",1,500.0,443.0,2026-08-31T15:34:31.241Z,2026-08-31T15:36:07.539Z
annotator_0049,session_0050,40.0,single/solo,human_bbox_annotation,3,ILSVRC2012_val_00024314.JPEG,sneak,,1.0,skip,,[],0,640.0,480.0,2026-08-31T15:34:35.716Z,2026-08-31T15:36:07.539Z
annotator_0049,session_0050,41.0,single/multi,human_bbox_annotation,3,ILSVRC2012_val_00035101.JPEG,zebra,,1.0,bbox,,"[[9,5,506,416]]",1,500.0,421.0,2026-08-31T15:34:42.696Z,2026-08-31T15:36:07.539Z
annotator_0049,session_0050,42.0,single/multi,human_bbox_annotation,3,ILSVRC2012_val_00035612.JPEG,mokney,,1.0,bbox,,"[[34,29,457,490]]",1,500.0,500.0,2026-08-31T15:34:48.101Z,2026-08-31T15:36:07.539Z
annotator_0049,session_0050,43.0,single/multi,human_bbox_annotation,3,ILSVRC2012_val_00035457.JPEG,cart,,1.0,bbox,,"[[8,72,212,162],[194,47,609,371]]",2,624.0,396.0,2026-08-31T15:35:09.858Z,2026-08-31T15:36:07.539Z
annotator_0049,session_0050,44.0,multi,human_bbox_annotation,3,ILSVRC2012_val_00035378.JPEG,"bird, dog",,2.0,bbox,,"[[60,17,424,380]]",1,500.0,400.0,2026-08-31T15:35:17.212Z,2026-08-31T15:36:07.539Z
annotator_0049,session_0050,45.0,multi,human_bbox_annotation,3,ILSVRC2012_val_00044472.JPEG,"hat with a wide brim, person",,2.0,bbox,,"[[8,2,362,462]]",1,375.0,500.0,2026-08-31T15:35:32.962Z,2026-08-31T15:36:07.539Z
annotator_0049,session_0050,46.0,multi,human_bbox_annotation,3,ILSVRC2013_val_00003860.JPEG,"digital clock, person",,2.0,bbox,,"[[11,73,153,198],[255,36,490,494]]",2,500.0,500.0,2026-08-31T15:35:43.287Z,2026-08-31T15:36:07.539Z
annotator_0049,session_0050,47.0,udacity,human_bbox_annotation,3,1478732233783674595.jpg,car,,1.0,reject,unclear_image,[],0,480.0,300.0,2026-08-31T15:35:47.552Z,2026-08-31T15:36:07.539Z
annotator_0049,session_0050,48.0,udacity,human_bbox_annotation,3,1479501447174309879.jpg,car,,1.0,bbox,,"[[15,101,368,234]]",1,480.0,300.0,2026-08-31T15:35:57.862Z,2026-08-31T15:36:07.539Z
annotator_0049,session_0050,49.0,udacity,human_bbox_annotation,3,1479500714623724165.jpg,car,,1.0,bbox,,"[[77,127,180,202],[4,142,64,199]]",2,480.0,300.0,2026-08-31T15:36:05.317Z,2026-08-31T15:36:07.539Z
annotator_0050,session_0051,,single/solo,human_bbox_annotation,3,ILSVRC2012_val_00006233.JPEG,diaper,,1.0,reject,unclear_label,[],0,375.0,500.0,2026-08-31T15:25:54.195Z,2026-08-31T15:40:09.758Z
annotator_0050,session_0051,1.0,single/solo,human_bbox_annotation,3,ILSVRC2012_val_00010994.JPEG,dot,,1.0,bbox,,"[[301,113,499,377]]",1,500.0,375.0,2026-08-31T15:28:36.346Z,2026-08-31T15:40:09.758Z
annotator_0050,session_0051,2.0,single/solo,human_bbox_annotation,3,ILSVRC2012_val_00047845.JPEG,sneak,,1.0,bbox,,"[[162,146,394,225],[23,230,109,284],[81,175,184,236]]",3,500.0,375.0,2026-08-31T15:29:25.817Z,2026-08-31T15:40:09.758Z
annotator_0050,session_0051,3.0,single/multi,human_bbox_annotation,3,ILSVRC2012_val_00041903.JPEG,salt or pepper shaker,,1.0,bbox,,"[[100,301,364,823]]",1,582.0,815.0,2026-08-31T15:29:38.665Z,2026-08-31T15:40:09.758Z
annotator_0050,session_0051,4.0,single/multi,human_bbox_annotation,3,ILSVRC2012_val_00044520.JPEG,iuod,,1.0,bbox,,"[[63,41,202,208],[206,31,349,214],[357,26,487,215]]",3,500.0,241.0,2026-08-31T15:29:58.585Z,2026-08-31T15:40:09.758Z
annotator_0050,session_0051,5.0,single/multi,human_bbox_annotation,3,ILSVRC2012_val_00004401.JPEG,islpod,,1.0,bbox,,"[[155,164,339,454],[33,265,251,465]]",2,375.0,500.0,2026-08-31T15:30:13.369Z,2026-08-31T15:40:09.758Z
annotator_0050,session_0051,6.0,multi,human_bbox_annotation,3,ILSVRC2012_val_00022857.JPEG,"dog, person",,2.0,bbox,,"[[1,223,264,378],[103,79,310,220],[282,104,399,333],[404,64,498,348]]",4,500.0,375.0,2026-08-31T15:30:43.257Z,2026-08-31T15:40:09.758Z
annotator_0050,session_0051,8.0,multi,human_bbox_annotation,3,ILSVRC2012_val_00039154.JPEG,"pirson, racket",,2.0,bbox,,"[[39,17,264,378],[282,177,339,375]]",2,500.0,376.0,2026-08-31T15:31:21.176Z,2026-08-31T15:40:09.758Z
annotator_0050,session_0051,9.0,multi,human_bbox_annotation,3,ILSVRC2012_val_00030479.JPEG,"dog, individual",,2.0,bbox,,"[[52,93,355,288]]",1,500.0,375.0,2026-08-31T15:31:34.144Z,2026-08-31T15:40:09.758Z
annotator_0050,session_0051,10.0,udacity,human_bbox_annotation,3,1479501431172538806.jpg,car,,1.0,bbox,,"[[123,105,421,224]]",1,480.0,300.0,2026-08-31T15:31:39.560Z,2026-08-31T15:40:09.758Z
annotator_0050,session_0051,11.0,udacity,human_bbox_annotation,3,1479501447174309879.jpg,cab,,1.0,bbox,,"[[8,104,346,242]]",1,480.0,300.0,2026-08-31T15:31:48.224Z,2026-08-31T15:40:09.758Z
annotator_0050,session_0051,12.0,udacity,human_bbox_annotation,3,1479503322799978016.jpg,car,,1.0,bbox,,"[[144,99,337,250],[400,124,473,200],[1,113,102,229],[5,266,479,306]]",4,480.0,300.0,2026-08-31T15:32:01.136Z,2026-08-31T15:40:09.758Z
annotator_0050,session_0051,13.0,single/solo,human_bbox_annotation,3,ILSVRC2012_val_00031771.JPEG,croquet ball,,1.0,bbox,,"[[166,137,288,230]]",1,500.0,333.0,2026-08-31T15:32:07.872Z,2026-08-31T15:40:09.758Z
annotator_0050,session_0051,14.0,single/solo,human_bbox_annotation,3,ILSVRC2012_val_00032258.JPEG,golf fihs,,1.0,bbox,,"[[137,68,423,340]]",1,500.0,375.0,2026-08-31T15:32:15.720Z,2026-08-31T15:40:09.758Z
annotator_0050,session_0051,15.0,single/solo,human_bbox_annotation,3,ILSVRC2012_val_00013465.JPEG,hippopotamus,,1.0,bbox,,"[[40,166,248,342]]",1,396.0,500.0,2026-08-31T15:32:21.489Z,2026-08-31T15:40:09.758Z
annotator_0050,session_0051,16.0,single/multi,human_bbox_annotation,3,ILSVRC2012_val_00048808.JPEG,isopod,,1.0,bbox,,"[[351,137,464,357],[24,156,151,365],[161,97,311,248]]",3,500.0,375.0,2026-08-31T15:32:36.264Z,2026-08-31T15:40:09.758Z
annotator_0050,session_0051,17.0,single/multi,human_bbox_annotation,3,ILSVRC2012_val_00039027.JPEG,dot,,1.0,bbox,,"[[48,41,193,297],[224,147,486,344]]",2,500.0,375.0,2026-08-31T15:32:48.032Z,2026-08-31T15:40:09.758Z
annotator_0050,session_0051,18.0,single/multi,human_bbox_annotation,3,ILSVRC2012_val_00039795.JPEG,bare,,1.0,bbox,,"[[30,19,218,159]]",1,250.0,168.0,2026-08-31T15:32:56.712Z,2026-08-31T15:40:09.758Z
annotator_0050,session_0051,19.0,multi,human_bbox_annotation,3,ILSVRC2012_val_00004709.JPEG,"brassiere, person",,2.0,bbox,,"[[64,11,260,342],[23,141,339,494]]",2,338.0,500.0,2026-08-31T15:33:17.704Z,2026-08-31T15:40:09.758Z
annotator_0050,session_0051,20.0,multi,human_bbox_annotation,3,ILSVRC2012_val_00006695.JPEG,"bow tie, ob oe, pearspn",,3.0,bbox,,"[[362,1,857,421],[279,336,575,981],[634,497,864,983]]",3,867.0,996.0,2026-08-31T15:33:46.175Z,2026-08-31T15:40:09.758Z
annotator_0050,session_0051,21.0,multi,human_bbox_annotation,3,ILSVRC2012_val_00004048.JPEG,"croquet ball, flower pot, ping-pong ball",,3.0,bbox,,"[[178,221,218,354],[22,188,74,272],[7,239,33,335],[24,54,364,184]]",4,375.0,500.0,2026-08-31T15:34:15.121Z,2026-08-31T15:40:09.758Z
annotator_0050,session_0051,22.0,udacity,human_bbox_annotation,3,1478896071431847989.jpg,car,,1.0,bbox,,"[[414,83,489,218]]",1,480.0,300.0,2026-08-31T15:34:19.223Z,2026-08-31T15:40:09.758Z
annotator_0050,session_0051,23.0,udacity,human_bbox_annotation,3,1478898995863305961.jpg,can,,1.0,bbox,,"[[142,121,253,223]]",1,480.0,300.0,2026-08-31T15:34:22.735Z,2026-08-31T15:40:09.758Z
annotator_0050,session_0051,24.0,udacity,human_bbox_annotation,3,1478898087511960878.jpg,"car, track",,2.0,bbox,,"[[46,82,252,277],[273,38,462,211]]",2,480.0,300.0,2026-08-31T15:34:35.263Z,2026-08-31T15:40:09.758Z
annotator_0050,session_0051,25.0,single/solo,human_bbox_annotation,3,ILSVRC2013_val_00004426.JPEG,koala bear,,1.0,bbox,,"[[46,77,263,291]]",1,332.0,500.0,2026-08-31T15:34:50.375Z,2026-08-31T15:40:09.758Z
annotator_0050,session_0051,26.0,single/solo,human_bbox_annotation,3,ILSVRC2013_val_00004383.JPEG,person,,1.0,bbox,,"[[15,31,321,504]]",1,333.0,500.0,2026-08-31T15:34:58.412Z,2026-08-31T15:40:09.758Z
annotator_0050,session_0051,27.0,single/solo,human_bbox_annotation,3,ILSVRC2012_val_00043661.JPEG,sal t or pepper shaker,,1.0,bbox,,"[[77,52,319,477]]",1,380.0,571.0,2026-08-31T15:35:03.807Z,2026-08-31T15:40:09.758Z
annotator_0050,session_0051,28.0,single/multi,human_bbox_annotation,3,ILSVRC2012_val_00029698.JPEG,bird,,1.0,bbox,,"[[103,20,435,320]]",1,500.0,375.0,2026-08-31T15:35:22.088Z,2026-08-31T15:40:09.758Z
annotator_0050,session_0051,29.0,single/multi,human_bbox_annotation,3,ILSVRC2013_val_00001740.JPEG,bicycl e,,1.0,bbox,,"[[221,194,333,345]]",1,333.0,500.0,2026-08-31T15:35:30.311Z,2026-08-31T15:40:09.758Z
annotator_0050,session_0051,30.0,single/multi,human_bbox_annotation,3,ILSVRC2012_val_00035151.JPEG,burd,,1.0,bbox,,"[[5,37,408,380]]",1,500.0,384.0,2026-08-31T15:35:38.465Z,2026-08-31T15:40:09.758Z
annotator_0050,session_0051,31.0,multi,human_bbox_annotation,3,ILSVRC2012_val_00026051.JPEG,"bookshelf, dog",,2.0,bbox,,"[[89,85,322,456]]",1,415.0,500.0,2026-08-31T15:35:50.703Z,2026-08-31T15:40:09.758Z
annotator_0050,session_0051,32.0,multi,human_bbox_annotation,3,ILSVRC2012_val_00018814.JPEG,"croquet ball, person, pingpogg bawl",,3.0,bbox,,"[[156,260,212,340],[-12,8,160,317],[116,71,404,401]]",3,500.0,417.0,2026-08-31T15:36:11.398Z,2026-08-31T15:40:09.758Z
annotator_0050,session_0051,33.0,multi,human_bbox_annotation,3,ILSVRC2012_val_00004068.JPEG,"axe, person",,2.0,bbox,,"[[91,258,372,499],[-24,-1,158,137]]",2,375.0,500.0,2026-08-31T15:36:28.510Z,2026-08-31T15:40:09.758Z
annotator_0050,session_0051,34.0,udacity,human_bbox_annotation,3,1478898087511960878.jpg,"car, truck",,2.0,bbox,,"[[34,95,247,271],[256,21,465,203]]",2,480.0,300.0,2026-08-31T15:36:36.142Z,2026-08-31T15:40:09.758Z
annotator_0050,session_0051,35.0,udacity,human_bbox_annotation,3,1478896071431847989.jpg,cav,,1.0,bbox,,"[[407,76,478,221]]",1,480.0,300.0,2026-08-31T15:36:49.966Z,2026-08-31T15:40:09.758Z
annotator_0050,session_0051,36.0,udacity,human_bbox_annotation,3,1478895568695802824.jpg,car,,1.0,bbox,,"[[31,145,120,207]]",1,480.0,300.0,2026-08-31T15:36:54.278Z,2026-08-31T15:40:09.758Z
annotator_0050,session_0051,37.0,single/solo,human_bbox_annotation,3,ILSVRC2013_val_00001634.JPEG,table,,1.0,bbox,,"[[42,7,345,519]]",1,500.0,500.0,2026-08-31T15:37:04.406Z,2026-08-31T15:40:09.758Z
annotator_0050,session_0051,38.0,single/solo,human_bbox_annotation,3,ILSVRC2012_val_00026917.JPEG,butterfly,,1.0,bbox,,"[[179,60,449,359]]",1,500.0,443.0,2026-08-31T15:37:10.574Z,2026-08-31T15:40:09.758Z
annotator_0050,session_0051,39.0,single/solo,human_bbox_annotation,3,ILSVRC2012_val_00024314.JPEG,sneak,,1.0,bbox,,"[[110,181,498,401]]",1,640.0,480.0,2026-08-31T15:37:17.062Z,2026-08-31T15:40:09.758Z
annotator_0050,session_0051,40.0,single/multi,human_bbox_annotation,3,ILSVRC2012_val_00035101.JPEG,zebra,,1.0,bbox,,"[[-21,19,271,224],[-28,110,355,416],[4,4,499,416]]",3,500.0,421.0,2026-08-31T15:37:33.526Z,2026-08-31T15:40:09.758Z
annotator_0050,session_0051,41.0,single/multi,human_bbox_annotation,3,ILSVRC2012_val_00035612.JPEG,mokney,,1.0,bbox,,"[[33,38,340,468]]",1,500.0,500.0,2026-08-31T15:37:39.031Z,2026-08-31T15:40:09.758Z
annotator_0050,session_0051,42.0,single/multi,human_bbox_annotation,3,ILSVRC2012_val_00035457.JPEG,cart,,1.0,bbox,,"[[152,15,611,358],[13,3,194,197]]",2,624.0,396.0,2026-08-31T15:37:59.326Z,2026-08-31T15:40:09.758Z
annotator_0050,session_0051,44.0,multi,human_bbox_annotation,3,ILSVRC2012_val_00035378.JPEG,"bird, dog",,2.0,bbox,,"[[88,107,396,290],[112,5,406,378]]",2,500.0,400.0,2026-08-31T15:38:32.174Z,2026-08-31T15:40:09.758Z
annotator_0050,session_0051,45.0,multi,human_bbox_annotation,3,ILSVRC2012_val_00044472.JPEG,"hat with a wide brim, person",,2.0,bbox,,"[[-3,3,380,152],[141,-9,377,473]]",2,375.0,500.0,2026-08-31T15:39:08.461Z,2026-08-31T15:40:09.758Z
annotator_0050,session_0051,46.0,multi,human_bbox_annotation,3,ILSVRC2013_val_00003860.JPEG,"digital clock, person",,2.0,bbox,,"[[78,27,191,298],[186,51,488,492]]",2,500.0,500.0,2026-08-31T15:39:29.421Z,2026-08-31T15:40:09.758Z
annotator_0050,session_0051,47.0,udacity,human_bbox_annotation,3,1478732233783674595.jpg,car,,1.0,bbox,,"[[314,110,390,192],[155,125,233,190],[264,115,302,204],[110,109,186,198]]",4,480.0,300.0,2026-08-31T15:39:43.629Z,2026-08-31T15:40:09.758Z
annotator_0050,session_0051,48.0,udacity,human_bbox_annotation,3,1479501447174309879.jpg,car,,1.0,bbox,,"[[1,85,370,233]]",1,480.0,300.0,2026-08-31T15:39:58.597Z,2026-08-31T15:40:09.758Z
annotator_0050,session_0051,49.0,udacity,human_bbox_annotation,3,1479500714623724165.jpg,car,,1.0,bbox,,"[[75,123,186,236],[3,120,68,216]]",2,480.0,300.0,2026-08-31T15:40:06.541Z,2026-08-31T15:40:09.758Z
annotator_0051,session_0052,,single/solo,human_bbox_annotation,3,ILSVRC2012_val_00006233.JPEG,diaper,,1.0,bbox,,"[[133,208,246,332]]",1,375.0,500.0,2026-08-31T15:39:50.690Z,2026-08-31T15:55:21.402Z
annotator_0051,session_0052,1.0,single/solo,human_bbox_annotation,3,ILSVRC2012_val_00010994.JPEG,dot,,1.0,reject,unclear_label,[],0,500.0,375.0,2026-08-31T15:49:56.455Z,2026-08-31T15:55:21.402Z
annotator_0051,session_0052,2.0,single/solo,human_bbox_annotation,3,ILSVRC2012_val_00047845.JPEG,sneak,,1.0,reject,unclear_label,[],0,500.0,375.0,2026-08-31T15:50:02.855Z,2026-08-31T15:55:21.402Z
annotator_0051,session_0052,3.0,single/multi,human_bbox_annotation,3,ILSVRC2012_val_00041903.JPEG,salt or pepper shaker,,1.0,bbox,,"[[111,304,364,807]]",1,582.0,815.0,2026-08-31T15:50:09.776Z,2026-08-31T15:55:21.402Z
annotator_0051,session_0052,4.0,single/multi,human_bbox_annotation,3,ILSVRC2012_val_00044520.JPEG,iuod,,1.0,reject,unclear_label,[],0,500.0,241.0,2026-08-31T15:50:13.026Z,2026-08-31T15:55:21.402Z
annotator_0051,session_0052,5.0,single/multi,human_bbox_annotation,3,ILSVRC2012_val_00004401.JPEG,islpod,,1.0,reject,unclear_label,[],0,375.0,500.0,2026-08-31T15:50:15.842Z,2026-08-31T15:55:21.402Z
annotator_0051,session_0052,6.0,multi,human_bbox_annotation,3,ILSVRC2012_val_00022857.JPEG,"dog, person",,2.0,bbox,,"[[4,94,267,367],[278,124,491,286],[372,5,505,373]]",3,500.0,375.0,2026-08-31T15:50:28.034Z,2026-08-31T15:55:21.402Z
annotator_0051,session_0052,7.0,multi,human_bbox_annotation,3,ILSVRC2012_val_00039154.JPEG,"pirson, racket",,2.0,bbox,,"[[45,23,319,378],[272,207,334,376]]",2,500.0,376.0,2026-08-31T15:50:46.965Z,2026-08-31T15:55:21.402Z
annotator_0051,session_0052,8.0,multi,human_bbox_annotation,3,ILSVRC2012_val_00030479.JPEG,"dog, individual",,2.0,bbox,,"[[59,91,383,287],[382,1,480,98]]",2,500.0,375.0,2026-08-31T15:50:54.288Z,2026-08-31T15:55:21.402Z
annotator_0051,session_0052,9.0,udacity,human_bbox_annotation,3,1479501431172538806.jpg,car,,1.0,bbox,,"[[117,94,422,232],[41,263,432,307]]",2,480.0,300.0,2026-08-31T15:51:02.107Z,2026-08-31T15:55:21.402Z
annotator_0051,session_0052,10.0,udacity,human_bbox_annotation,3,1479501447174309879.jpg,cab,,1.0,reject,unclear_label,[],0,480.0,300.0,2026-08-31T15:51:12.342Z,2026-08-31T15:55:21.402Z
annotator_0051,session_0052,11.0,udacity,human_bbox_annotation,3,1479503322799978016.jpg,car,,1.0,bbox,,"[[148,95,324,256],[397,121,473,199],[3,114,101,237],[7,272,476,298]]",4,480.0,300.0,2026-08-31T15:51:23.611Z,2026-08-31T15:55:21.402Z
annotator_0051,session_0052,12.0,single/solo,human_bbox_annotation,3,ILSVRC2012_val_00031771.JPEG,croquet ball,,1.0,bbox,,"[[179,136,285,236]]",1,500.0,333.0,2026-08-31T15:51:27.628Z,2026-08-31T15:55:21.402Z
annotator_0051,session_0052,13.0,single/solo,human_bbox_annotation,3,ILSVRC2012_val_00032258.JPEG,golf fihs,,1.0,reject,unclear_label,[],0,500.0,375.0,2026-08-31T15:51:31.096Z,2026-08-31T15:55:21.402Z
annotator_0051,session_0052,14.0,single/solo,human_bbox_annotation,3,ILSVRC2012_val_00013465.JPEG,hippopotamus,,1.0,bbox,,"[[47,166,267,343]]",1,396.0,500.0,2026-08-31T15:51:34.425Z,2026-08-31T15:55:21.402Z
annotator_0051,session_0052,15.0,single/multi,human_bbox_annotation,3,ILSVRC2012_val_00048808.JPEG,isopod,,1.0,bbox,,"[[160,155,286,253]]",1,500.0,375.0,2026-08-31T15:51:42.426Z,2026-08-31T15:55:21.402Z
annotator_0051,session_0052,16.0,single/multi,human_bbox_annotation,3,ILSVRC2012_val_00039027.JPEG,dot,,1.0,reject,unclear_label,[],0,500.0,375.0,2026-08-31T15:51:45.992Z,2026-08-31T15:55:21.402Z
annotator_0051,session_0052,17.0,single/multi,human_bbox_annotation,3,ILSVRC2012_val_00039795.JPEG,bare,,1.0,reject,unclear_label,[],0,250.0,168.0,2026-08-31T15:51:49.010Z,2026-08-31T15:55:21.402Z
annotator_0051,session_0052,18.0,multi,human_bbox_annotation,3,ILSVRC2012_val_00004709.JPEG,"brassiere, person",,2.0,reject,unclear_image,[],0,338.0,500.0,2026-08-31T15:52:10.734Z,2026-08-31T15:55:21.402Z
annotator_0051,session_0052,19.0,multi,human_bbox_annotation,3,ILSVRC2012_val_00006695.JPEG,"bow tie, ob oe, pearspn",,3.0,reject,unclear_label,[],0,867.0,996.0,2026-08-31T15:52:19.277Z,2026-08-31T15:55:21.402Z
annotator_0051,session_0052,20.0,multi,human_bbox_annotation,3,ILSVRC2012_val_00004048.JPEG,"croquet ball, flower pot, ping-pong ball",,3.0,reject,unclear_label,[],0,375.0,500.0,2026-08-31T15:52:21.710Z,2026-08-31T15:55:21.402Z
annotator_0051,session_0052,21.0,udacity,human_bbox_annotation,3,1478896071431847989.jpg,car,,1.0,bbox,,"[[408,94,499,213]]",1,480.0,300.0,2026-08-31T15:52:25.084Z,2026-08-31T15:55:21.402Z
annotator_0051,session_0052,22.0,udacity,human_bbox_annotation,3,1478898995863305961.jpg,can,,1.0,reject,unclear_label,[],0,480.0,300.0,2026-08-31T15:52:27.826Z,2026-08-31T15:55:21.402Z
annotator_0051,session_0052,23.0,udacity,human_bbox_annotation,3,1478898087511960878.jpg,"car, track",,2.0,bbox,,"[[49,76,255,268],[261,24,468,205]]",2,480.0,300.0,2026-08-31T15:52:35.976Z,2026-08-31T15:55:21.402Z
annotator_0051,session_0052,24.0,single/solo,human_bbox_annotation,3,ILSVRC2013_val_00004426.JPEG,koala bear,,1.0,bbox,,"[[25,64,334,513]]",1,332.0,500.0,2026-08-31T15:52:42.876Z,2026-08-31T15:55:21.402Z
annotator_0051,session_0052,25.0,single/solo,human_bbox_annotation,3,ILSVRC2013_val_00004383.JPEG,person,,1.0,reject,unclear_label,[],0,333.0,500.0,2026-08-31T15:52:48.118Z,2026-08-31T15:55:21.402Z
annotator_0051,session_0052,27.0,single/solo,human_bbox_annotation,3,ILSVRC2012_val_00043661.JPEG,sal t or pepper shaker,,1.0,bbox,,"[[87,48,316,474]]",1,380.0,571.0,2026-08-31T15:52:57.267Z,2026-08-31T15:55:21.402Z
annotator_0051,session_0052,28.0,single/multi,human_bbox_annotation,3,ILSVRC2012_val_00029698.JPEG,bird,,1.0,bbox,,"[[199,91,249,139],[81,34,422,307]]",2,500.0,375.0,2026-08-31T15:53:03.726Z,2026-08-31T15:55:21.402Z
annotator_0051,session_0052,29.0,single/multi,human_bbox_annotation,3,ILSVRC2013_val_00001740.JPEG,bicycl e,,1.0,bbox,,"[[220,238,353,342],[257,209,341,262]]",2,333.0,500.0,2026-08-31T15:53:23.592Z,2026-08-31T15:55:21.402Z
annotator_0051,session_0052,31.0,single/multi,human_bbox_annotation,3,ILSVRC2012_val_00035151.JPEG,burd,,1.0,reject,unclear_label,[],0,500.0,384.0,2026-08-31T15:53:29.818Z,2026-08-31T15:55:21.402Z
annotator_0051,session_0052,32.0,multi,human_bbox_annotation,3,ILSVRC2012_val_00026051.JPEG,"bookshelf, dog",,2.0,bbox,,"[[3,3,407,104],[7,82,296,446]]",2,415.0,500.0,2026-08-31T15:53:40.868Z,2026-08-31T15:55:21.402Z
annotator_0051,session_0052,33.0,multi,human_bbox_annotation,3,ILSVRC2012_val_00018814.JPEG,"croquet ball, person, pingpogg bawl",,3.0,reject,unclear_label,[],0,500.0,417.0,2026-08-31T15:53:43.285Z,2026-08-31T15:55:21.402Z
annotator_0051,session_0052,34.0,multi,human_bbox_annotation,3,ILSVRC2012_val_00004068.JPEG,"axe, person",,2.0,bbox,,"[[0,4,149,134],[93,249,372,499]]",2,375.0,500.0,2026-08-31T15:53:51.009Z,2026-08-31T15:55:21.402Z
annotator_0051,session_0052,35.0,udacity,human_bbox_annotation,3,1478898087511960878.jpg,"car, truck",,2.0,bbox,,"[[41,90,247,262],[263,35,467,205]]",2,480.0,300.0,2026-08-31T15:53:56.818Z,2026-08-31T15:55:21.402Z
annotator_0051,session_0052,36.0,udacity,human_bbox_annotation,3,1478896071431847989.jpg,cav,,1.0,reject,unclear_label,[],0,480.0,300.0,2026-08-31T15:53:59.651Z,2026-08-31T15:55:21.402Z
annotator_0051,session_0052,37.0,udacity,human_bbox_annotation,3,1478895568695802824.jpg,car,,1.0,bbox,,"[[26,133,120,200]]",1,480.0,300.0,2026-08-31T15:54:02.968Z,2026-08-31T15:55:21.402Z
annotator_0051,session_0052,38.0,single/solo,human_bbox_annotation,3,ILSVRC2013_val_00001634.JPEG,table,,1.0,bbox,,"[[10,7,415,499]]",1,500.0,500.0,2026-08-31T15:54:08.064Z,2026-08-31T15:55:21.402Z
annotator_0051,session_0052,39.0,single/solo,human_bbox_annotation,3,ILSVRC2012_val_00026917.JPEG,butterfly,,1.0,bbox,,"[[203,108,454,316]]",1,500.0,443.0,2026-08-31T15:54:11.597Z,2026-08-31T15:55:21.402Z
annotator_0051,session_0052,40.0,single/solo,human_bbox_annotation,3,ILSVRC2012_val_00024314.JPEG,sneak,,1.0,bbox,,"[[142,170,472,383]]",1,640.0,480.0,2026-08-31T15:54:15.322Z,2026-08-31T15:55:21.402Z
annotator_0051,session_0052,41.0,single/multi,human_bbox_annotation,3,ILSVRC2012_val_00035101.JPEG,zebra,,1.0,bbox,,"[[7,131,347,411],[164,124,497,409],[6,4,254,143]]",3,500.0,421.0,2026-08-31T15:54:27.626Z,2026-08-31T15:55:21.402Z
annotator_0051,session_0052,42.0,single/multi,human_bbox_annotation,3,ILSVRC2012_val_00035612.JPEG,mokney,,1.0,bbox,,"[[58,36,451,485],[7,-1,208,247]]",2,500.0,500.0,2026-08-31T15:54:36.864Z,2026-08-31T15:55:21.402Z
annotator_0051,session_0052,43.0,single/multi,human_bbox_annotation,3,ILSVRC2012_val_00035457.JPEG,cart,,1.0,reject,unclear_label,[],0,624.0,396.0,2026-08-31T15:54:39.589Z,2026-08-31T15:55:21.402Z
annotator_0051,session_0052,44.0,multi,human_bbox_annotation,3,ILSVRC2012_val_00035378.JPEG,"bird, dog",,2.0,bbox,,"[[81,105,391,320],[136,33,425,343]]",2,500.0,400.0,2026-08-31T15:54:44.539Z,2026-08-31T15:55:21.402Z
annotator_0051,session_0052,45.0,multi,human_bbox_annotation,3,ILSVRC2012_val_00044472.JPEG,"hat with a wide brim, person",,2.0,reject,unclear_label,[],0,375.0,500.0,2026-08-31T15:54:46.389Z,2026-08-31T15:55:21.402Z
annotator_0051,session_0052,46.0,multi,human_bbox_annotation,3,ILSVRC2013_val_00003860.JPEG,"digital clock, person",,2.0,bbox,,"[[95,88,130,111],[169,29,491,487]]",2,500.0,500.0,2026-08-31T15:54:54.113Z,2026-08-31T15:55:21.402Z
annotator_0051,session_0052,47.0,udacity,human_bbox_annotation,3,1478732233783674595.jpg,car,,1.0,bbox,,"[[316,128,383,177],[160,136,202,164],[122,126,163,160],[192,128,220,158],[233,140,250,157],[267,142,293,157]]",6,480.0,300.0,2026-08-31T15:55:06.873Z,2026-08-31T15:55:21.402Z
annotator_0051,session_0052,48.0,udacity,human_bbox_annotation,3,1479501447174309879.jpg,car,,1.0,bbox,,"[[14,96,340,241],[45,267,454,299]]",2,480.0,300.0,2026-08-31T15:55:12.560Z,2026-08-31T15:55:21.402Z
annotator_0051,session_0052,49.0,udacity,human_bbox_annotation,3,1479500714623724165.jpg,car,,1.0,bbox,,"[[2,136,63,189],[72,130,175,202],[165,143,206,172]]",3,480.0,300.0,2026-08-31T15:55:19.634Z,2026-08-31T15:55:21.402Z
annotator_0052,session_0053,,single/solo,human_bbox_annotation,2,ILSVRC2012_val_00047878.JPEG,bird,,1.0,bbox,,"[[155,135,377,261]]",1,500.0,382.0,2026-08-31T15:55:41.092Z,2026-08-31T15:59:50.738Z
annotator_0052,session_0053,1.0,single/solo,human_bbox_annotation,2,ILSVRC2012_val_00028513.JPEG,𝛼ntelopz,,1.0,bbox,,"[[48,136,309,328]]",1,500.0,344.0,2026-08-31T15:55:44.980Z,2026-08-31T15:59:50.738Z
annotator_0052,session_0053,2.0,single/solo,human_bbox_annotation,2,ILSVRC2012_val_00016909.JPEG,herd,,1.0,bbox,,"[[253,34,490,305]]",1,500.0,375.0,2026-08-31T15:55:48.982Z,2026-08-31T15:59:50.738Z
annotator_0052,session_0053,3.0,single/multi,human_bbox_annotation,2,ILSVRC2012_val_00018599.JPEG,corkscrew,,1.0,bbox,,"[[490,58,796,719]]",1,919.0,1024.0,2026-08-31T15:55:53.259Z,2026-08-31T15:59:50.738Z
annotator_0052,session_0053,4.0,single/multi,human_bbox_annotation,2,ILSVRC2012_val_00042837.JPEG,perfurne,,1.0,bbox,,"[[268,127,422,461]]",1,500.0,495.0,2026-08-31T15:55:56.875Z,2026-08-31T15:59:50.738Z
annotator_0052,session_0053,5.0,single/multi,human_bbox_annotation,2,ILSVRC2012_val_00042837.JPEG,pel fume,,1.0,bbox,,"[[276,134,438,457]]",1,500.0,495.0,2026-08-31T15:56:00.665Z,2026-08-31T15:59:50.738Z
annotator_0052,session_0053,6.0,multi,human_bbox_annotation,2,ILSVRC2013_val_00000449.JPEG,"bowl, person",,2.0,bbox,,"[[117,359,363,510],[127,16,346,255]]",2,375.0,500.0,2026-08-31T15:56:08.025Z,2026-08-31T15:59:50.738Z
annotator_0052,session_0053,7.0,multi,human_bbox_annotation,2,ILSVRC2013_val_00003495.JPEG,"baby bead, filing cabinet, stove, desk",,4.0,bbox,,"[[226,265,293,318],[103,222,225,303],[396,172,447,256],[104,156,160,207],[195,158,264,215]]",5,500.0,375.0,2026-08-31T15:56:27.944Z,2026-08-31T15:59:50.738Z
annotator_0052,session_0053,8.0,multi,human_bbox_annotation,2,ILSVRC2012_val_00004761.JPEG,"fowl, pearson, saxophone",,3.0,bbox,,"[[125,75,222,484],[176,49,360,255]]",2,500.0,500.0,2026-08-31T15:56:41.547Z,2026-08-31T15:59:50.738Z
annotator_0052,session_0053,9.0,udacity,human_bbox_annotation,2,1478020860712187115.jpg,car,,1.0,bbox,,"[[326,134,418,204]]",1,480.0,300.0,2026-08-31T15:56:45.746Z,2026-08-31T15:59:50.738Z
annotator_0052,session_0053,10.0,udacity,human_bbox_annotation,2,1478020280197384728.jpg,cap,,1.0,bbox,,"[[225,111,346,198]]",1,480.0,300.0,2026-08-31T15:56:50.723Z,2026-08-31T15:59:50.738Z
annotator_0052,session_0053,11.0,udacity,human_bbox_annotation,2,1479501447174309879.jpg,cam,,1.0,bbox,,"[[181,74,212,130]]",1,480.0,300.0,2026-08-31T15:56:53.943Z,2026-08-31T15:59:50.738Z
annotator_0052,session_0053,12.0,single/solo,human_bbox_annotation,2,ILSVRC2012_val_00012307.JPEG,bird,,1.0,bbox,,"[[137,35,274,153]]",1,443.0,500.0,2026-08-31T15:56:57.824Z,2026-08-31T15:59:50.738Z
annotator_0052,session_0053,13.0,single/solo,human_bbox_annotation,2,ILSVRC2012_val_00043873.JPEG,dig,,1.0,bbox,,"[[228,135,324,241]]",1,500.0,375.0,2026-08-31T15:57:02.664Z,2026-08-31T15:59:50.738Z
annotator_0052,session_0053,14.0,single/solo,human_bbox_annotation,2,ILSVRC2012_val_00002595.JPEG,locomotive,,1.0,bbox,,"[[248,138,377,240]]",1,500.0,375.0,2026-08-31T15:57:07.343Z,2026-08-31T15:59:50.738Z
annotator_0052,session_0053,15.0,single/multi,human_bbox_annotation,2,ILSVRC2012_val_00029698.JPEG,bird,,1.0,bbox,,"[[187,88,260,160]]",1,500.0,375.0,2026-08-31T15:57:11.601Z,2026-08-31T15:59:50.738Z
annotator_0052,session_0053,16.0,single/multi,human_bbox_annotation,2,ILSVRC2013_val_00000008.JPEG,herd,,1.0,bbox,,"[[106,13,473,302]]",1,500.0,334.0,2026-08-31T15:57:23.862Z,2026-08-31T15:59:50.738Z
annotator_0052,session_0053,17.0,single/multi,human_bbox_annotation,2,ILSVRC2012_val_00037937.JPEG,per fume,,1.0,bbox,,"[[29,142,229,450]]",1,500.0,486.0,2026-08-31T15:57:28.945Z,2026-08-31T15:59:50.738Z
annotator_0052,session_0053,18.0,multi,human_bbox_annotation,2,ILSVRC2012_val_00003176.JPEG,"bench, dog",,2.0,bbox,,"[[161,58,430,263]]",1,500.0,375.0,2026-08-31T15:57:33.646Z,2026-08-31T15:59:50.738Z
annotator_0052,session_0053,19.0,multi,human_bbox_annotation,2,ILSVRC2012_val_00016267.JPEG,"aple, reler",,2.0,bbox,,"[[103,21,447,305]]",1,500.0,334.0,2026-08-31T15:57:38.407Z,2026-08-31T15:59:50.738Z
annotator_0052,session_0053,20.0,multi,human_bbox_annotation,2,ILSVRC2012_val_00047487.JPEG,"dug, person",,2.0,bbox,,"[[24,76,332,269]]",1,400.0,290.0,2026-08-31T15:57:42.343Z,2026-08-31T15:59:50.738Z
annotator_0052,session_0053,21.0,udacity,human_bbox_annotation,2,1478895568695802824.jpg,car,,1.0,bbox,,"[[19,122,152,233]]",1,480.0,300.0,2026-08-31T15:57:45.847Z,2026-08-31T15:59:50.738Z
annotator_0052,session_0053,23.0,udacity,human_bbox_annotation,2,1478896071431847989.jpg,can,,1.0,bbox,,"[[390,100,545,241]]",1,480.0,300.0,2026-08-31T15:57:58.497Z,2026-08-31T15:59:50.738Z
annotator_0052,session_0053,24.0,udacity,human_bbox_annotation,2,1479501431172538806.jpg,cam,,1.0,bbox,,"[[178,74,216,120]]",1,480.0,300.0,2026-08-31T15:58:02.600Z,2026-08-31T15:59:50.738Z
annotator_0052,session_0053,25.0,single/solo,human_bbox_annotation,2,ILSVRC2012_val_00006233.JPEG,diaper,,1.0,bbox,,"[[144,203,234,344]]",1,375.0,500.0,2026-08-31T15:58:06.311Z,2026-08-31T15:59:50.738Z
annotator_0052,session_0053,26.0,single/solo,human_bbox_annotation,2,ILSVRC2012_val_00026917.JPEG,butterfly,,1.0,bbox,,"[[233,129,390,306]]",1,500.0,443.0,2026-08-31T15:58:11.550Z,2026-08-31T15:59:50.738Z
annotator_0052,session_0053,27.0,single/solo,human_bbox_annotation,2,ILSVRC2012_val_00024314.JPEG,snake,,1.0,bbox,,"[[128,205,505,443]]",1,640.0,480.0,2026-08-31T15:58:15.905Z,2026-08-31T15:59:50.738Z
annotator_0052,session_0053,28.0,single/multi,human_bbox_annotation,2,ILSVRC2012_val_00037816.JPEG,antelope,,1.0,bbox,,"[[234,85,400,240]]",1,500.0,333.0,2026-08-31T15:58:20.085Z,2026-08-31T15:59:50.738Z
annotator_0052,session_0053,29.0,single/multi,human_bbox_annotation,2,ILSVRC2012_val_00002802.JPEG,bird,,1.0,bbox,,"[[33,60,224,252]]",1,500.0,385.0,2026-08-31T15:58:25.740Z,2026-08-31T15:59:50.738Z
annotator_0052,session_0053,30.0,single/multi,human_bbox_annotation,2,ILSVRC2012_val_00022295.JPEG,bench,,1.0,bbox,,"[[125,327,297,418]]",1,500.0,442.0,2026-08-31T15:58:30.513Z,2026-08-31T15:59:50.738Z
annotator_0052,session_0053,31.0,multi,human_bbox_annotation,2,ILSVRC2012_val_00010502.JPEG,"plastic bag, pomegranate",,2.0,bbox,,"[[34,134,114,233],[161,75,309,259]]",2,500.0,356.0,2026-08-31T15:58:37.821Z,2026-08-31T15:59:50.738Z
annotator_0052,session_0053,32.0,multi,human_bbox_annotation,2,ILSVRC2012_val_00038249.JPEG,"bookshelf, disxwasher",,2.0,bbox,,"[[53,114,531,298],[530,358,598,484]]",2,590.0,892.0,2026-08-31T15:58:44.455Z,2026-08-31T15:59:50.738Z
annotator_0052,session_0053,33.0,multi,human_bbox_annotation,2,ILSVRC2012_val_00024444.JPEG,"bench, cello, chair, pe rson, piano",,5.0,bbox,,"[[26,188,114,285],[184,39,357,194],[140,435,228,502],[23,312,121,407]]",4,392.0,500.0,2026-08-31T15:58:56.212Z,2026-08-31T15:59:50.738Z
annotator_0052,session_0053,34.0,udacity,human_bbox_annotation,2,1478896071431847989.jpg,car,,1.0,bbox,,"[[413,80,534,219]]",1,480.0,300.0,2026-08-31T15:59:00.420Z,2026-08-31T15:59:50.738Z
annotator_0052,session_0053,35.0,udacity,human_bbox_annotation,2,1479504312367157311.jpg,"automobilp, truck",,2.0,bbox,,"[[156,94,396,280]]",1,480.0,300.0,2026-08-31T15:59:05.182Z,2026-08-31T15:59:50.738Z
annotator_0052,session_0053,36.0,udacity,human_bbox_annotation,2,1478898995863305961.jpg,automobile,,1.0,bbox,,"[[129,112,267,208]]",1,480.0,300.0,2026-08-31T15:59:13.213Z,2026-08-31T15:59:50.738Z
annotator_0052,session_0053,37.0,single/solo,human_bbox_annotation,2,ILSVRC2012_val_00001314.JPEG,dog,,1.0,bbox,,"[[156,82,410,299]]",1,500.0,375.0,2026-08-31T15:59:17.230Z,2026-08-31T15:59:50.738Z
annotator_0052,session_0053,38.0,single/solo,human_bbox_annotation,2,ILSVRC2012_val_00015173.JPEG,pooch,,1.0,bbox,,"[[54,125,322,318]]",1,345.0,500.0,2026-08-31T15:59:22.404Z,2026-08-31T15:59:50.738Z
annotator_0052,session_0053,40.0,single/solo,human_bbox_annotation,2,ILSVRC2012_val_00017504.JPEG,perfume,,1.0,bbox,,"[[39,61,235,365]]",1,260.0,375.0,2026-08-31T15:59:31.517Z,2026-08-31T15:59:50.738Z
annotator_0052,session_0053,41.0,single/multi,human_bbox_annotation,2,ILSVRC2012_val_00012301.JPEG,snake,,1.0,bbox,,"[[188,45,340,177]]",1,430.0,500.0,2026-08-31T15:59:35.315Z,2026-08-31T15:59:50.738Z
annotator_0052,session_0053,42.0,single/multi,human_bbox_annotation,2,ILSVRC2012_val_00045966.JPEG,soap dispenser,,1.0,bbox,,"[[271,20,469,481]]",1,499.0,500.0,2026-08-31T15:59:41.686Z,2026-08-31T15:59:50.738Z
annotator_0052,session_0053,43.0,single/multi,human_bbox_annotation,2,ILSVRC2012_val_00041903.JPEG,salt or pepper shaker,,1.0,bbox,,"[[101,308,340,810]]",1,582.0,815.0,2026-08-31T15:59:46.588Z,2026-08-31T15:59:50.738Z
annotator_0052,session_0053,44.0,multi,human_bbox_annotation,2,ILSVRC2012_val_00005713.JPEG,"person, soccer ball",,2.0,bbox,,"[[112,106,207,232],[74,7,222,111]]",2,300.0,225.0,2026-08-31T15:59:51.474Z,2026-08-31T15:59:50.738Z
annotator_0052,session_0053,45.0,multi,human_bbox_annotation,2,ILSVRC2012_val_00042150.JPEG,"car, individual, unicycle",,3.0,bbox,,"[[18,115,241,244],[212,254,334,340]]",2,500.0,375.0,2026-08-31T15:59:59.917Z,2026-08-31T15:59:50.738Z
annotator_0052,session_0053,46.0,multi,human_bbox_annotation,2,ILSVRC2013_val_00001956.JPEG,"ucp or mug, strawberry, table",,3.0,bbox,,"[[347,131,489,399],[312,44,403,107],[32,43,137,152]]",3,500.0,500.0,2026-08-31T16:00:09.225Z,2026-08-31T15:59:50.738Z
annotator_0052,session_0053,47.0,udacity,human_bbox_annotation,2,1478020280197384728.jpg,car,,1.0,bbox,,"[[224,115,340,213]]",1,480.0,300.0,2026-08-31T16:00:13.356Z,2026-08-31T15:59:50.738Z
annotator_0052,session_0053,48.0,udacity,human_bbox_annotation,2,1479500700123235425.jpg,truck,,1.0,bbox,,"[[5,87,104,205]]",1,480.0,300.0,2026-08-31T16:00:23.858Z,2026-08-31T15:59:50.738Z
annotator_0052,session_0053,49.0,udacity,human_bbox_annotation,2,1479501447174309879.jpg,car,,1.0,bbox,,"[[6,78,369,271]]",1,480.0,300.0,2026-08-31T16:00:28.826Z,2026-08-31T15:59:50.738Z
annotator_0053,session_0054,,single/solo,human_bbox_annotation,2,ILSVRC2012_val_00047878.JPEG,bird,,1.0,reject,unclear_image,[],0,500.0,382.0,2026-08-31T15:55:50.794Z,2026-08-31T16:03:09.371Z
annotator_0053,session_0054,1.0,single/solo,human_bbox_annotation,2,ILSVRC2012_val_00028513.JPEG,𝛼ntelopz,,1.0,reject,unclear_label,[],0,500.0,344.0,2026-08-31T15:55:58.243Z,2026-08-31T16:03:09.371Z
annotator_0053,session_0054,2.0,single/solo,human_bbox_annotation,2,ILSVRC2012_val_00016909.JPEG,herd,,1.0,bbox,,"[[82,28,226,231]]",1,500.0,375.0,2026-08-31T15:56:01.743Z,2026-08-31T16:03:09.371Z
annotator_0053,session_0054,3.0,single/multi,human_bbox_annotation,2,ILSVRC2012_val_00018599.JPEG,corkscrew,,1.0,bbox,,"[[104,344,628,855]]",1,919.0,1024.0,2026-08-31T15:56:09.364Z,2026-08-31T16:03:09.371Z
annotator_0053,session_0054,4.0,single/multi,human_bbox_annotation,2,ILSVRC2012_val_00042837.JPEG,perfurne,,1.0,reject,unclear_label,[],0,500.0,495.0,2026-08-31T15:56:11.923Z,2026-08-31T16:03:09.371Z
annotator_0053,session_0054,5.0,single/multi,human_bbox_annotation,2,ILSVRC2012_val_00042837.JPEG,pel fume,,1.0,reject,unclear_label,[],0,500.0,495.0,2026-08-31T15:56:14.706Z,2026-08-31T16:03:09.371Z
annotator_0053,session_0054,6.0,multi,human_bbox_annotation,2,ILSVRC2013_val_00000449.JPEG,"bowl, person",,2.0,bbox,,"[[105,369,344,497],[9,3,367,487]]",2,375.0,500.0,2026-08-31T15:56:20.901Z,2026-08-31T16:03:09.371Z
annotator_0053,session_0054,7.0,multi,human_bbox_annotation,2,ILSVRC2013_val_00003495.JPEG,"baby bead, filing cabinet, stove, desk",,4.0,reject,unclear_label,[],0,500.0,375.0,2026-08-31T15:56:28.984Z,2026-08-31T16:03:09.371Z
annotator_0053,session_0054,8.0,multi,human_bbox_annotation,2,ILSVRC2012_val_00004761.JPEG,"fowl, pearson, saxophone",,3.0,bbox,,"[[189,11,281,87],[167,78,382,497],[135,297,241,484]]",3,500.0,500.0,2026-08-31T15:56:38.089Z,2026-08-31T16:03:09.371Z
annotator_0053,session_0054,9.0,udacity,human_bbox_annotation,2,1478020860712187115.jpg,car,,1.0,bbox,,"[[333,142,413,190],[297,140,345,163],[230,140,253,158]]",3,480.0,300.0,2026-08-31T15:56:44.284Z,2026-08-31T16:03:09.371Z
annotator_0053,session_0054,10.0,udacity,human_bbox_annotation,2,1478020280197384728.jpg,cap,,1.0,reject,unclear_label,[],0,480.0,300.0,2026-08-31T15:56:47.143Z,2026-08-31T16:03:09.371Z
annotator_0053,session_0054,11.0,udacity,human_bbox_annotation,2,1479501447174309879.jpg,cam,,1.0,reject,unclear_label,[],0,480.0,300.0,2026-08-31T15:56:49.118Z,2026-08-31T16:03:09.371Z
annotator_0053,session_0054,12.0,single/solo,human_bbox_annotation,2,ILSVRC2012_val_00012307.JPEG,bird,,1.0,bbox,,"[[128,40,276,198]]",1,443.0,500.0,2026-08-31T15:56:52.672Z,2026-08-31T16:03:09.371Z
annotator_0053,session_0054,13.0,single/solo,human_bbox_annotation,2,ILSVRC2012_val_00043873.JPEG,dig,,1.0,reject,unclear_label,[],0,500.0,375.0,2026-08-31T15:56:54.772Z,2026-08-31T16:03:09.371Z
annotator_0053,session_0054,14.0,single/solo,human_bbox_annotation,2,ILSVRC2012_val_00002595.JPEG,locomotive,,1.0,bbox,,"[[263,166,379,214]]",1,500.0,375.0,2026-08-31T15:56:58.638Z,2026-08-31T16:03:09.371Z
annotator_0053,session_0054,15.0,single/multi,human_bbox_annotation,2,ILSVRC2012_val_00029698.JPEG,bird,,1.0,bbox,,"[[198,88,259,144],[61,32,426,321]]",2,500.0,375.0,2026-08-31T15:57:04.801Z,2026-08-31T16:03:09.371Z
annotator_0053,session_0054,16.0,single/multi,human_bbox_annotation,2,ILSVRC2013_val_00000008.JPEG,herd,,1.0,bbox,,"[[235,85,444,330],[81,19,288,323]]",2,500.0,334.0,2026-08-31T15:57:13.176Z,2026-08-31T16:03:09.371Z
annotator_0053,session_0054,17.0,single/multi,human_bbox_annotation,2,ILSVRC2012_val_00037937.JPEG,per fume,,1.0,reject,unclear_label,[],0,500.0,486.0,2026-08-31T15:57:15.226Z,2026-08-31T16:03:09.371Z
annotator_0053,session_0054,18.0,multi,human_bbox_annotation,2,ILSVRC2012_val_00003176.JPEG,"bench, dog",,2.0,bbox,,"[[48,10,228,83],[172,48,425,331]]",2,500.0,375.0,2026-08-31T15:57:20.517Z,2026-08-31T16:03:09.371Z
annotator_0053,session_0054,19.0,multi,human_bbox_annotation,2,ILSVRC2012_val_00016267.JPEG,"aple, reler",,2.0,reject,unclear_label,[],0,500.0,334.0,2026-08-31T15:57:22.143Z,2026-08-31T16:03:09.371Z
annotator_0053,session_0054,20.0,multi,human_bbox_annotation,2,ILSVRC2012_val_00047487.JPEG,"dug, person",,2.0,reject,unclear_label,[],0,400.0,290.0,2026-08-31T15:57:25.101Z,2026-08-31T16:03:09.371Z
annotator_0053,session_0054,21.0,udacity,human_bbox_annotation,2,1478895568695802824.jpg,car,,1.0,bbox,,"[[39,134,116,207]]",1,480.0,300.0,2026-08-31T15:57:27.576Z,2026-08-31T16:03:09.371Z
annotator_0053,session_0054,22.0,udacity,human_bbox_annotation,2,1478896071431847989.jpg,can,,1.0,reject,unclear_label,[],0,480.0,300.0,2026-08-31T15:57:29.559Z,2026-08-31T16:03:09.371Z
annotator_0053,session_0054,23.0,udacity,human_bbox_annotation,2,1479501431172538806.jpg,cam,,1.0,reject,unclear_label,[],0,480.0,300.0,2026-08-31T15:57:30.642Z,2026-08-31T16:03:09.371Z
annotator_0053,session_0054,24.0,single/solo,human_bbox_annotation,2,ILSVRC2012_val_00006233.JPEG,diaper,,1.0,bbox,,"[[122,202,248,338]]",1,375.0,500.0,2026-08-31T15:57:33.751Z,2026-08-31T16:03:09.371Z
annotator_0053,session_0054,25.0,single/solo,human_bbox_annotation,2,ILSVRC2012_val_00026917.JPEG,butterfly,,1.0,reject,unclear_label,[],0,500.0,443.0,2026-08-31T15:57:37.959Z,2026-08-31T16:03:09.371Z
annotator_0053,session_0054,26.0,single/solo,human_bbox_annotation,2,ILSVRC2012_val_00024314.JPEG,snake,,1.0,bbox,,"[[124,191,466,371]]",1,640.0,480.0,2026-08-31T15:57:41.176Z,2026-08-31T16:03:09.371Z
annotator_0053,session_0054,27.0,single/multi,human_bbox_annotation,2,ILSVRC2012_val_00037816.JPEG,antelope,,1.0,bbox,,"[[31,162,163,254],[248,92,400,228]]",2,500.0,333.0,2026-08-31T15:57:46.692Z,2026-08-31T16:03:09.371Z
annotator_0053,session_0054,29.0,single/multi,human_bbox_annotation,2,ILSVRC2012_val_00002802.JPEG,bird,,1.0,reject,unclear_label,[],0,500.0,385.0,2026-08-31T15:57:53.351Z,2026-08-31T16:03:09.371Z
annotator_0053,session_0054,30.0,single/multi,human_bbox_annotation,2,ILSVRC2012_val_00022295.JPEG,bench,,1.0,bbox,,"[[125,338,262,417],[-13,340,94,410]]",2,500.0,442.0,2026-08-31T15:57:58.634Z,2026-08-31T16:03:09.371Z
annotator_0053,session_0054,31.0,multi,human_bbox_annotation,2,ILSVRC2012_val_00010502.JPEG,"plastic bag, pomegranate",,2.0,bbox,,"[[109,43,379,344]]",1,500.0,356.0,2026-08-31T16:01:13.413Z,2026-08-31T16:03:09.371Z
annotator_0053,session_0054,32.0,multi,human_bbox_annotation,2,ILSVRC2012_val_00038249.JPEG,"bookshelf, disxwasher",,2.0,bbox,,"[[10,94,514,747],[541,478,586,686]]",2,590.0,892.0,2026-08-31T16:01:18.871Z,2026-08-31T16:03:09.371Z
annotator_0053,session_0054,33.0,multi,human_bbox_annotation,2,ILSVRC2012_val_00024444.JPEG,"bench, cello, chair, pe rson, piano",,5.0,bbox,,"[[166,189,240,313],[29,218,99,279],[155,142,248,339],[40,108,148,305],[138,41,358,256]]",5,392.0,500.0,2026-08-31T16:01:35.813Z,2026-08-31T16:03:09.371Z
annotator_0053,session_0054,34.0,udacity,human_bbox_annotation,2,1478896071431847989.jpg,car,,1.0,bbox,,"[[414,85,490,212]]",1,480.0,300.0,2026-08-31T16:01:39.005Z,2026-08-31T16:03:09.371Z
annotator_0053,session_0054,35.0,udacity,human_bbox_annotation,2,1479504312367157311.jpg,"automobilp, truck",,2.0,bbox,,"[[159,147,301,254],[83,267,446,299],[97,118,177,187],[213,104,283,165]]",4,480.0,300.0,2026-08-31T16:01:47.022Z,2026-08-31T16:03:09.371Z
annotator_0053,session_0054,36.0,udacity,human_bbox_annotation,2,1478898995863305961.jpg,automobile,,1.0,reject,unclear_label,[],0,480.0,300.0,2026-08-31T16:01:49.321Z,2026-08-31T16:03:09.371Z
annotator_0053,session_0054,37.0,single/solo,human_bbox_annotation,2,ILSVRC2012_val_00001314.JPEG,dog,,1.0,bbox,,"[[159,79,400,270]]",1,500.0,375.0,2026-08-31T16:01:51.771Z,2026-08-31T16:03:09.371Z
annotator_0053,session_0054,38.0,single/solo,human_bbox_annotation,2,ILSVRC2012_val_00015173.JPEG,pooch,,1.0,bbox,,"[[42,139,319,327]]",1,345.0,500.0,2026-08-31T16:02:06.763Z,2026-08-31T16:03:09.371Z
annotator_0053,session_0054,39.0,single/solo,human_bbox_annotation,2,ILSVRC2012_val_00017504.JPEG,perfume,,1.0,bbox,,"[[37,76,242,357]]",1,260.0,375.0,2026-08-31T16:02:09.668Z,2026-08-31T16:03:09.371Z
annotator_0053,session_0054,40.0,single/multi,human_bbox_annotation,2,ILSVRC2012_val_00012301.JPEG,snake,,1.0,bbox,,"[[202,7,422,149],[10,12,286,486]]",2,430.0,500.0,2026-08-31T16:02:14.579Z,2026-08-31T16:03:09.371Z
annotator_0053,session_0054,41.0,single/multi,human_bbox_annotation,2,ILSVRC2012_val_00045966.JPEG,soap dispenser,,1.0,bbox,,"[[285,21,467,475]]",1,499.0,500.0,2026-08-31T16:02:18.406Z,2026-08-31T16:03:09.371Z
annotator_0053,session_0054,42.0,single/multi,human_bbox_annotation,2,ILSVRC2012_val_00041903.JPEG,salt or pepper shaker,,1.0,bbox,,"[[96,306,391,799]]",1,582.0,815.0,2026-08-31T16:02:22.194Z,2026-08-31T16:03:09.371Z
annotator_0053,session_0054,43.0,multi,human_bbox_annotation,2,ILSVRC2012_val_00005713.JPEG,"person, soccer ball",,2.0,bbox,,"[[114,104,172,201],[98,12,203,109]]",2,300.0,225.0,2026-08-31T16:02:27.588Z,2026-08-31T16:03:09.371Z
annotator_0053,session_0054,44.0,multi,human_bbox_annotation,2,ILSVRC2012_val_00042150.JPEG,"car, individual, unicycle",,3.0,bbox,,"[[233,97,310,310],[229,272,316,331],[27,132,271,240],[448,173,526,278],[381,121,416,185],[17,111,38,161],[55,115,78,158],[82,120,107,153],[2,113,14,177]]",9,500.0,375.0,2026-08-31T16:02:47.721Z,2026-08-31T16:03:09.371Z
annotator_0053,session_0054,46.0,multi,human_bbox_annotation,2,ILSVRC2013_val_00001956.JPEG,"ucp or mug, strawberry, table",,3.0,reject,unclear_label,[],0,500.0,500.0,2026-08-31T16:02:54.538Z,2026-08-31T16:03:09.371Z
annotator_0053,session_0054,47.0,udacity,human_bbox_annotation,2,1478020280197384728.jpg,car,,1.0,bbox,,"[[240,135,331,183],[72,267,474,300]]",2,480.0,300.0,2026-08-31T16:02:59.288Z,2026-08-31T16:03:09.371Z
annotator_0053,session_0054,48.0,udacity,human_bbox_annotation,2,1479500700123235425.jpg,truck,,1.0,bbox,,"[[10,100,102,189]]",1,480.0,300.0,2026-08-31T16:03:04.321Z,2026-08-31T16:03:09.371Z
annotator_0053,session_0054,49.0,udacity,human_bbox_annotation,2,1479501447174309879.jpg,car,,1.0,bbox,,"[[19,91,362,257]]",1,480.0,300.0,2026-08-31T16:03:06.680Z,2026-08-31T16:03:09.371Z
annotator_0054,session_0055,,single/solo,human_bbox_annotation,1,ILSVRC2012_val_00032560.JPEG,beaker,,1.0,bbox,,"[[82,206,195,503]]",1,334.0,500.0,2026-08-31T16:04:08.323Z,2026-08-31T16:08:38.363Z
annotator_0054,session_0055,1.0,single/solo,human_bbox_annotation,1,ILSVRC2012_val_00031771.JPEG,crooked ball,,1.0,reject,unclear_label,[],0,500.0,333.0,2026-08-31T16:04:13.705Z,2026-08-31T16:08:38.363Z
annotator_0054,session_0055,2.0,single/solo,human_bbox_annotation,1,ILSVRC2012_val_00043730.JPEG,behr,,1.0,bbox,,"[[144,47,327,200]]",1,350.0,252.0,2026-08-31T16:04:16.990Z,2026-08-31T16:08:38.363Z
annotator_0054,session_0055,3.0,single/multi,human_bbox_annotation,1,ILSVRC2012_val_00019305.JPEG,dog,,1.0,reject,unclear_image,[],0,500.0,375.0,2026-08-31T16:04:20.205Z,2026-08-31T16:08:38.363Z
annotator_0054,session_0055,4.0,single/multi,human_bbox_annotation,1,ILSVRC2012_val_00045966.JPEG,sopa dis𝕡enser,,1.0,bbox,,"[[294,21,453,459]]",1,499.0,500.0,2026-08-31T16:04:23.804Z,2026-08-31T16:08:38.363Z
annotator_0054,session_0055,5.0,single/multi,human_bbox_annotation,1,ILSVRC2012_val_00035612.JPEG,mno key,,1.0,bbox,,"[[66,64,441,496],[18,3,199,205]]",2,500.0,500.0,2026-08-31T16:04:28.421Z,2026-08-31T16:08:38.363Z
annotator_0054,session_0055,6.0,multi,human_bbox_annotation,1,ILSVRC2012_val_00003176.JPEG,"bench, dog",,2.0,bbox,,"[[163,57,417,346],[45,8,255,106]]",2,500.0,375.0,2026-08-31T16:04:33.276Z,2026-08-31T16:08:38.363Z
annotator_0054,session_0055,7.0,multi,human_bbox_annotation,1,ILSVRC2012_val_00012739.JPEG,"dug, pe rson",,2.0,bbox,,"[[101,107,363,274],[300,51,492,366]]",2,500.0,375.0,2026-08-31T16:04:38.896Z,2026-08-31T16:08:38.363Z
annotator_0054,session_0055,8.0,multi,human_bbox_annotation,1,ILSVRC2012_val_00048612.JPEG,"my crow phone, pearson",,2.0,bbox,,"[[130,245,253,412],[207,7,491,418]]",2,500.0,424.0,2026-08-31T16:04:44.417Z,2026-08-31T16:08:38.363Z
annotator_0054,session_0055,9.0,udacity,human_bbox_annotation,1,1479501447174309879.jpg,car,,1.0,bbox,,"[[17,93,354,245],[52,264,471,296]]",2,480.0,300.0,2026-08-31T16:04:49.188Z,2026-08-31T16:08:38.363Z
annotator_0054,session_0055,10.0,udacity,human_bbox_annotation,1,1478896670714322051.jpg,cer,,1.0,bbox,,"[[117,112,317,271]]",1,480.0,300.0,2026-08-31T16:04:53.971Z,2026-08-31T16:08:38.363Z
annotator_0054,session_0055,11.0,udacity,human_bbox_annotation,1,1479500714623724165.jpg,car,,1.0,bbox,,"[[80,126,170,211],[12,142,65,189],[168,141,209,161],[59,264,455,298]]",4,480.0,300.0,2026-08-31T16:05:00.321Z,2026-08-31T16:08:38.363Z
annotator_0054,session_0055,12.0,single/solo,human_bbox_annotation,1,ILSVRC2012_val_00047636.JPEG,flower pot,,1.0,bbox,,"[[79,391,298,486]]",1,380.0,500.0,2026-08-31T16:05:06.521Z,2026-08-31T16:08:38.363Z
annotator_0054,session_0055,13.0,single/solo,human_bbox_annotation,1,ILSVRC2012_val_00030868.JPEG,dig,,1.0,bbox,,"[[156,29,335,343]]",1,500.0,375.0,2026-08-31T16:05:09.680Z,2026-08-31T16:08:38.363Z
annotator_0054,session_0055,14.0,single/solo,human_bbox_annotation,1,ILSVRC2012_val_00014439.JPEG,Ιizaⲅd,,1.0,bbox,,"[[153,87,437,327]]",1,500.0,375.0,2026-08-31T16:05:12.534Z,2026-08-31T16:08:38.363Z
annotator_0054,session_0055,15.0,single/multi,human_bbox_annotation,1,ILSVRC2012_val_00008726.JPEG,fox,,1.0,bbox,,"[[53,39,282,278],[246,132,449,339]]",2,500.0,357.0,2026-08-31T16:05:16.600Z,2026-08-31T16:08:38.363Z
annotator_0054,session_0055,16.0,single/multi,human_bbox_annotation,1,ILSVRC2012_val_00007527.JPEG,dot,,1.0,bbox,,"[[260,131,494,369],[105,132,310,291]]",2,500.0,375.0,2026-08-31T16:05:20.996Z,2026-08-31T16:08:38.363Z
annotator_0054,session_0055,17.0,single/multi,human_bbox_annotation,1,ILSVRC2012_val_00008877.JPEG,monkey,,1.0,bbox,,"[[46,89,108,173],[73,26,175,157],[171,15,310,221]]",3,350.0,230.0,2026-08-31T16:05:27.495Z,2026-08-31T16:08:38.363Z
annotator_0054,session_0055,18.0,multi,human_bbox_annotation,1,ILSVRC2012_val_00028881.JPEG,"dog, person",,2.0,bbox,,"[[111,299,807,842],[176,72,470,811]]",2,859.0,878.0,2026-08-31T16:05:31.929Z,2026-08-31T16:08:38.363Z
annotator_0054,session_0055,19.0,multi,human_bbox_annotation,1,ILSVRC2013_val_00001603.JPEG,"pizz𝝰, strawberry",,2.0,reject,unclear_image,[],0,500.0,500.0,2026-08-31T16:05:38.680Z,2026-08-31T16:08:38.363Z
annotator_0054,session_0055,20.0,multi,human_bbox_annotation,1,ILSVRC2013_val_00003860.JPEG,"digital clock, pearson",,2.0,bbox,,"[[284,45,476,475],[92,94,129,114]]",2,500.0,500.0,2026-08-31T16:05:44.029Z,2026-08-31T16:08:38.363Z
annotator_0054,session_0055,21.0,udacity,human_bbox_annotation,1,1478020860712187115.jpg,car,,1.0,bbox,,"[[233,140,247,159],[301,136,328,169],[335,148,411,188],[19,270,439,297]]",4,480.0,300.0,2026-08-31T16:05:53.329Z,2026-08-31T16:08:38.363Z
annotator_0054,session_0055,22.0,udacity,human_bbox_annotation,1,1479501447174309879.jpg,cam,,1.0,bbox,,"[[6,101,349,242],[20,269,461,299]]",2,480.0,300.0,2026-08-31T16:06:00.030Z,2026-08-31T16:08:38.363Z
annotator_0054,session_0055,23.0,udacity,human_bbox_annotation,1,1479500715624185918.jpg,cap,,1.0,bbox,,"[[131,132,194,185],[47,258,469,298]]",2,480.0,300.0,2026-08-31T16:06:05.217Z,2026-08-31T16:08:38.363Z
annotator_0054,session_0055,24.0,single/solo,human_bbox_annotation,1,ILSVRC2012_val_00017187.JPEG,rabbit,,1.0,bbox,,"[[161,36,413,357]]",1,500.0,375.0,2026-08-31T16:06:08.050Z,2026-08-31T16:08:38.363Z
annotator_0054,session_0055,25.0,single/solo,human_bbox_annotation,1,ILSVRC2013_val_00004426.JPEG,koala bear,,1.0,bbox,,"[[18,83,320,491]]",1,332.0,500.0,2026-08-31T16:06:11.792Z,2026-08-31T16:08:38.363Z
annotator_0054,session_0055,26.0,single/solo,human_bbox_annotation,1,ILSVRC2012_val_00002595.JPEG,train,,1.0,bbox,,"[[267,171,378,207]]",1,500.0,375.0,2026-08-31T16:06:15.325Z,2026-08-31T16:08:38.363Z
annotator_0054,session_0055,27.0,single/multi,human_bbox_annotation,1,ILSVRC2012_val_00018436.JPEG,antelope,,1.0,bbox,,"[[198,71,286,214],[298,113,456,247]]",2,500.0,339.0,2026-08-31T16:06:18.842Z,2026-08-31T16:08:38.363Z
annotator_0054,session_0055,28.0,single/multi,human_bbox_annotation,1,ILSVRC2012_val_00024424.JPEG,hammer,,1.0,bbox,,"[[91,151,134,269],[123,180,148,352],[140,142,169,296],[171,186,211,347],[188,144,231,315],[216,187,244,319],[237,147,268,239],[261,198,313,353],[287,114,338,305],[411,174,469,414]]",10,500.0,500.0,2026-08-31T16:06:36.571Z,2026-08-31T16:08:38.363Z
annotator_0054,session_0055,29.0,single/multi,human_bbox_annotation,1,ILSVRC2013_val_00003790.JPEG,pearson,,1.0,bbox,,"[[77,0,291,325],[289,6,438,315]]",2,500.0,333.0,2026-08-31T16:06:41.288Z,2026-08-31T16:08:38.363Z
annotator_0054,session_0055,30.0,multi,human_bbox_annotation,1,ILSVRC2013_val_00002848.JPEG,"bookshelf, chair, refrigerator, table",,4.0,bbox,,"[[384,28,492,282],[299,70,375,232],[11,88,150,292]]",3,500.0,297.0,2026-08-31T16:06:50.238Z,2026-08-31T16:08:38.363Z
annotator_0054,session_0055,31.0,multi,human_bbox_annotation,1,ILSVRC2012_val_00042150.JPEG,"car, person, unicycle",,3.0,bbox,,"[[236,104,304,341],[220,253,327,350],[378,102,416,202],[444,192,506,289],[39,155,222,243],[85,110,101,149],[49,110,76,141],[22,118,40,168],[1,114,18,177]]",9,500.0,375.0,2026-08-31T16:07:06.400Z,2026-08-31T16:08:38.363Z
annotator_0054,session_0055,32.0,multi,human_bbox_annotation,1,ILSVRC2012_val_00010502.JPEG,"plastic bag, pomegranate",,2.0,bbox,,"[[110,77,379,322]]",1,500.0,356.0,2026-08-31T16:07:09.950Z,2026-08-31T16:08:38.363Z
annotator_0054,session_0055,33.0,udacity,human_bbox_annotation,1,1478898995863305961.jpg,car,,1.0,bbox,,"[[141,127,240,211]]",1,480.0,300.0,2026-08-31T16:07:12.267Z,2026-08-31T16:08:38.363Z
annotator_0054,session_0055,34.0,udacity,human_bbox_annotation,1,1478898324025854293.jpg,"car, pedestrian",,2.0,bbox,,"[[79,124,262,259],[432,123,464,210],[403,117,488,183]]",3,480.0,300.0,2026-08-31T16:07:18.013Z,2026-08-31T16:08:38.363Z
annotator_0054,session_0055,35.0,udacity,human_bbox_annotation,1,1478898087511960878.jpg,"car, truck",,2.0,bbox,,"[[48,90,265,246],[261,28,468,217]]",2,480.0,300.0,2026-08-31T16:07:24.296Z,2026-08-31T16:08:38.363Z
annotator_0054,session_0055,36.0,single/solo,human_bbox_annotation,1,ILSVRC2012_val_00029161.JPEG,monkey,,1.0,bbox,,"[[133,49,220,210]]",1,420.0,280.0,2026-08-31T16:07:26.479Z,2026-08-31T16:08:38.363Z
annotator_0054,session_0055,37.0,single/solo,human_bbox_annotation,1,ILSVRC2012_val_00039247.JPEG,pooch,,1.0,bbox,,"[[166,45,409,356]]",1,500.0,421.0,2026-08-31T16:07:29.845Z,2026-08-31T16:08:38.363Z
annotator_0054,session_0055,38.0,single/solo,human_bbox_annotation,1,ILSVRC2012_val_00029356.JPEG,bird,,1.0,bbox,,"[[135,218,264,403]]",1,480.0,500.0,2026-08-31T16:07:35.405Z,2026-08-31T16:08:38.363Z
annotator_0054,session_0055,39.0,single/multi,human_bbox_annotation,1,ILSVRC2012_val_00018599.JPEG,corkscrew,,1.0,bbox,,"[[-9,333,631,913]]",1,919.0,1024.0,2026-08-31T16:07:41.246Z,2026-08-31T16:08:38.363Z
annotator_0054,session_0055,40.0,single/multi,human_bbox_annotation,1,ILSVRC2012_val_00042837.JPEG,per𝐟ume,,1.0,bbox,,"[[266,126,444,452]]",1,500.0,495.0,2026-08-31T16:07:45.259Z,2026-08-31T16:08:38.363Z
annotator_0054,session_0055,41.0,single/multi,human_bbox_annotation,1,ILSVRC2012_val_00016527.JPEG,car,,1.0,bbox,,"[[67,73,451,339],[413,130,519,243]]",2,500.0,375.0,2026-08-31T16:07:51.117Z,2026-08-31T16:08:38.363Z
annotator_0054,session_0055,42.0,multi,human_bbox_annotation,1,ILSVRC2012_val_00030479.JPEG,"dog, person",,2.0,bbox,,"[[61,83,326,292],[109,127,244,303]]",2,500.0,375.0,2026-08-31T16:07:54.634Z,2026-08-31T16:08:38.363Z
annotator_0054,session_0055,45.0,multi,human_bbox_annotation,1,ILSVRC2012_val_00038720.JPEG,"elephant, person",,2.0,bbox,,"[[84,21,249,240],[255,120,318,214],[298,36,373,238],[113,36,145,112],[128,28,164,85],[158,24,220,106]]",6,350.0,250.0,2026-08-31T16:08:15.975Z,2026-08-31T16:08:38.363Z
annotator_0054,session_0055,46.0,multi,human_bbox_annotation,1,ILSVRC2012_val_00015213.JPEG,"dog, person",,2.0,bbox,,"[[133,252,446,474],[82,24,295,417]]",2,483.0,500.0,2026-08-31T16:08:21.850Z,2026-08-31T16:08:38.363Z
annotator_0054,session_0055,47.0,udacity,human_bbox_annotation,1,1478896071431847989.jpg,car,,1.0,bbox,,"[[393,78,535,216]]",1,480.0,300.0,2026-08-31T16:08:24.700Z,2026-08-31T16:08:38.363Z
annotator_0054,session_0055,48.0,udacity,human_bbox_annotation,1,1478020369195764352.jpg,car,,1.0,bbox,,"[[282,128,340,169],[355,142,411,194],[31,268,428,295]]",3,480.0,300.0,2026-08-31T16:08:30.967Z,2026-08-31T16:08:38.363Z
annotator_0054,session_0055,49.0,udacity,human_bbox_annotation,1,1479505730961910134.jpg,car,,1.0,bbox,,"[[147,86,377,235],[438,145,492,202],[6,102,105,212],[31,260,473,298]]",4,480.0,300.0,2026-08-31T16:08:36.721Z,2026-08-31T16:08:38.363Z
annotator_0055,session_0056,,single/solo,human_bbox_annotation,3,ILSVRC2012_val_00006233.JPEG,diaper,,1.0,bbox,,"[[133,210,269,309]]",1,375.0,500.0,2026-08-31T16:10:01.292Z,2026-08-31T16:28:47.541Z
annotator_0055,session_0056,1.0,single/solo,human_bbox_annotation,3,ILSVRC2012_val_00010994.JPEG,dot,,1.0,skip,,[],0,500.0,375.0,2026-08-31T16:10:53.107Z,2026-08-31T16:28:47.541Z
annotator_0055,session_0056,2.0,single/solo,human_bbox_annotation,3,ILSVRC2012_val_00047845.JPEG,sneak,,1.0,bbox,,"[[15,151,493,267]]",1,500.0,375.0,2026-08-31T16:11:41.782Z,2026-08-31T16:28:47.541Z
annotator_0055,session_0056,3.0,single/multi,human_bbox_annotation,3,ILSVRC2012_val_00041903.JPEG,salt or pepper shaker,,1.0,bbox,,"[[81,342,423,848],[354,281,358,340]]",2,582.0,815.0,2026-08-31T16:12:02.041Z,2026-08-31T16:28:47.541Z
annotator_0055,session_0056,4.0,single/multi,human_bbox_annotation,3,ILSVRC2012_val_00044520.JPEG,iuod,,1.0,bbox,,"[[94,68,209,165]]",1,500.0,241.0,2026-08-31T16:12:44.032Z,2026-08-31T16:28:47.541Z
annotator_0055,session_0056,5.0,single/multi,human_bbox_annotation,3,ILSVRC2012_val_00004401.JPEG,islpod,,1.0,bbox,,"[[6,183,388,472]]",1,375.0,500.0,2026-08-31T16:13:11.702Z,2026-08-31T16:28:47.541Z
annotator_0055,session_0056,6.0,multi,human_bbox_annotation,3,ILSVRC2012_val_00022857.JPEG,"dog, person",,2.0,bbox,,"[[46,-14,527,345]]",1,500.0,375.0,2026-08-31T16:13:22.282Z,2026-08-31T16:28:47.541Z
annotator_0055,session_0056,7.0,multi,human_bbox_annotation,3,ILSVRC2012_val_00039154.JPEG,"pirson, racket",,2.0,skip,,[],0,500.0,376.0,2026-08-31T16:13:50.186Z,2026-08-31T16:28:47.541Z
annotator_0055,session_0056,8.0,multi,human_bbox_annotation,3,ILSVRC2012_val_00030479.JPEG,"dog, individual",,2.0,bbox,,"[[70,101,353,256],[388,-21,443,94]]",2,500.0,375.0,2026-08-31T16:14:21.692Z,2026-08-31T16:28:47.541Z
annotator_0055,session_0056,9.0,udacity,human_bbox_annotation,3,1479501431172538806.jpg,car,,1.0,bbox,,"[[130,90,407,215]]",1,480.0,300.0,2026-08-31T16:14:29.423Z,2026-08-31T16:28:47.541Z
annotator_0055,session_0056,10.0,udacity,human_bbox_annotation,3,1479501447174309879.jpg,cab,,1.0,bbox,,"[[4,94,349,240]]",1,480.0,300.0,2026-08-31T16:15:08.962Z,2026-08-31T16:28:47.541Z
annotator_0055,session_0056,11.0,udacity,human_bbox_annotation,3,1479503322799978016.jpg,car,,1.0,bbox,,"[[146,86,339,246],[408,122,472,191],[20,124,105,240]]",3,480.0,300.0,2026-08-31T16:15:24.142Z,2026-08-31T16:28:47.541Z
annotator_0055,session_0056,12.0,single/solo,human_bbox_annotation,3,ILSVRC2012_val_00031771.JPEG,croquet ball,,1.0,bbox,,"[[177,138,283,232]]",1,500.0,333.0,2026-08-31T16:15:53.896Z,2026-08-31T16:28:47.541Z
annotator_0055,session_0056,13.0,single/solo,human_bbox_annotation,3,ILSVRC2012_val_00032258.JPEG,golf fihs,,1.0,bbox,,"[[151,96,428,301]]",1,500.0,375.0,2026-08-31T16:16:32.652Z,2026-08-31T16:28:47.541Z
annotator_0055,session_0056,14.0,single/solo,human_bbox_annotation,3,ILSVRC2012_val_00013465.JPEG,hippopotamus,,1.0,bbox,,"[[40,180,271,324]]",1,396.0,500.0,2026-08-31T16:16:44.532Z,2026-08-31T16:28:47.541Z
annotator_0055,session_0056,15.0,single/multi,human_bbox_annotation,3,ILSVRC2012_val_00048808.JPEG,isopod,,1.0,bbox,,"[[158,15,334,284]]",1,500.0,375.0,2026-08-31T16:17:32.927Z,2026-08-31T16:28:47.541Z
annotator_0055,session_0056,16.0,single/multi,human_bbox_annotation,3,ILSVRC2012_val_00039027.JPEG,dot,,1.0,skip,,[],0,500.0,375.0,2026-08-31T16:18:19.227Z,2026-08-31T16:28:47.541Z
annotator_0055,session_0056,17.0,single/multi,human_bbox_annotation,3,ILSVRC2012_val_00039795.JPEG,bare,,1.0,bbox,,"[[28,14,232,149]]",1,250.0,168.0,2026-08-31T16:18:29.202Z,2026-08-31T16:28:47.541Z
annotator_0055,session_0056,18.0,multi,human_bbox_annotation,3,ILSVRC2012_val_00004709.JPEG,"brassiere, person",,2.0,bbox,,"[[43,14,355,479]]",1,338.0,500.0,2026-08-31T16:19:50.322Z,2026-08-31T16:28:47.541Z
annotator_0055,session_0056,19.0,multi,human_bbox_annotation,3,ILSVRC2012_val_00006695.JPEG,"bow tie, ob oe, pearspn",,3.0,bbox,,"[[482,412,771,596]]",1,867.0,996.0,2026-08-31T16:20:27.062Z,2026-08-31T16:28:47.541Z
annotator_0055,session_0056,20.0,multi,human_bbox_annotation,3,ILSVRC2012_val_00004048.JPEG,"croquet ball, flower pot, ping-pong ball",,3.0,bbox,,"[[-3,148,67,359],[35,-11,354,356]]",2,375.0,500.0,2026-08-31T16:21:31.862Z,2026-08-31T16:28:47.541Z
annotator_0055,session_0056,21.0,udacity,human_bbox_annotation,3,1478896071431847989.jpg,car,,1.0,bbox,,"[[403,84,494,232]]",1,480.0,300.0,2026-08-31T16:21:37.347Z,2026-08-31T16:28:47.541Z
annotator_0055,session_0056,22.0,udacity,human_bbox_annotation,3,1478898995863305961.jpg,can,,1.0,bbox,,"[[137,132,250,210]]",1,480.0,300.0,2026-08-31T16:21:42.622Z,2026-08-31T16:28:47.541Z
annotator_0055,session_0056,23.0,udacity,human_bbox_annotation,3,1478898087511960878.jpg,"car, track",,2.0,bbox,,"[[37,86,270,256]]",1,480.0,300.0,2026-08-31T16:21:50.642Z,2026-08-31T16:28:47.541Z
annotator_0055,session_0056,24.0,single/solo,human_bbox_annotation,3,ILSVRC2013_val_00004426.JPEG,koala bear,,1.0,bbox,,"[[3,70,331,506],[4,478,31,485]]",2,332.0,500.0,2026-08-31T16:22:28.462Z,2026-08-31T16:28:47.541Z
annotator_0055,session_0056,25.0,single/solo,human_bbox_annotation,3,ILSVRC2013_val_00004383.JPEG,person,,1.0,bbox,,"[[3,2,313,521]]",1,333.0,500.0,2026-08-31T16:22:38.722Z,2026-08-31T16:28:47.541Z
annotator_0055,session_0056,26.0,single/solo,human_bbox_annotation,3,ILSVRC2012_val_00043661.JPEG,sal t or pepper shaker,,1.0,bbox,,"[[110,51,315,496]]",1,380.0,571.0,2026-08-31T16:22:49.397Z,2026-08-31T16:28:47.541Z
annotator_0055,session_0056,27.0,single/multi,human_bbox_annotation,3,ILSVRC2012_val_00029698.JPEG,bird,,1.0,bbox,,"[[47,39,448,307]]",1,500.0,375.0,2026-08-31T16:22:56.087Z,2026-08-31T16:28:47.541Z
annotator_0055,session_0056,29.0,single/multi,human_bbox_annotation,3,ILSVRC2013_val_00001740.JPEG,bicycl e,,1.0,bbox,,"[[217,187,333,336]]",1,333.0,500.0,2026-08-31T16:23:42.721Z,2026-08-31T16:28:47.541Z
annotator_0055,session_0056,30.0,single/multi,human_bbox_annotation,3,ILSVRC2012_val_00035151.JPEG,burd,,1.0,reject,unclear_image,[],0,500.0,384.0,2026-08-31T16:24:12.617Z,2026-08-31T16:28:47.541Z
annotator_0055,session_0056,32.0,multi,human_bbox_annotation,3,ILSVRC2012_val_00026051.JPEG,"bookshelf, dog",,2.0,bbox,,"[[3,0,401,81],[-22,97,350,459]]",2,415.0,500.0,2026-08-31T16:25:13.822Z,2026-08-31T16:28:47.541Z
annotator_0055,session_0056,33.0,multi,human_bbox_annotation,3,ILSVRC2012_val_00018814.JPEG,"croquet ball, person, pingpogg bawl",,3.0,bbox,,"[[66,56,418,355],[432,16,506,138]]",2,500.0,417.0,2026-08-31T16:25:29.963Z,2026-08-31T16:28:47.541Z
annotator_0055,session_0056,34.0,multi,human_bbox_annotation,3,ILSVRC2012_val_00004068.JPEG,"axe, person",,2.0,bbox,,"[[111,283,385,491]]",1,375.0,500.0,2026-08-31T16:25:43.146Z,2026-08-31T16:28:47.541Z
annotator_0055,session_0056,35.0,udacity,human_bbox_annotation,3,1478898087511960878.jpg,"car, truck",,2.0,bbox,,"[[70,89,275,276]]",1,480.0,300.0,2026-08-31T16:25:48.362Z,2026-08-31T16:28:47.541Z
annotator_0055,session_0056,36.0,udacity,human_bbox_annotation,3,1478896071431847989.jpg,cav,,1.0,reject,unclear_image,[],0,480.0,300.0,2026-08-31T16:26:20.572Z,2026-08-31T16:28:47.541Z
annotator_0055,session_0056,37.0,udacity,human_bbox_annotation,3,1478895568695802824.jpg,car,,1.0,bbox,,"[[34,135,116,191]]",1,480.0,300.0,2026-08-31T16:26:27.662Z,2026-08-31T16:28:47.541Z
annotator_0055,session_0056,38.0,single/solo,human_bbox_annotation,3,ILSVRC2013_val_00001634.JPEG,table,,1.0,bbox,,"[[33,16,426,482]]",1,500.0,500.0,2026-08-31T16:26:39.268Z,2026-08-31T16:28:47.541Z
annotator_0055,session_0056,39.0,single/solo,human_bbox_annotation,3,ILSVRC2012_val_00026917.JPEG,butterfly,,1.0,bbox,,"[[226,122,436,316]]",1,500.0,443.0,2026-08-31T16:26:51.142Z,2026-08-31T16:28:47.541Z
annotator_0055,session_0056,40.0,single/solo,human_bbox_annotation,3,ILSVRC2012_val_00024314.JPEG,sneak,,1.0,bbox,,"[[121,173,467,386]]",1,640.0,480.0,2026-08-31T16:27:03.542Z,2026-08-31T16:28:47.541Z
annotator_0055,session_0056,41.0,single/multi,human_bbox_annotation,3,ILSVRC2012_val_00035101.JPEG,zebra,,1.0,bbox,,"[[1,18,463,410]]",1,500.0,421.0,2026-08-31T16:27:13.222Z,2026-08-31T16:28:47.541Z
annotator_0055,session_0056,42.0,single/multi,human_bbox_annotation,3,ILSVRC2012_val_00035612.JPEG,mokney,,1.0,bbox,,"[[95,50,433,432]]",1,500.0,500.0,2026-08-31T16:27:21.102Z,2026-08-31T16:28:47.541Z
annotator_0055,session_0056,43.0,single/multi,human_bbox_annotation,3,ILSVRC2012_val_00035457.JPEG,cart,,1.0,reject,unclear_image,[],0,624.0,396.0,2026-08-31T16:27:26.137Z,2026-08-31T16:28:47.541Z
annotator_0055,session_0056,44.0,multi,human_bbox_annotation,3,ILSVRC2012_val_00035378.JPEG,"bird, dog",,2.0,bbox,,"[[64,12,396,374]]",1,500.0,400.0,2026-08-31T16:27:35.723Z,2026-08-31T16:28:47.541Z
annotator_0055,session_0056,45.0,multi,human_bbox_annotation,3,ILSVRC2012_val_00044472.JPEG,"hat with a wide brim, person",,2.0,bbox,,"[[19,2,362,505]]",1,375.0,500.0,2026-08-31T16:28:11.552Z,2026-08-31T16:28:47.541Z
annotator_0055,session_0056,46.0,multi,human_bbox_annotation,3,ILSVRC2013_val_00003860.JPEG,"digital clock, person",,2.0,bbox,,"[[50,0,482,486]]",1,500.0,500.0,2026-08-31T16:28:28.082Z,2026-08-31T16:28:47.541Z
annotator_0055,session_0056,47.0,udacity,human_bbox_annotation,3,1478732233783674595.jpg,car,,1.0,reject,unclear_image,[],0,480.0,300.0,2026-08-31T16:28:32.263Z,2026-08-31T16:28:47.541Z
annotator_0055,session_0056,48.0,udacity,human_bbox_annotation,3,1479501447174309879.jpg,car,,1.0,bbox,,"[[29,83,357,248]]",1,480.0,300.0,2026-08-31T16:28:39.842Z,2026-08-31T16:28:47.541Z
annotator_0055,session_0056,49.0,udacity,human_bbox_annotation,3,1479500714623724165.jpg,car,,1.0,bbox,,"[[9,116,175,198]]",1,480.0,300.0,2026-08-31T16:28:45.882Z,2026-08-31T16:28:47.541Z
annotator_0056,session_0057,,single/solo,human_bbox_annotation,3,ILSVRC2012_val_00006233.JPEG,diaper,,1.0,bbox,,"[[128,211,245,318]]",1,375.0,500.0,2026-08-31T16:30:40.319Z,2026-08-31T16:42:26.521Z
annotator_0056,session_0057,1.0,single/solo,human_bbox_annotation,3,ILSVRC2012_val_00010994.JPEG,dot,,1.0,bbox,,"[[170,69,192,94],[88,141,112,166],[132,151,152,171],[98,177,130,206]]",4,500.0,375.0,2026-08-31T16:30:52.375Z,2026-08-31T16:42:26.521Z
annotator_0056,session_0057,2.0,single/solo,human_bbox_annotation,3,ILSVRC2012_val_00047845.JPEG,sneak,,1.0,bbox,,"[[19,151,446,287]]",1,500.0,375.0,2026-08-31T16:31:03.790Z,2026-08-31T16:42:26.521Z
annotator_0056,session_0057,3.0,single/multi,human_bbox_annotation,3,ILSVRC2012_val_00041903.JPEG,salt or pepper shaker,,1.0,bbox,,"[[94,300,363,809]]",1,582.0,815.0,2026-08-31T16:31:10.974Z,2026-08-31T16:42:26.521Z
annotator_0056,session_0057,4.0,single/multi,human_bbox_annotation,3,ILSVRC2012_val_00044520.JPEG,iuod,,1.0,bbox,,"[[95,64,184,185],[197,31,346,223],[359,27,490,214]]",3,500.0,241.0,2026-08-31T16:31:26.854Z,2026-08-31T16:42:26.521Z
annotator_0056,session_0057,5.0,single/multi,human_bbox_annotation,3,ILSVRC2012_val_00004401.JPEG,islpod,,1.0,reject,unclear_label,[],0,375.0,500.0,2026-08-31T16:31:33.070Z,2026-08-31T16:42:26.521Z
annotator_0056,session_0057,6.0,multi,human_bbox_annotation,3,ILSVRC2012_val_00022857.JPEG,"dog, person",,2.0,bbox,,"[[3,78,301,370],[269,114,495,327],[347,3,496,369]]",3,500.0,375.0,2026-08-31T16:31:59.006Z,2026-08-31T16:42:26.521Z
annotator_0056,session_0057,7.0,multi,human_bbox_annotation,3,ILSVRC2012_val_00039154.JPEG,"pirson, racket",,2.0,bbox,,"[[264,203,336,369],[19,17,342,367]]",2,500.0,376.0,2026-08-31T16:32:13.837Z,2026-08-31T16:42:26.521Z
annotator_0056,session_0057,8.0,multi,human_bbox_annotation,3,ILSVRC2012_val_00030479.JPEG,"dog, individual",,2.0,bbox,,"[[41,98,371,291],[365,1,484,103]]",2,500.0,375.0,2026-08-31T16:32:24.813Z,2026-08-31T16:42:26.521Z
annotator_0056,session_0057,9.0,udacity,human_bbox_annotation,3,1479501431172538806.jpg,car,,1.0,bbox,,"[[120,100,428,232]]",1,480.0,300.0,2026-08-31T16:32:31.269Z,2026-08-31T16:42:26.521Z
annotator_0056,session_0057,10.0,udacity,human_bbox_annotation,3,1479501447174309879.jpg,cab,,1.0,bbox,,"[[-2,106,349,234]]",1,480.0,300.0,2026-08-31T16:32:43.485Z,2026-08-31T16:42:26.521Z
annotator_0056,session_0057,11.0,udacity,human_bbox_annotation,3,1479503322799978016.jpg,car,,1.0,bbox,,"[[2,121,105,233],[139,103,327,249],[392,121,476,192]]",3,480.0,300.0,2026-08-31T16:33:11.789Z,2026-08-31T16:42:26.521Z
annotator_0056,session_0057,12.0,single/solo,human_bbox_annotation,3,ILSVRC2012_val_00031771.JPEG,croquet ball,,1.0,bbox,,"[[156,131,298,250]]",1,500.0,333.0,2026-08-31T16:33:18.036Z,2026-08-31T16:42:26.521Z
annotator_0056,session_0057,13.0,single/solo,human_bbox_annotation,3,ILSVRC2012_val_00032258.JPEG,golf fihs,,1.0,bbox,,"[[142,66,418,338]]",1,500.0,375.0,2026-08-31T16:33:25.980Z,2026-08-31T16:42:26.521Z
annotator_0056,session_0057,14.0,single/solo,human_bbox_annotation,3,ILSVRC2012_val_00013465.JPEG,hippopotamus,,1.0,bbox,,"[[45,167,248,335]]",1,396.0,500.0,2026-08-31T16:33:42.125Z,2026-08-31T16:42:26.521Z
annotator_0056,session_0057,15.0,single/multi,human_bbox_annotation,3,ILSVRC2012_val_00048808.JPEG,isopod,,1.0,reject,unclear_label,[],0,500.0,375.0,2026-08-31T16:34:09.348Z,2026-08-31T16:42:26.521Z
annotator_0056,session_0057,16.0,single/multi,human_bbox_annotation,3,ILSVRC2012_val_00039027.JPEG,dot,,1.0,reject,unclear_image,[],0,500.0,375.0,2026-08-31T16:34:17.220Z,2026-08-31T16:42:26.521Z
annotator_0056,session_0057,17.0,single/multi,human_bbox_annotation,3,ILSVRC2012_val_00039795.JPEG,bare,,1.0,bbox,,"[[28,56,116,154],[108,67,149,149],[93,6,226,156]]",3,250.0,168.0,2026-08-31T16:34:52.548Z,2026-08-31T16:42:26.521Z
annotator_0056,session_0057,18.0,multi,human_bbox_annotation,3,ILSVRC2012_val_00004709.JPEG,"brassiere, person",,2.0,bbox,,"[[38,256,252,351],[7,5,332,490]]",2,338.0,500.0,2026-08-31T16:35:26.747Z,2026-08-31T16:42:26.521Z
annotator_0056,session_0057,19.0,multi,human_bbox_annotation,3,ILSVRC2012_val_00006695.JPEG,"bow tie, ob oe, pearspn",,3.0,bbox,,"[[461,405,736,589],[102,333,562,968],[10,4,860,987]]",3,867.0,996.0,2026-08-31T16:35:42.083Z,2026-08-31T16:42:26.521Z
annotator_0056,session_0057,20.0,multi,human_bbox_annotation,3,ILSVRC2012_val_00004048.JPEG,"croquet ball, flower pot, ping-pong ball",,3.0,bbox,,"[[163,213,228,363],[0,118,77,344]]",2,375.0,500.0,2026-08-31T16:35:58.666Z,2026-08-31T16:42:26.521Z
annotator_0056,session_0057,21.0,udacity,human_bbox_annotation,3,1478896071431847989.jpg,car,,1.0,bbox,,"[[396,82,478,200]]",1,480.0,300.0,2026-08-31T16:36:04.474Z,2026-08-31T16:42:26.521Z
annotator_0056,session_0057,22.0,udacity,human_bbox_annotation,3,1478898995863305961.jpg,can,,1.0,bbox,,"[[138,126,243,211]]",1,480.0,300.0,2026-08-31T16:36:12.618Z,2026-08-31T16:42:26.521Z
annotator_0056,session_0057,23.0,udacity,human_bbox_annotation,3,1478898087511960878.jpg,"car, track",,2.0,bbox,,"[[34,96,249,252],[258,31,463,201]]",2,480.0,300.0,2026-08-31T16:36:27.106Z,2026-08-31T16:42:26.521Z
annotator_0056,session_0057,24.0,single/solo,human_bbox_annotation,3,ILSVRC2013_val_00004426.JPEG,koala bear,,1.0,bbox,,"[[2,83,331,494]]",1,332.0,500.0,2026-08-31T16:36:36.796Z,2026-08-31T16:42:26.521Z
annotator_0056,session_0057,25.0,single/solo,human_bbox_annotation,3,ILSVRC2013_val_00004383.JPEG,person,,1.0,bbox,,"[[1,5,328,495]]",1,333.0,500.0,2026-08-31T16:36:47.090Z,2026-08-31T16:42:26.521Z
annotator_0056,session_0057,26.0,single/solo,human_bbox_annotation,3,ILSVRC2012_val_00043661.JPEG,sal t or pepper shaker,,1.0,bbox,,"[[78,63,323,471]]",1,380.0,571.0,2026-08-31T16:36:58.450Z,2026-08-31T16:42:26.521Z
annotator_0056,session_0057,27.0,single/multi,human_bbox_annotation,3,ILSVRC2012_val_00029698.JPEG,bird,,1.0,bbox,,"[[185,78,256,157],[40,30,421,319]]",2,500.0,375.0,2026-08-31T16:37:07.690Z,2026-08-31T16:42:26.521Z
annotator_0056,session_0057,28.0,single/multi,human_bbox_annotation,3,ILSVRC2013_val_00001740.JPEG,bicycl e,,1.0,bbox,,"[[221,198,329,337]]",1,333.0,500.0,2026-08-31T16:37:19.754Z,2026-08-31T16:42:26.521Z
annotator_0056,session_0057,29.0,single/multi,human_bbox_annotation,3,ILSVRC2012_val_00035151.JPEG,burd,,1.0,reject,unclear_label,[],0,500.0,384.0,2026-08-31T16:37:37.065Z,2026-08-31T16:42:26.521Z
annotator_0056,session_0057,30.0,multi,human_bbox_annotation,3,ILSVRC2012_val_00026051.JPEG,"bookshelf, dog",,2.0,bbox,,"[[57,66,317,465],[2,3,413,113]]",2,415.0,500.0,2026-08-31T16:37:48.561Z,2026-08-31T16:42:26.521Z
annotator_0056,session_0057,31.0,multi,human_bbox_annotation,3,ILSVRC2012_val_00018814.JPEG,"croquet ball, person, pingpogg bawl",,3.0,bbox,,"[[150,271,208,332],[2,1,134,323],[154,7,211,86],[232,5,371,227],[392,3,495,169]]",5,500.0,417.0,2026-08-31T16:38:10.321Z,2026-08-31T16:42:26.521Z
annotator_0056,session_0057,32.0,multi,human_bbox_annotation,3,ILSVRC2012_val_00004068.JPEG,"axe, person",,2.0,bbox,,"[[7,2,125,153],[105,242,366,492]]",2,375.0,500.0,2026-08-31T16:38:24.809Z,2026-08-31T16:42:26.521Z
annotator_0056,session_0057,33.0,udacity,human_bbox_annotation,3,1478898087511960878.jpg,"car, truck",,2.0,bbox,,"[[39,96,252,263],[259,27,469,209]]",2,480.0,300.0,2026-08-31T16:38:36.065Z,2026-08-31T16:42:26.521Z
annotator_0056,session_0057,34.0,udacity,human_bbox_annotation,3,1478896071431847989.jpg,cav,,1.0,reject,unclear_label,[],0,480.0,300.0,2026-08-31T16:38:40.148Z,2026-08-31T16:42:26.521Z
annotator_0056,session_0057,35.0,udacity,human_bbox_annotation,3,1478895568695802824.jpg,car,,1.0,bbox,,"[[30,144,111,196]]",1,480.0,300.0,2026-08-31T16:38:46.873Z,2026-08-31T16:42:26.521Z
annotator_0056,session_0057,36.0,single/solo,human_bbox_annotation,3,ILSVRC2013_val_00001634.JPEG,table,,1.0,bbox,,"[[10,5,385,485]]",1,500.0,500.0,2026-08-31T16:38:54.769Z,2026-08-31T16:42:26.521Z
annotator_0056,session_0057,38.0,single/solo,human_bbox_annotation,3,ILSVRC2012_val_00026917.JPEG,butterfly,,1.0,bbox,,"[[216,57,441,322]]",1,500.0,443.0,2026-08-31T16:39:24.128Z,2026-08-31T16:42:26.521Z
annotator_0056,session_0057,40.0,single/solo,human_bbox_annotation,3,ILSVRC2012_val_00024314.JPEG,sneak,,1.0,bbox,,"[[131,174,470,384]]",1,640.0,480.0,2026-08-31T16:40:07.416Z,2026-08-31T16:42:26.521Z
annotator_0056,session_0057,41.0,single/multi,human_bbox_annotation,3,ILSVRC2012_val_00035101.JPEG,zebra,,1.0,bbox,,"[[3,7,264,155],[6,148,342,413],[4,18,497,413]]",3,500.0,421.0,2026-08-31T16:40:37.792Z,2026-08-31T16:42:26.521Z
annotator_0056,session_0057,42.0,single/multi,human_bbox_annotation,3,ILSVRC2012_val_00035612.JPEG,mokney,,1.0,bbox,,"[[60,28,462,485]]",1,500.0,500.0,2026-08-31T16:40:49.040Z,2026-08-31T16:42:26.521Z
annotator_0056,session_0057,43.0,single/multi,human_bbox_annotation,3,ILSVRC2012_val_00035457.JPEG,cart,,1.0,bbox,,"[[2,88,218,162],[198,71,598,357]]",2,624.0,396.0,2026-08-31T16:41:12.743Z,2026-08-31T16:42:26.521Z
annotator_0056,session_0057,44.0,multi,human_bbox_annotation,3,ILSVRC2012_val_00035378.JPEG,"bird, dog",,2.0,bbox,,"[[78,94,441,336],[120,27,410,364]]",2,500.0,400.0,2026-08-31T16:41:27.799Z,2026-08-31T16:42:26.521Z
annotator_0056,session_0057,45.0,multi,human_bbox_annotation,3,ILSVRC2012_val_00044472.JPEG,"hat with a wide brim, person",,2.0,bbox,,"[[52,5,370,196],[1,1,372,493]]",2,375.0,500.0,2026-08-31T16:41:39.391Z,2026-08-31T16:42:26.521Z
annotator_0056,session_0057,46.0,multi,human_bbox_annotation,3,ILSVRC2013_val_00003860.JPEG,"digital clock, person",,2.0,bbox,,"[[84,79,138,123],[174,26,490,488]]",2,500.0,500.0,2026-08-31T16:41:51.343Z,2026-08-31T16:42:26.521Z
annotator_0056,session_0057,47.0,udacity,human_bbox_annotation,3,1478732233783674595.jpg,car,,1.0,bbox,,"[[309,125,382,178],[118,109,221,166]]",2,480.0,300.0,2026-08-31T16:42:04.999Z,2026-08-31T16:42:26.521Z
annotator_0056,session_0057,48.0,udacity,human_bbox_annotation,3,1479501447174309879.jpg,car,,1.0,bbox,,"[[2,107,353,229]]",1,480.0,300.0,2026-08-31T16:42:11.327Z,2026-08-31T16:42:26.521Z
annotator_0056,session_0057,49.0,udacity,human_bbox_annotation,3,1479500714623724165.jpg,car,,1.0,bbox,,"[[2,137,62,195],[69,132,174,210]]",2,480.0,300.0,2026-08-31T16:42:22.398Z,2026-08-31T16:42:26.521Z
annotator_0057,session_0058,,single/solo,human_bbox_annotation,2,ILSVRC2012_val_00047878.JPEG,bird,,1.0,reject,unclear_image,[],0,500.0,382.0,2026-08-31T17:42:27.158Z,2026-08-31T17:48:28.745Z
annotator_0057,session_0058,1.0,single/solo,human_bbox_annotation,2,ILSVRC2012_val_00028513.JPEG,𝛼ntelopz,,1.0,reject,unclear_label,[],0,500.0,344.0,2026-08-31T17:42:43.428Z,2026-08-31T17:48:28.745Z
annotator_0057,session_0058,2.0,single/solo,human_bbox_annotation,2,ILSVRC2012_val_00016909.JPEG,herd,,1.0,reject,unclear_label,[],0,500.0,375.0,2026-08-31T17:42:48.909Z,2026-08-31T17:48:28.745Z
annotator_0057,session_0058,3.0,single/multi,human_bbox_annotation,2,ILSVRC2012_val_00018599.JPEG,corkscrew,,1.0,reject,unclear_image,[],0,919.0,1024.0,2026-08-31T17:42:53.127Z,2026-08-31T17:48:28.745Z
annotator_0057,session_0058,4.0,single/multi,human_bbox_annotation,2,ILSVRC2012_val_00042837.JPEG,perfurne,,1.0,reject,unclear_image,[],0,500.0,495.0,2026-08-31T17:43:05.591Z,2026-08-31T17:48:28.745Z
annotator_0057,session_0058,6.0,single/multi,human_bbox_annotation,2,ILSVRC2012_val_00042837.JPEG,pel fume,,1.0,reject,unclear_image,[],0,500.0,495.0,2026-08-31T17:43:15.518Z,2026-08-31T17:48:28.745Z
annotator_0057,session_0058,7.0,multi,human_bbox_annotation,2,ILSVRC2013_val_00000449.JPEG,"bowl, person",,2.0,reject,unclear_image,[],0,375.0,500.0,2026-08-31T17:43:20.255Z,2026-08-31T17:48:28.745Z
annotator_0057,session_0058,8.0,multi,human_bbox_annotation,2,ILSVRC2013_val_00003495.JPEG,"baby bead, filing cabinet, stove, desk",,4.0,reject,unclear_image,[],0,500.0,375.0,2026-08-31T17:43:24.215Z,2026-08-31T17:48:28.745Z
annotator_0057,session_0058,10.0,multi,human_bbox_annotation,2,ILSVRC2012_val_00004761.JPEG,"fowl, pearson, saxophone",,3.0,reject,unclear_image,[],0,500.0,500.0,2026-08-31T17:43:33.496Z,2026-08-31T17:48:28.745Z
annotator_0057,session_0058,11.0,udacity,human_bbox_annotation,2,1478020860712187115.jpg,car,,1.0,bbox,,"[[324,136,415,210]]",1,480.0,300.0,2026-08-31T17:43:40.655Z,2026-08-31T17:48:28.745Z
annotator_0057,session_0058,12.0,udacity,human_bbox_annotation,2,1478020280197384728.jpg,cap,,1.0,reject,unclear_image,[],0,480.0,300.0,2026-08-31T17:43:42.679Z,2026-08-31T17:48:28.745Z
annotator_0057,session_0058,13.0,udacity,human_bbox_annotation,2,1479501447174309879.jpg,cam,,1.0,reject,unclear_label,[],0,480.0,300.0,2026-08-31T17:43:46.303Z,2026-08-31T17:48:28.745Z
annotator_0057,session_0058,14.0,single/solo,human_bbox_annotation,2,ILSVRC2012_val_00012307.JPEG,bird,,1.0,bbox,,"[[119,48,343,359]]",1,443.0,500.0,2026-08-31T17:43:51.609Z,2026-08-31T17:48:28.745Z
annotator_0057,session_0058,15.0,single/solo,human_bbox_annotation,2,ILSVRC2012_val_00043873.JPEG,dig,,1.0,reject,unclear_label,[],0,500.0,375.0,2026-08-31T17:43:58.543Z,2026-08-31T17:48:28.745Z
annotator_0057,session_0058,16.0,single/solo,human_bbox_annotation,2,ILSVRC2012_val_00002595.JPEG,locomotive,,1.0,reject,unclear_label,[],0,500.0,375.0,2026-08-31T17:44:05.344Z,2026-08-31T17:48:28.745Z
annotator_0057,session_0058,17.0,single/multi,human_bbox_annotation,2,ILSVRC2012_val_00029698.JPEG,bird,,1.0,bbox,,"[[183,17,438,339]]",1,500.0,375.0,2026-08-31T17:44:11.569Z,2026-08-31T17:48:28.745Z
annotator_0057,session_0058,18.0,single/multi,human_bbox_annotation,2,ILSVRC2013_val_00000008.JPEG,herd,,1.0,reject,unclear_label,[],0,500.0,334.0,2026-08-31T17:44:16.560Z,2026-08-31T17:48:28.745Z
annotator_0057,session_0058,19.0,single/multi,human_bbox_annotation,2,ILSVRC2012_val_00037937.JPEG,per fume,,1.0,reject,unclear_label,[],0,500.0,486.0,2026-08-31T17:44:20.113Z,2026-08-31T17:48:28.745Z
annotator_0057,session_0058,20.0,multi,human_bbox_annotation,2,ILSVRC2012_val_00003176.JPEG,"bench, dog",,2.0,bbox,,"[[149,34,426,312],[42,0,258,80]]",2,500.0,375.0,2026-08-31T17:44:46.009Z,2026-08-31T17:48:28.745Z
annotator_0057,session_0058,21.0,multi,human_bbox_annotation,2,ILSVRC2012_val_00016267.JPEG,"aple, reler",,2.0,reject,unclear_label,[],0,500.0,334.0,2026-08-31T17:44:50.355Z,2026-08-31T17:48:28.745Z
annotator_0057,session_0058,22.0,multi,human_bbox_annotation,2,ILSVRC2012_val_00047487.JPEG,"dug, person",,2.0,reject,unclear_label,[],0,400.0,290.0,2026-08-31T17:44:53.593Z,2026-08-31T17:48:28.745Z
annotator_0057,session_0058,23.0,udacity,human_bbox_annotation,2,1478895568695802824.jpg,car,,1.0,bbox,,"[[21,124,157,204]]",1,480.0,300.0,2026-08-31T17:46:06.845Z,2026-08-31T17:48:28.745Z
annotator_0057,session_0058,24.0,udacity,human_bbox_annotation,2,1478896071431847989.jpg,can,,1.0,reject,unclear_label,[],0,480.0,300.0,2026-08-31T17:46:15.205Z,2026-08-31T17:48:28.745Z
annotator_0057,session_0058,25.0,udacity,human_bbox_annotation,2,1479501431172538806.jpg,cam,,1.0,reject,unclear_label,[],0,480.0,300.0,2026-08-31T17:46:22.117Z,2026-08-31T17:48:28.745Z
annotator_0057,session_0058,26.0,single/solo,human_bbox_annotation,2,ILSVRC2012_val_00006233.JPEG,diaper,,1.0,reject,unclear_image,[],0,375.0,500.0,2026-08-31T17:46:25.805Z,2026-08-31T17:48:28.745Z
annotator_0057,session_0058,27.0,single/solo,human_bbox_annotation,2,ILSVRC2012_val_00026917.JPEG,butterfly,,1.0,bbox,,"[[206,109,430,337]]",1,500.0,443.0,2026-08-31T17:46:33.277Z,2026-08-31T17:48:28.745Z
annotator_0057,session_0058,28.0,single/solo,human_bbox_annotation,2,ILSVRC2012_val_00024314.JPEG,snake,,1.0,bbox,,"[[126,181,486,403]]",1,640.0,480.0,2026-08-31T17:46:40.005Z,2026-08-31T17:48:28.745Z
annotator_0057,session_0058,29.0,single/multi,human_bbox_annotation,2,ILSVRC2012_val_00037816.JPEG,antelope,,1.0,reject,unclear_label,[],0,500.0,333.0,2026-08-31T17:46:43.445Z,2026-08-31T17:48:28.745Z
annotator_0057,session_0058,30.0,single/multi,human_bbox_annotation,2,ILSVRC2012_val_00002802.JPEG,bird,,1.0,bbox,,"[[126,6,462,378]]",1,500.0,385.0,2026-08-31T17:46:49.557Z,2026-08-31T17:48:28.745Z
annotator_0057,session_0058,31.0,single/multi,human_bbox_annotation,2,ILSVRC2012_val_00022295.JPEG,bench,,1.0,reject,unclear_image,[],0,500.0,442.0,2026-08-31T17:46:53.933Z,2026-08-31T17:48:28.745Z
annotator_0057,session_0058,32.0,multi,human_bbox_annotation,2,ILSVRC2012_val_00010502.JPEG,"plastic bag, pomegranate",,2.0,reject,unclear_image,[],0,500.0,356.0,2026-08-31T17:46:58.364Z,2026-08-31T17:48:28.745Z
annotator_0057,session_0058,33.0,multi,human_bbox_annotation,2,ILSVRC2012_val_00038249.JPEG,"bookshelf, disxwasher",,2.0,reject,unclear_label,[],0,590.0,892.0,2026-08-31T17:47:03.879Z,2026-08-31T17:48:28.745Z
annotator_0057,session_0058,34.0,multi,human_bbox_annotation,2,ILSVRC2012_val_00024444.JPEG,"bench, cello, chair, pe rson, piano",,5.0,reject,unclear_image,[],0,392.0,500.0,2026-08-31T17:47:06.974Z,2026-08-31T17:48:28.745Z
annotator_0057,session_0058,35.0,udacity,human_bbox_annotation,2,1478896071431847989.jpg,car,,1.0,reject,unclear_image,[],0,480.0,300.0,2026-08-31T17:47:13.166Z,2026-08-31T17:48:28.745Z
annotator_0057,session_0058,36.0,udacity,human_bbox_annotation,2,1479504312367157311.jpg,"automobilp, truck",,2.0,reject,unclear_label,[],0,480.0,300.0,2026-08-31T17:47:16.598Z,2026-08-31T17:48:28.745Z
annotator_0057,session_0058,37.0,udacity,human_bbox_annotation,2,1478898995863305961.jpg,automobile,,1.0,reject,unclear_image,[],0,480.0,300.0,2026-08-31T17:47:18.142Z,2026-08-31T17:48:28.745Z
annotator_0057,session_0058,38.0,single/solo,human_bbox_annotation,2,ILSVRC2012_val_00001314.JPEG,dog,,1.0,bbox,,"[[168,68,390,240]]",1,500.0,375.0,2026-08-31T17:47:26.302Z,2026-08-31T17:48:28.745Z
annotator_0057,session_0058,39.0,single/solo,human_bbox_annotation,2,ILSVRC2012_val_00015173.JPEG,pooch,,1.0,reject,unclear_image,[],0,345.0,500.0,2026-08-31T17:47:36.502Z,2026-08-31T17:48:28.745Z
annotator_0057,session_0058,40.0,single/solo,human_bbox_annotation,2,ILSVRC2012_val_00017504.JPEG,perfume,,1.0,bbox,,"[[46,48,243,357]]",1,260.0,375.0,2026-08-31T17:47:42.823Z,2026-08-31T17:48:28.745Z
annotator_0057,session_0058,41.0,single/multi,human_bbox_annotation,2,ILSVRC2012_val_00012301.JPEG,snake,,1.0,reject,unclear_image,[],0,430.0,500.0,2026-08-31T17:47:46.687Z,2026-08-31T17:48:28.745Z
annotator_0057,session_0058,42.0,single/multi,human_bbox_annotation,2,ILSVRC2012_val_00045966.JPEG,soap dispenser,,1.0,reject,unclear_label,[],0,499.0,500.0,2026-08-31T17:47:54.967Z,2026-08-31T17:48:28.745Z
annotator_0057,session_0058,43.0,single/multi,human_bbox_annotation,2,ILSVRC2012_val_00041903.JPEG,salt or pepper shaker,,1.0,reject,unclear_image,[],0,582.0,815.0,2026-08-31T17:47:57.743Z,2026-08-31T17:48:28.745Z
annotator_0057,session_0058,44.0,multi,human_bbox_annotation,2,ILSVRC2012_val_00005713.JPEG,"person, soccer ball",,2.0,bbox,,"[[73,11,210,213]]",1,300.0,225.0,2026-08-31T17:48:03.040Z,2026-08-31T17:48:28.745Z
annotator_0057,session_0058,45.0,multi,human_bbox_annotation,2,ILSVRC2012_val_00042150.JPEG,"car, individual, unicycle",,3.0,reject,unclear_label,[],0,500.0,375.0,2026-08-31T17:48:11.608Z,2026-08-31T17:48:28.745Z
annotator_0057,session_0058,46.0,multi,human_bbox_annotation,2,ILSVRC2013_val_00001956.JPEG,"ucp or mug, strawberry, table",,3.0,reject,unclear_label,[],0,500.0,500.0,2026-08-31T17:48:15.280Z,2026-08-31T17:48:28.745Z
annotator_0057,session_0058,47.0,udacity,human_bbox_annotation,2,1478020280197384728.jpg,car,,1.0,reject,unclear_image,[],0,480.0,300.0,2026-08-31T17:48:17.624Z,2026-08-31T17:48:28.745Z
annotator_0057,session_0058,48.0,udacity,human_bbox_annotation,2,1479500700123235425.jpg,truck,,1.0,reject,unclear_label,[],0,480.0,300.0,2026-08-31T17:48:20.944Z,2026-08-31T17:48:28.745Z
annotator_0057,session_0058,49.0,udacity,human_bbox_annotation,2,1479501447174309879.jpg,car,,1.0,bbox,,"[[5,80,378,241]]",1,480.0,300.0,2026-08-31T17:48:26.464Z,2026-08-31T17:48:28.745Z
annotator_0058,session_0059,,single/solo,human_bbox_annotation,2,ILSVRC2012_val_00047878.JPEG,bird,,1.0,reject,unclear_image,[],0,500.0,382.0,2026-08-31T17:41:52.768Z,2026-08-31T17:53:36.435Z
annotator_0058,session_0059,1.0,single/solo,human_bbox_annotation,2,ILSVRC2012_val_00028513.JPEG,𝛼ntelopz,,1.0,bbox,,"[[60,106,287,299]]",1,500.0,344.0,2026-08-31T17:42:05.720Z,2026-08-31T17:53:36.435Z
annotator_0058,session_0059,2.0,single/solo,human_bbox_annotation,2,ILSVRC2012_val_00016909.JPEG,herd,,1.0,bbox,,"[[84,33,227,243]]",1,500.0,375.0,2026-08-31T17:42:16.607Z,2026-08-31T17:53:36.435Z
annotator_0058,session_0059,3.0,single/multi,human_bbox_annotation,2,ILSVRC2012_val_00018599.JPEG,corkscrew,,1.0,bbox,,"[[525,79,774,709],[192,361,641,837]]",2,919.0,1024.0,2026-08-31T17:42:33.201Z,2026-08-31T17:53:36.435Z
annotator_0058,session_0059,4.0,single/multi,human_bbox_annotation,2,ILSVRC2012_val_00042837.JPEG,perfurne,,1.0,bbox,,"[[56,102,426,474]]",1,500.0,495.0,2026-08-31T17:42:44.919Z,2026-08-31T17:53:36.435Z
annotator_0058,session_0059,6.0,single/multi,human_bbox_annotation,2,ILSVRC2012_val_00042837.JPEG,pel fume,,1.0,reject,unclear_label,[],0,500.0,495.0,2026-08-31T17:43:10.319Z,2026-08-31T17:53:36.435Z
annotator_0058,session_0059,7.0,multi,human_bbox_annotation,2,ILSVRC2013_val_00000449.JPEG,"bowl, person",,2.0,bbox,,"[[113,378,353,496],[0,1,372,497]]",2,375.0,500.0,2026-08-31T17:43:27.656Z,2026-08-31T17:53:36.435Z
annotator_0058,session_0059,8.0,multi,human_bbox_annotation,2,ILSVRC2013_val_00003495.JPEG,"baby bead, filing cabinet, stove, desk",,4.0,bbox,,"[[433,98,496,271],[13,93,109,270],[209,259,286,345],[76,308,174,368],[95,231,231,354]]",5,500.0,375.0,2026-08-31T17:44:04.346Z,2026-08-31T17:53:36.435Z
annotator_0058,session_0059,9.0,multi,human_bbox_annotation,2,ILSVRC2012_val_00004761.JPEG,"fowl, pearson, saxophone",,3.0,bbox,,"[[188,3,299,116],[145,150,222,488],[136,74,362,490]]",3,500.0,500.0,2026-08-31T17:44:30.367Z,2026-08-31T17:53:36.435Z
annotator_0058,session_0059,10.0,udacity,human_bbox_annotation,2,1478020860712187115.jpg,car,,1.0,bbox,,"[[295,140,337,163],[340,143,413,187],[228,142,257,156]]",3,480.0,300.0,2026-08-31T17:44:50.383Z,2026-08-31T17:53:36.435Z
annotator_0058,session_0059,11.0,udacity,human_bbox_annotation,2,1478020280197384728.jpg,cap,,1.0,reject,unclear_label,[],0,480.0,300.0,2026-08-31T17:44:58.327Z,2026-08-31T17:53:36.435Z
annotator_0058,session_0059,12.0,udacity,human_bbox_annotation,2,1479501447174309879.jpg,cam,,1.0,reject,unclear_label,[],0,480.0,300.0,2026-08-31T17:45:02.016Z,2026-08-31T17:53:36.435Z
annotator_0058,session_0059,13.0,single/solo,human_bbox_annotation,2,ILSVRC2012_val_00012307.JPEG,bird,,1.0,bbox,,"[[138,50,267,190]]",1,443.0,500.0,2026-08-31T17:45:13.375Z,2026-08-31T17:53:36.435Z
annotator_0058,session_0059,14.0,single/solo,human_bbox_annotation,2,ILSVRC2012_val_00043873.JPEG,dig,,1.0,reject,unclear_label,[],0,500.0,375.0,2026-08-31T17:45:18.079Z,2026-08-31T17:53:36.435Z
annotator_0058,session_0059,15.0,single/solo,human_bbox_annotation,2,ILSVRC2012_val_00002595.JPEG,locomotive,,1.0,bbox,,"[[266,166,384,215]]",1,500.0,375.0,2026-08-31T17:45:24.415Z,2026-08-31T17:53:36.435Z
annotator_0058,session_0059,16.0,single/multi,human_bbox_annotation,2,ILSVRC2012_val_00029698.JPEG,bird,,1.0,bbox,,"[[188,84,263,157],[22,35,417,318]]",2,500.0,375.0,2026-08-31T17:45:37.327Z,2026-08-31T17:53:36.435Z
annotator_0058,session_0059,17.0,single/multi,human_bbox_annotation,2,ILSVRC2013_val_00000008.JPEG,herd,,1.0,bbox,,"[[65,16,445,325]]",1,500.0,334.0,2026-08-31T17:45:48.077Z,2026-08-31T17:53:36.435Z
annotator_0058,session_0059,18.0,single/multi,human_bbox_annotation,2,ILSVRC2012_val_00037937.JPEG,per fume,,1.0,bbox,,"[[33,96,451,420]]",1,500.0,486.0,2026-08-31T17:45:56.263Z,2026-08-31T17:53:36.435Z
annotator_0058,session_0059,19.0,multi,human_bbox_annotation,2,ILSVRC2012_val_00003176.JPEG,"bench, dog",,2.0,bbox,,"[[5,1,235,79],[176,40,410,347]]",2,500.0,375.0,2026-08-31T17:46:19.975Z,2026-08-31T17:53:36.435Z
annotator_0058,session_0059,20.0,multi,human_bbox_annotation,2,ILSVRC2012_val_00016267.JPEG,"aple, reler",,2.0,bbox,,"[[210,88,394,291],[33,231,497,332],[2,5,229,330],[279,5,495,266]]",4,500.0,334.0,2026-08-31T17:47:03.615Z,2026-08-31T17:53:36.435Z
annotator_0058,session_0059,21.0,multi,human_bbox_annotation,2,ILSVRC2012_val_00047487.JPEG,"dug, person",,2.0,bbox,,"[[34,57,315,274],[84,-1,320,159]]",2,400.0,290.0,2026-08-31T17:47:16.718Z,2026-08-31T17:53:36.435Z
annotator_0058,session_0059,22.0,udacity,human_bbox_annotation,2,1478895568695802824.jpg,car,,1.0,bbox,,"[[24,140,117,189]]",1,480.0,300.0,2026-08-31T17:47:24.430Z,2026-08-31T17:53:36.435Z
annotator_0058,session_0059,23.0,udacity,human_bbox_annotation,2,1478896071431847989.jpg,can,,1.0,reject,unclear_label,[],0,480.0,300.0,2026-08-31T17:47:28.438Z,2026-08-31T17:53:36.435Z
annotator_0058,session_0059,24.0,udacity,human_bbox_annotation,2,1479501431172538806.jpg,cam,,1.0,reject,unclear_label,[],0,480.0,300.0,2026-08-31T17:47:30.782Z,2026-08-31T17:53:36.435Z
annotator_0058,session_0059,25.0,single/solo,human_bbox_annotation,2,ILSVRC2012_val_00006233.JPEG,diaper,,1.0,bbox,,"[[124,213,244,327]]",1,375.0,500.0,2026-08-31T17:47:43.566Z,2026-08-31T17:53:36.435Z
annotator_0058,session_0059,26.0,single/solo,human_bbox_annotation,2,ILSVRC2012_val_00026917.JPEG,butterfly,,1.0,bbox,,"[[211,64,440,321]]",1,500.0,443.0,2026-08-31T17:47:53.486Z,2026-08-31T17:53:36.435Z
annotator_0058,session_0059,27.0,single/solo,human_bbox_annotation,2,ILSVRC2012_val_00024314.JPEG,snake,,1.0,bbox,,"[[138,174,466,383]]",1,640.0,480.0,2026-08-31T17:48:14.351Z,2026-08-31T17:53:36.435Z
annotator_0058,session_0059,28.0,single/multi,human_bbox_annotation,2,ILSVRC2012_val_00037816.JPEG,antelope,,1.0,bbox,,"[[17,166,160,248],[255,90,388,219]]",2,500.0,333.0,2026-08-31T17:48:32.534Z,2026-08-31T17:53:36.435Z
annotator_0058,session_0059,29.0,single/multi,human_bbox_annotation,2,ILSVRC2012_val_00002802.JPEG,bird,,1.0,bbox,,"[[10,99,195,378],[164,2,494,373]]",2,500.0,385.0,2026-08-31T17:48:47.758Z,2026-08-31T17:53:36.435Z
annotator_0058,session_0059,30.0,single/multi,human_bbox_annotation,2,ILSVRC2012_val_00022295.JPEG,bench,,1.0,bbox,,"[[1,328,254,419]]",1,500.0,442.0,2026-08-31T17:48:57.558Z,2026-08-31T17:53:36.435Z
annotator_0058,session_0059,31.0,multi,human_bbox_annotation,2,ILSVRC2012_val_00010502.JPEG,"plastic bag, pomegranate",,2.0,bbox,,"[[116,55,388,318],[0,100,99,251]]",2,500.0,356.0,2026-08-31T17:49:24.822Z,2026-08-31T17:53:36.435Z
annotator_0058,session_0059,32.0,multi,human_bbox_annotation,2,ILSVRC2012_val_00038249.JPEG,"bookshelf, disxwasher",,2.0,bbox,,"[[13,103,519,490],[537,365,585,475]]",2,590.0,892.0,2026-08-31T17:49:47.006Z,2026-08-31T17:53:36.435Z
annotator_0058,session_0059,33.0,multi,human_bbox_annotation,2,ILSVRC2012_val_00024444.JPEG,"bench, cello, chair, pe rson, piano",,5.0,bbox,,"[[35,218,96,295],[39,98,151,283],[139,120,257,360],[143,37,362,273],[5,309,198,495]]",5,392.0,500.0,2026-08-31T17:50:12.838Z,2026-08-31T17:53:36.435Z
annotator_0058,session_0059,34.0,udacity,human_bbox_annotation,2,1478896071431847989.jpg,car,,1.0,bbox,,"[[399,91,479,203]]",1,480.0,300.0,2026-08-31T17:50:23.414Z,2026-08-31T17:53:36.435Z
annotator_0058,session_0059,35.0,udacity,human_bbox_annotation,2,1479504312367157311.jpg,"automobilp, truck",,2.0,bbox,,"[[134,141,331,257],[90,132,174,189],[199,108,292,149]]",3,480.0,300.0,2026-08-31T17:50:37.974Z,2026-08-31T17:53:36.435Z
annotator_0058,session_0059,36.0,udacity,human_bbox_annotation,2,1478898995863305961.jpg,automobile,,1.0,bbox,,"[[142,129,241,212]]",1,480.0,300.0,2026-08-31T17:50:43.984Z,2026-08-31T17:53:36.435Z
annotator_0058,session_0059,37.0,single/solo,human_bbox_annotation,2,ILSVRC2012_val_00001314.JPEG,dog,,1.0,bbox,,"[[175,85,374,252]]",1,500.0,375.0,2026-08-31T17:50:53.102Z,2026-08-31T17:53:36.435Z
annotator_0058,session_0059,38.0,single/solo,human_bbox_annotation,2,ILSVRC2012_val_00015173.JPEG,pooch,,1.0,bbox,,"[[43,140,300,298]]",1,345.0,500.0,2026-08-31T17:51:02.230Z,2026-08-31T17:53:36.435Z
annotator_0058,session_0059,39.0,single/solo,human_bbox_annotation,2,ILSVRC2012_val_00017504.JPEG,perfume,,1.0,bbox,,"[[48,73,226,343]]",1,260.0,375.0,2026-08-31T17:51:10.590Z,2026-08-31T17:53:36.435Z
annotator_0058,session_0059,40.0,single/multi,human_bbox_annotation,2,ILSVRC2012_val_00012301.JPEG,snake,,1.0,bbox,,"[[186,4,426,138],[3,6,283,497]]",2,430.0,500.0,2026-08-31T17:51:23.558Z,2026-08-31T17:53:36.435Z
annotator_0058,session_0059,41.0,single/multi,human_bbox_annotation,2,ILSVRC2012_val_00045966.JPEG,soap dispenser,,1.0,bbox,,"[[38,23,466,471]]",1,499.0,500.0,2026-08-31T17:51:34.710Z,2026-08-31T17:53:36.435Z
annotator_0058,session_0059,42.0,single/multi,human_bbox_annotation,2,ILSVRC2012_val_00041903.JPEG,salt or pepper shaker,,1.0,bbox,,"[[93,309,382,788]]",1,582.0,815.0,2026-08-31T17:51:45.015Z,2026-08-31T17:53:36.435Z
annotator_0058,session_0059,44.0,multi,human_bbox_annotation,2,ILSVRC2012_val_00005713.JPEG,"person, soccer ball",,2.0,bbox,,"[[116,109,166,212],[101,15,202,111]]",2,300.0,225.0,2026-08-31T17:52:07.141Z,2026-08-31T17:53:36.435Z
annotator_0058,session_0059,45.0,multi,human_bbox_annotation,2,ILSVRC2012_val_00042150.JPEG,"car, individual, unicycle",,3.0,bbox,,"[[24,144,247,239],[228,261,314,338],[228,102,333,336],[380,118,426,181],[2,104,104,182],[451,184,496,282]]",6,500.0,375.0,2026-08-31T17:52:41.486Z,2026-08-31T17:53:36.435Z
annotator_0058,session_0059,46.0,multi,human_bbox_annotation,2,ILSVRC2013_val_00001956.JPEG,"ucp or mug, strawberry, table",,3.0,bbox,,"[[340,127,478,396],[28,36,185,119],[18,15,481,478]]",3,500.0,500.0,2026-08-31T17:52:59.982Z,2026-08-31T17:53:36.435Z
annotator_0058,session_0059,47.0,udacity,human_bbox_annotation,2,1478020280197384728.jpg,car,,1.0,bbox,,"[[240,131,337,166]]",1,480.0,300.0,2026-08-31T17:53:11.933Z,2026-08-31T17:53:36.435Z
annotator_0058,session_0059,48.0,udacity,human_bbox_annotation,2,1479500700123235425.jpg,truck,,1.0,bbox,,"[[1,111,106,174]]",1,480.0,300.0,2026-08-31T17:53:25.478Z,2026-08-31T17:53:36.435Z
annotator_0058,session_0059,49.0,udacity,human_bbox_annotation,2,1479501447174309879.jpg,car,,1.0,bbox,,"[[0,104,352,236]]",1,480.0,300.0,2026-08-31T17:53:32.669Z,2026-08-31T17:53:36.435Z
annotator_0059,session_0060,,single/solo,human_bbox_annotation,2,ILSVRC2012_val_00047878.JPEG,bird,,1.0,bbox,,"[[152,106,394,238]]",1,500.0,382.0,2026-08-31T17:44:14.062Z,2026-08-31T18:03:03.831Z
annotator_0059,session_0060,1.0,single/solo,human_bbox_annotation,2,ILSVRC2012_val_00028513.JPEG,𝛼ntelopz,,1.0,skip,,[],0,500.0,344.0,2026-08-31T17:46:20.596Z,2026-08-31T18:03:03.831Z
annotator_0059,session_0060,2.0,single/solo,human_bbox_annotation,2,ILSVRC2012_val_00016909.JPEG,herd,,1.0,bbox,,"[[97,223,241,375]]",1,500.0,375.0,2026-08-31T17:47:18.022Z,2026-08-31T18:03:03.831Z
annotator_0059,session_0060,3.0,single/multi,human_bbox_annotation,2,ILSVRC2012_val_00018599.JPEG,corkscrew,,1.0,bbox,,"[[536,51,827,721]]",1,919.0,1024.0,2026-08-31T17:48:43.202Z,2026-08-31T18:03:03.831Z
annotator_0059,session_0060,4.0,single/multi,human_bbox_annotation,2,ILSVRC2012_val_00042837.JPEG,perfurne,,1.0,bbox,,"[[249,109,446,453]]",1,500.0,495.0,2026-08-31T17:48:50.288Z,2026-08-31T18:03:03.831Z
annotator_0059,session_0060,5.0,single/multi,human_bbox_annotation,2,ILSVRC2012_val_00042837.JPEG,pel fume,,1.0,reject,other,[],0,500.0,495.0,2026-08-31T17:49:08.121Z,2026-08-31T18:03:03.831Z
annotator_0059,session_0060,6.0,multi,human_bbox_annotation,2,ILSVRC2013_val_00000449.JPEG,"bowl, person",,2.0,bbox,,"[[145,175,339,483]]",1,375.0,500.0,2026-08-31T17:49:15.232Z,2026-08-31T18:03:03.831Z
annotator_0059,session_0060,7.0,multi,human_bbox_annotation,2,ILSVRC2013_val_00003495.JPEG,"baby bead, filing cabinet, stove, desk",,4.0,bbox,,"[[352,135,414,231],[16,202,101,341],[115,51,249,134],[321,43,445,120],[223,250,292,345],[116,178,212,268],[256,92,336,249]]",7,500.0,375.0,2026-08-31T17:50:04.443Z,2026-08-31T18:03:03.831Z
annotator_0059,session_0060,8.0,multi,human_bbox_annotation,2,ILSVRC2012_val_00004761.JPEG,"fowl, pearson, saxophone",,3.0,bbox,,"[[148,151,222,473],[161,7,321,104],[102,9,393,491]]",3,500.0,500.0,2026-08-31T17:50:22.259Z,2026-08-31T18:03:03.831Z
annotator_0059,session_0060,9.0,udacity,human_bbox_annotation,2,1478020860712187115.jpg,car,,1.0,bbox,,"[[330,136,406,187],[276,120,345,165],[218,121,267,156]]",3,480.0,300.0,2026-08-31T17:50:30.304Z,2026-08-31T18:03:03.831Z
annotator_0059,session_0060,10.0,udacity,human_bbox_annotation,2,1478020280197384728.jpg,cap,,1.0,bbox,,"[[223,127,349,182]]",1,480.0,300.0,2026-08-31T17:50:43.311Z,2026-08-31T18:03:03.831Z
annotator_0059,session_0060,11.0,udacity,human_bbox_annotation,2,1479501447174309879.jpg,cam,,1.0,skip,,[],0,480.0,300.0,2026-08-31T17:52:02.122Z,2026-08-31T18:03:03.831Z
annotator_0059,session_0060,12.0,single/solo,human_bbox_annotation,2,ILSVRC2012_val_00012307.JPEG,bird,,1.0,bbox,,"[[108,37,275,199]]",1,443.0,500.0,2026-08-31T17:52:08.903Z,2026-08-31T18:03:03.831Z
annotator_0059,session_0060,13.0,single/solo,human_bbox_annotation,2,ILSVRC2012_val_00043873.JPEG,dig,,1.0,bbox,,"[[215,124,321,224]]",1,500.0,375.0,2026-08-31T17:52:19.278Z,2026-08-31T18:03:03.831Z
annotator_0059,session_0060,14.0,single/solo,human_bbox_annotation,2,ILSVRC2012_val_00002595.JPEG,locomotive,,1.0,skip,,[],0,500.0,375.0,2026-08-31T17:53:19.421Z,2026-08-31T18:03:03.831Z
annotator_0059,session_0060,15.0,single/multi,human_bbox_annotation,2,ILSVRC2012_val_00029698.JPEG,bird,,1.0,bbox,,"[[54,23,468,325]]",1,500.0,375.0,2026-08-31T17:53:32.420Z,2026-08-31T18:03:03.831Z
annotator_0059,session_0060,17.0,single/multi,human_bbox_annotation,2,ILSVRC2013_val_00000008.JPEG,herd,,1.0,bbox,,"[[216,98,470,335],[27,6,238,334]]",2,500.0,334.0,2026-08-31T17:54:20.768Z,2026-08-31T18:03:03.831Z
annotator_0059,session_0060,18.0,single/multi,human_bbox_annotation,2,ILSVRC2012_val_00037937.JPEG,per fume,,1.0,skip,,[],0,500.0,486.0,2026-08-31T17:54:38.446Z,2026-08-31T18:03:03.831Z
annotator_0059,session_0060,19.0,multi,human_bbox_annotation,2,ILSVRC2012_val_00003176.JPEG,"bench, dog",,2.0,bbox,,"[[120,29,432,339]]",1,500.0,375.0,2026-08-31T17:54:43.493Z,2026-08-31T18:03:03.831Z
annotator_0059,session_0060,20.0,multi,human_bbox_annotation,2,ILSVRC2012_val_00016267.JPEG,"aple, reler",,2.0,bbox,,"[[194,91,406,284],[18,3,494,329]]",2,500.0,334.0,2026-08-31T17:55:00.193Z,2026-08-31T18:03:03.831Z
annotator_0059,session_0060,21.0,multi,human_bbox_annotation,2,ILSVRC2012_val_00047487.JPEG,"dug, person",,2.0,bbox,,"[[9,68,289,257],[312,3,374,84],[60,3,344,141]]",3,400.0,290.0,2026-08-31T17:55:21.282Z,2026-08-31T18:03:03.831Z
annotator_0059,session_0060,22.0,udacity,human_bbox_annotation,2,1478895568695802824.jpg,car,,1.0,bbox,,"[[20,121,112,193]]",1,480.0,300.0,2026-08-31T17:55:25.796Z,2026-08-31T18:03:03.831Z
annotator_0059,session_0060,23.0,udacity,human_bbox_annotation,2,1478896071431847989.jpg,can,,1.0,skip,,[],0,480.0,300.0,2026-08-31T17:55:46.922Z,2026-08-31T18:03:03.831Z
annotator_0059,session_0060,24.0,udacity,human_bbox_annotation,2,1479501431172538806.jpg,cam,,1.0,skip,,[],0,480.0,300.0,2026-08-31T17:55:51.856Z,2026-08-31T18:03:03.831Z
annotator_0059,session_0060,25.0,single/solo,human_bbox_annotation,2,ILSVRC2012_val_00006233.JPEG,diaper,,1.0,bbox,,"[[129,194,247,338]]",1,375.0,500.0,2026-08-31T17:55:58.327Z,2026-08-31T18:03:03.831Z
annotator_0059,session_0060,26.0,single/solo,human_bbox_annotation,2,ILSVRC2012_val_00026917.JPEG,butterfly,,1.0,bbox,,"[[143,98,455,339]]",1,500.0,443.0,2026-08-31T17:56:04.199Z,2026-08-31T18:03:03.831Z
annotator_0059,session_0060,27.0,single/solo,human_bbox_annotation,2,ILSVRC2012_val_00024314.JPEG,snake,,1.0,bbox,,"[[135,173,492,383]]",1,640.0,480.0,2026-08-31T17:56:15.855Z,2026-08-31T18:03:03.831Z
annotator_0059,session_0060,28.0,single/multi,human_bbox_annotation,2,ILSVRC2012_val_00037816.JPEG,antelope,,1.0,bbox,,"[[212,95,433,235],[11,162,182,257]]",2,500.0,333.0,2026-08-31T17:56:24.083Z,2026-08-31T18:03:03.831Z
annotator_0059,session_0060,29.0,single/multi,human_bbox_annotation,2,ILSVRC2012_val_00002802.JPEG,bird,,1.0,bbox,,"[[168,-4,497,383],[3,7,165,378]]",2,500.0,385.0,2026-08-31T17:56:49.267Z,2026-08-31T18:03:03.831Z
annotator_0059,session_0060,30.0,single/multi,human_bbox_annotation,2,ILSVRC2012_val_00022295.JPEG,bench,,1.0,bbox,,"[[142,323,276,415],[1,301,91,422]]",2,500.0,442.0,2026-08-31T17:57:02.274Z,2026-08-31T18:03:03.831Z
annotator_0059,session_0060,32.0,multi,human_bbox_annotation,2,ILSVRC2012_val_00010502.JPEG,"plastic bag, pomegranate",,2.0,bbox,,"[[113,61,391,299],[5,7,196,104]]",2,500.0,356.0,2026-08-31T17:58:10.046Z,2026-08-31T18:03:03.831Z
annotator_0059,session_0060,33.0,multi,human_bbox_annotation,2,ILSVRC2012_val_00038249.JPEG,"bookshelf, disxwasher",,2.0,bbox,,"[[53,112,529,294],[515,308,588,484]]",2,590.0,892.0,2026-08-31T17:58:58.466Z,2026-08-31T18:03:03.831Z
annotator_0059,session_0060,34.0,multi,human_bbox_annotation,2,ILSVRC2012_val_00024444.JPEG,"bench, cello, chair, pe rson, piano",,5.0,bbox,,"[[10,295,216,493],[31,90,142,271],[158,111,230,173],[157,184,252,289],[180,37,363,273]]",5,392.0,500.0,2026-08-31T17:59:21.032Z,2026-08-31T18:03:03.831Z
annotator_0059,session_0060,35.0,udacity,human_bbox_annotation,2,1478896071431847989.jpg,car,,1.0,bbox,,"[[404,65,491,217]]",1,480.0,300.0,2026-08-31T17:59:29.623Z,2026-08-31T18:03:03.831Z
annotator_0059,session_0060,36.0,udacity,human_bbox_annotation,2,1479504312367157311.jpg,"automobilp, truck",,2.0,bbox,,"[[143,146,332,268],[75,114,166,173],[198,98,298,146]]",3,480.0,300.0,2026-08-31T18:00:11.891Z,2026-08-31T18:03:03.831Z
annotator_0059,session_0060,37.0,udacity,human_bbox_annotation,2,1478898995863305961.jpg,automobile,,1.0,bbox,,"[[115,76,266,225]]",1,480.0,300.0,2026-08-31T18:00:18.378Z,2026-08-31T18:03:03.831Z
annotator_0059,session_0060,38.0,single/solo,human_bbox_annotation,2,ILSVRC2012_val_00001314.JPEG,dog,,1.0,bbox,,"[[131,83,414,256]]",1,500.0,375.0,2026-08-31T18:00:23.109Z,2026-08-31T18:03:03.831Z
annotator_0059,session_0060,39.0,single/solo,human_bbox_annotation,2,ILSVRC2012_val_00015173.JPEG,pooch,,1.0,bbox,,"[[38,138,320,345]]",1,345.0,500.0,2026-08-31T18:00:44.121Z,2026-08-31T18:03:03.831Z
annotator_0059,session_0060,40.0,single/solo,human_bbox_annotation,2,ILSVRC2012_val_00017504.JPEG,perfume,,1.0,bbox,,"[[17,58,238,351]]",1,260.0,375.0,2026-08-31T18:00:49.072Z,2026-08-31T18:03:03.831Z
annotator_0059,session_0060,41.0,single/multi,human_bbox_annotation,2,ILSVRC2012_val_00012301.JPEG,snake,,1.0,bbox,,"[[212,-1,416,140],[-4,-1,306,500]]",2,430.0,500.0,2026-08-31T18:01:03.849Z,2026-08-31T18:03:03.831Z
annotator_0059,session_0060,42.0,single/multi,human_bbox_annotation,2,ILSVRC2012_val_00045966.JPEG,soap dispenser,,1.0,bbox,,"[[266,3,459,480],[28,126,229,469]]",2,499.0,500.0,2026-08-31T18:01:20.678Z,2026-08-31T18:03:03.831Z
annotator_0059,session_0060,43.0,single/multi,human_bbox_annotation,2,ILSVRC2012_val_00041903.JPEG,salt or pepper shaker,,1.0,bbox,,"[[87,594,401,816],[26,5,559,585]]",2,582.0,815.0,2026-08-31T18:01:35.284Z,2026-08-31T18:03:03.831Z
annotator_0059,session_0060,44.0,multi,human_bbox_annotation,2,ILSVRC2012_val_00005713.JPEG,"person, soccer ball",,2.0,bbox,,"[[101,111,180,214],[76,0,226,110]]",2,300.0,225.0,2026-08-31T18:01:42.263Z,2026-08-31T18:03:03.831Z
annotator_0059,session_0060,45.0,multi,human_bbox_annotation,2,ILSVRC2012_val_00042150.JPEG,"car, individual, unicycle",,3.0,bbox,,"[[13,128,238,244],[444,179,504,292],[1,50,112,170],[214,253,320,339],[364,105,444,191],[227,95,335,246]]",6,500.0,375.0,2026-08-31T18:02:18.027Z,2026-08-31T18:03:03.831Z
annotator_0059,session_0060,46.0,multi,human_bbox_annotation,2,ILSVRC2013_val_00001956.JPEG,"ucp or mug, strawberry, table",,3.0,bbox,,"[[326,117,494,395],[24,20,208,279],[5,10,475,475]]",3,500.0,500.0,2026-08-31T18:02:42.568Z,2026-08-31T18:03:03.831Z
annotator_0059,session_0060,47.0,udacity,human_bbox_annotation,2,1478020280197384728.jpg,car,,1.0,bbox,,"[[215,127,351,178]]",1,480.0,300.0,2026-08-31T18:02:46.503Z,2026-08-31T18:03:03.831Z
annotator_0059,session_0060,48.0,udacity,human_bbox_annotation,2,1479500700123235425.jpg,truck,,1.0,bbox,,"[[2,81,108,183]]",1,480.0,300.0,2026-08-31T18:02:53.114Z,2026-08-31T18:03:03.831Z
annotator_0059,session_0060,49.0,udacity,human_bbox_annotation,2,1479501447174309879.jpg,car,,1.0,bbox,,"[[5,64,358,253]]",1,480.0,300.0,2026-08-31T18:03:00.231Z,2026-08-31T18:03:03.831Z
annotator_0060,session_0061,,single/solo,human_bbox_annotation,3,ILSVRC2012_val_00006233.JPEG,diaper,,1.0,bbox,,"[[133,209,250,334]]",1,375.0,500.0,2026-08-31T18:15:56.851Z,2026-08-31T18:38:16.293Z
annotator_0060,session_0061,1.0,single/solo,human_bbox_annotation,3,ILSVRC2012_val_00010994.JPEG,dot,,1.0,reject,unclear_label,[],0,500.0,375.0,2026-08-31T18:16:29.314Z,2026-08-31T18:38:16.293Z
annotator_0060,session_0061,2.0,single/solo,human_bbox_annotation,3,ILSVRC2012_val_00047845.JPEG,sneak,,1.0,bbox,,"[[20,147,456,281]]",1,500.0,375.0,2026-08-31T18:16:40.394Z,2026-08-31T18:38:16.293Z
annotator_0060,session_0061,3.0,single/multi,human_bbox_annotation,3,ILSVRC2012_val_00041903.JPEG,salt or pepper shaker,,1.0,bbox,,"[[104,307,349,811],[134,78,561,678]]",2,582.0,815.0,2026-08-31T18:17:12.866Z,2026-08-31T18:38:16.293Z
annotator_0060,session_0061,4.0,single/multi,human_bbox_annotation,3,ILSVRC2012_val_00044520.JPEG,iuod,,1.0,reject,unclear_label,[],0,500.0,241.0,2026-08-31T18:18:20.062Z,2026-08-31T18:38:16.293Z
annotator_0060,session_0061,5.0,single/multi,human_bbox_annotation,3,ILSVRC2012_val_00004401.JPEG,islpod,,1.0,bbox,,"[[41,175,334,479]]",1,375.0,500.0,2026-08-31T18:19:27.106Z,2026-08-31T18:38:16.293Z
annotator_0060,session_0061,6.0,multi,human_bbox_annotation,3,ILSVRC2012_val_00022857.JPEG,"dog, person",,2.0,bbox,,"[[4,84,290,380],[301,108,489,340],[342,3,496,372]]",3,500.0,375.0,2026-08-31T18:20:03.986Z,2026-08-31T18:38:16.293Z
annotator_0060,session_0061,7.0,multi,human_bbox_annotation,3,ILSVRC2012_val_00039154.JPEG,"pirson, racket",,2.0,bbox,,"[[266,210,349,370],[94,34,97,37],[37,9,314,388]]",3,500.0,376.0,2026-08-31T18:20:29.946Z,2026-08-31T18:38:16.293Z
annotator_0060,session_0061,8.0,multi,human_bbox_annotation,3,ILSVRC2012_val_00030479.JPEG,"dog, individual",,2.0,bbox,,"[[53,86,378,292]]",1,500.0,375.0,2026-08-31T18:20:37.834Z,2026-08-31T18:38:16.293Z
annotator_0060,session_0061,9.0,udacity,human_bbox_annotation,3,1479501431172538806.jpg,car,,1.0,bbox,,"[[111,105,427,235]]",1,480.0,300.0,2026-08-31T18:20:45.122Z,2026-08-31T18:38:16.293Z
annotator_0060,session_0061,10.0,udacity,human_bbox_annotation,3,1479501447174309879.jpg,cab,,1.0,bbox,,"[[3,92,356,246]]",1,480.0,300.0,2026-08-31T18:21:29.474Z,2026-08-31T18:38:16.293Z
annotator_0060,session_0061,11.0,udacity,human_bbox_annotation,3,1479503322799978016.jpg,car,,1.0,bbox,,"[[143,96,321,256],[392,105,477,196],[3,115,107,239]]",3,480.0,300.0,2026-08-31T18:21:40.738Z,2026-08-31T18:38:16.293Z
annotator_0060,session_0061,12.0,single/solo,human_bbox_annotation,3,ILSVRC2012_val_00031771.JPEG,croquet ball,,1.0,bbox,,"[[171,115,288,236],[281,-1,394,224]]",2,500.0,333.0,2026-08-31T18:21:52.506Z,2026-08-31T18:38:16.293Z
annotator_0060,session_0061,13.0,single/solo,human_bbox_annotation,3,ILSVRC2012_val_00032258.JPEG,golf fihs,,1.0,bbox,,"[[115,76,424,334]]",1,500.0,375.0,2026-08-31T18:22:02.690Z,2026-08-31T18:38:16.293Z
annotator_0060,session_0061,15.0,single/solo,human_bbox_annotation,3,ILSVRC2012_val_00013465.JPEG,hippopotamus,,1.0,bbox,,"[[34,165,256,332]]",1,396.0,500.0,2026-08-31T18:22:22.762Z,2026-08-31T18:38:16.293Z
annotator_0060,session_0061,17.0,single/multi,human_bbox_annotation,3,ILSVRC2012_val_00048808.JPEG,isopod,,1.0,bbox,,"[[333,52,479,367],[144,84,315,273],[-4,3,155,373]]",3,500.0,375.0,2026-08-31T18:23:19.594Z,2026-08-31T18:38:16.293Z
annotator_0060,session_0061,18.0,single/multi,human_bbox_annotation,3,ILSVRC2012_val_00039027.JPEG,dot,,1.0,skip,,[],0,500.0,375.0,2026-08-31T18:23:43.930Z,2026-08-31T18:38:16.293Z
annotator_0060,session_0061,19.0,single/multi,human_bbox_annotation,3,ILSVRC2012_val_00039795.JPEG,bare,,1.0,bbox,,"[[32,60,148,155],[104,2,227,145]]",2,250.0,168.0,2026-08-31T18:24:18.378Z,2026-08-31T18:38:16.293Z
annotator_0060,session_0061,20.0,multi,human_bbox_annotation,3,ILSVRC2012_val_00004709.JPEG,"brassiere, person",,2.0,bbox,,"[[82,252,243,360],[17,1,333,493]]",2,338.0,500.0,2026-08-31T18:24:38.227Z,2026-08-31T18:38:16.293Z
annotator_0060,session_0061,21.0,multi,human_bbox_annotation,3,ILSVRC2012_val_00006695.JPEG,"bow tie, ob oe, pearspn",,3.0,bbox,,"[[367,980,370,983],[1170,900,1176,939],[422,407,740,586],[174,391,510,995],[59,7,847,992]]",5,867.0,996.0,2026-08-31T18:30:02.115Z,2026-08-31T18:38:16.293Z
annotator_0060,session_0061,22.0,multi,human_bbox_annotation,3,ILSVRC2012_val_00004048.JPEG,"croquet ball, flower pot, ping-pong ball",,3.0,bbox,,"[[171,217,226,353],[61,177,164,279]]",2,375.0,500.0,2026-08-31T18:32:08.667Z,2026-08-31T18:38:16.293Z
annotator_0060,session_0061,23.0,udacity,human_bbox_annotation,3,1478896071431847989.jpg,car,,1.0,bbox,,"[[409,88,490,214]]",1,480.0,300.0,2026-08-31T18:32:12.803Z,2026-08-31T18:38:16.293Z
annotator_0060,session_0061,24.0,udacity,human_bbox_annotation,3,1478898995863305961.jpg,can,,1.0,bbox,,"[[145,120,239,217]]",1,480.0,300.0,2026-08-31T18:32:37.050Z,2026-08-31T18:38:16.293Z
annotator_0060,session_0061,25.0,udacity,human_bbox_annotation,3,1478898087511960878.jpg,"car, track",,2.0,bbox,,"[[32,80,255,253]]",1,480.0,300.0,2026-08-31T18:32:50.418Z,2026-08-31T18:38:16.293Z
annotator_0060,session_0061,26.0,single/solo,human_bbox_annotation,3,ILSVRC2013_val_00004426.JPEG,koala bear,,1.0,bbox,,"[[11,89,331,502]]",1,332.0,500.0,2026-08-31T18:33:00.491Z,2026-08-31T18:38:16.293Z
annotator_0060,session_0061,27.0,single/solo,human_bbox_annotation,3,ILSVRC2013_val_00004383.JPEG,person,,1.0,bbox,,"[[18,30,323,514]]",1,333.0,500.0,2026-08-31T18:33:12.595Z,2026-08-31T18:38:16.293Z
annotator_0060,session_0061,28.0,single/solo,human_bbox_annotation,3,ILSVRC2012_val_00043661.JPEG,sal t or pepper shaker,,1.0,bbox,,"[[125,213,271,457],[57,48,306,483]]",2,380.0,571.0,2026-08-31T18:33:49.315Z,2026-08-31T18:38:16.293Z
annotator_0060,session_0061,29.0,single/multi,human_bbox_annotation,3,ILSVRC2012_val_00029698.JPEG,bird,,1.0,bbox,,"[[71,38,413,327]]",1,500.0,375.0,2026-08-31T18:33:58.011Z,2026-08-31T18:38:16.293Z
annotator_0060,session_0061,30.0,single/multi,human_bbox_annotation,3,ILSVRC2013_val_00001740.JPEG,bicycl e,,1.0,bbox,,"[[225,194,335,248],[221,254,330,334]]",2,333.0,500.0,2026-08-31T18:34:11.387Z,2026-08-31T18:38:16.293Z
annotator_0060,session_0061,31.0,single/multi,human_bbox_annotation,3,ILSVRC2012_val_00035151.JPEG,burd,,1.0,bbox,,"[[138,22,471,199],[7,42,395,378]]",2,500.0,384.0,2026-08-31T18:34:25.547Z,2026-08-31T18:38:16.293Z
annotator_0060,session_0061,32.0,multi,human_bbox_annotation,3,ILSVRC2012_val_00026051.JPEG,"bookshelf, dog",,2.0,bbox,,"[[-3,2,415,97],[14,56,341,468]]",2,415.0,500.0,2026-08-31T18:35:10.699Z,2026-08-31T18:38:16.293Z
annotator_0060,session_0061,33.0,multi,human_bbox_annotation,3,ILSVRC2012_val_00018814.JPEG,"croquet ball, person, pingpogg bawl",,3.0,bbox,,"[[232,-1,385,212],[408,24,498,172],[-3,2,129,324],[160,275,203,332]]",4,500.0,417.0,2026-08-31T18:35:27.475Z,2026-08-31T18:38:16.293Z
annotator_0060,session_0061,34.0,multi,human_bbox_annotation,3,ILSVRC2012_val_00004068.JPEG,"axe, person",,2.0,bbox,,"[[99,238,354,526]]",1,375.0,500.0,2026-08-31T18:35:46.307Z,2026-08-31T18:38:16.293Z
annotator_0060,session_0061,35.0,udacity,human_bbox_annotation,3,1478898087511960878.jpg,"car, truck",,2.0,bbox,,"[[53,80,261,263],[245,29,472,212]]",2,480.0,300.0,2026-08-31T18:35:55.315Z,2026-08-31T18:38:16.293Z
annotator_0060,session_0061,36.0,udacity,human_bbox_annotation,3,1478896071431847989.jpg,cav,,1.0,skip,,[],0,480.0,300.0,2026-08-31T18:36:00.395Z,2026-08-31T18:38:16.293Z
annotator_0060,session_0061,37.0,udacity,human_bbox_annotation,3,1478895568695802824.jpg,car,,1.0,bbox,,"[[25,133,130,197]]",1,480.0,300.0,2026-08-31T18:36:04.475Z,2026-08-31T18:38:16.293Z
annotator_0060,session_0061,38.0,single/solo,human_bbox_annotation,3,ILSVRC2013_val_00001634.JPEG,table,,1.0,skip,,[],0,500.0,500.0,2026-08-31T18:36:09.211Z,2026-08-31T18:38:16.293Z
annotator_0060,session_0061,39.0,single/solo,human_bbox_annotation,3,ILSVRC2012_val_00026917.JPEG,butterfly,,1.0,bbox,,"[[181,81,444,328]]",1,500.0,443.0,2026-08-31T18:36:14.267Z,2026-08-31T18:38:16.293Z
annotator_0060,session_0061,40.0,single/solo,human_bbox_annotation,3,ILSVRC2012_val_00024314.JPEG,sneak,,1.0,bbox,,"[[98,179,489,376]]",1,640.0,480.0,2026-08-31T18:36:22.691Z,2026-08-31T18:38:16.293Z
annotator_0060,session_0061,41.0,single/multi,human_bbox_annotation,3,ILSVRC2012_val_00035101.JPEG,zebra,,1.0,skip,,[],0,,,2026-08-31T18:36:30.467Z,2026-08-31T18:38:16.293Z
annotator_0060,session_0061,42.0,single/multi,human_bbox_annotation,3,ILSVRC2012_val_00035612.JPEG,mokney,,1.0,bbox,,"[[63,40,456,493]]",1,500.0,500.0,2026-08-31T18:36:37.850Z,2026-08-31T18:38:16.293Z
annotator_0060,session_0061,43.0,single/multi,human_bbox_annotation,3,ILSVRC2012_val_00035457.JPEG,cart,,1.0,bbox,,"[[3,67,217,164],[185,102,579,328]]",2,624.0,396.0,2026-08-31T18:36:49.235Z,2026-08-31T18:38:16.293Z
annotator_0060,session_0061,44.0,multi,human_bbox_annotation,3,ILSVRC2012_val_00035378.JPEG,"bird, dog",,2.0,bbox,,"[[90,98,390,277],[112,19,407,345]]",2,500.0,400.0,2026-08-31T18:36:56.435Z,2026-08-31T18:38:16.293Z
annotator_0060,session_0061,45.0,multi,human_bbox_annotation,3,ILSVRC2012_val_00044472.JPEG,"hat with a wide brim, person",,2.0,bbox,,"[[1,9,386,499],[83,4,425,198]]",2,375.0,500.0,2026-08-31T18:37:31.387Z,2026-08-31T18:38:16.293Z
annotator_0060,session_0061,46.0,multi,human_bbox_annotation,3,ILSVRC2013_val_00003860.JPEG,"digital clock, person",,2.0,bbox,,"[[127,32,491,494],[6,28,171,241]]",2,500.0,500.0,2026-08-31T18:37:51.003Z,2026-08-31T18:38:16.293Z
annotator_0060,session_0061,47.0,udacity,human_bbox_annotation,3,1478732233783674595.jpg,car,,1.0,reject,unclear_image,[],0,480.0,300.0,2026-08-31T18:38:02.299Z,2026-08-31T18:38:16.293Z
annotator_0060,session_0061,48.0,udacity,human_bbox_annotation,3,1479501447174309879.jpg,car,,1.0,bbox,,"[[0,88,351,257]]",1,480.0,300.0,2026-08-31T18:38:06.979Z,2026-08-31T18:38:16.293Z
annotator_0060,session_0061,49.0,udacity,human_bbox_annotation,3,1479500714623724165.jpg,car,,1.0,bbox,,"[[61,124,176,198],[2,131,68,205]]",2,480.0,300.0,2026-08-31T18:38:12.931Z,2026-08-31T18:38:16.293Z
annotator_0061,session_0062,,single/solo,human_bbox_annotation,2,ILSVRC2012_val_00047878.JPEG,bird,,1.0,reject,unclear_image,[],0,500.0,382.0,2026-08-31T18:42:57.714Z,2026-08-31T18:45:50.110Z
annotator_0061,session_0062,1.0,single/solo,human_bbox_annotation,2,ILSVRC2012_val_00028513.JPEG,𝛼ntelopz,,1.0,reject,unclear_label,[],0,500.0,344.0,2026-08-31T18:43:01.257Z,2026-08-31T18:45:50.110Z
annotator_0061,session_0062,2.0,single/solo,human_bbox_annotation,2,ILSVRC2012_val_00016909.JPEG,herd,,1.0,reject,unclear_label,[],0,500.0,375.0,2026-08-31T18:43:03.641Z,2026-08-31T18:45:50.110Z
annotator_0061,session_0062,3.0,single/multi,human_bbox_annotation,2,ILSVRC2012_val_00018599.JPEG,corkscrew,,1.0,reject,unclear_image,[],0,919.0,1024.0,2026-08-31T18:43:05.304Z,2026-08-31T18:45:50.110Z
annotator_0061,session_0062,4.0,single/multi,human_bbox_annotation,2,ILSVRC2012_val_00042837.JPEG,perfurne,,1.0,reject,unclear_label,[],0,500.0,495.0,2026-08-31T18:43:09.705Z,2026-08-31T18:45:50.110Z
annotator_0061,session_0062,5.0,single/multi,human_bbox_annotation,2,ILSVRC2012_val_00042837.JPEG,pel fume,,1.0,reject,unclear_label,[],0,500.0,495.0,2026-08-31T18:43:11.889Z,2026-08-31T18:45:50.110Z
annotator_0061,session_0062,6.0,multi,human_bbox_annotation,2,ILSVRC2013_val_00000449.JPEG,"bowl, person",,2.0,reject,unclear_image,[],0,375.0,500.0,2026-08-31T18:43:15.225Z,2026-08-31T18:45:50.110Z
annotator_0061,session_0062,7.0,multi,human_bbox_annotation,2,ILSVRC2013_val_00003495.JPEG,"baby bead, filing cabinet, stove, desk",,4.0,reject,unclear_image,[],0,500.0,375.0,2026-08-31T18:43:17.705Z,2026-08-31T18:45:50.110Z
annotator_0061,session_0062,8.0,multi,human_bbox_annotation,2,ILSVRC2012_val_00004761.JPEG,"fowl, pearson, saxophone",,3.0,reject,unclear_image,[],0,500.0,500.0,2026-08-31T18:43:20.729Z,2026-08-31T18:45:50.110Z
annotator_0061,session_0062,9.0,udacity,human_bbox_annotation,2,1478020860712187115.jpg,car,,1.0,bbox,,"[[329,128,466,197]]",1,480.0,300.0,2026-08-31T18:43:24.825Z,2026-08-31T18:45:50.110Z
annotator_0061,session_0062,10.0,udacity,human_bbox_annotation,2,1478020280197384728.jpg,cap,,1.0,reject,unclear_image,[],0,480.0,300.0,2026-08-31T18:43:26.353Z,2026-08-31T18:45:50.110Z
annotator_0061,session_0062,11.0,udacity,human_bbox_annotation,2,1479501447174309879.jpg,cam,,1.0,reject,unclear_label,[],0,480.0,300.0,2026-08-31T18:43:28.441Z,2026-08-31T18:45:50.110Z
annotator_0061,session_0062,12.0,single/solo,human_bbox_annotation,2,ILSVRC2012_val_00012307.JPEG,bird,,1.0,bbox,,"[[124,28,362,295]]",1,443.0,500.0,2026-08-31T18:43:32.937Z,2026-08-31T18:45:50.110Z
annotator_0061,session_0062,13.0,single/solo,human_bbox_annotation,2,ILSVRC2012_val_00043873.JPEG,dig,,1.0,reject,unclear_label,[],0,500.0,375.0,2026-08-31T18:43:36.225Z,2026-08-31T18:45:50.110Z
annotator_0061,session_0062,14.0,single/solo,human_bbox_annotation,2,ILSVRC2012_val_00002595.JPEG,locomotive,,1.0,reject,unclear_label,[],0,500.0,375.0,2026-08-31T18:43:39.736Z,2026-08-31T18:45:50.110Z
annotator_0061,session_0062,15.0,single/multi,human_bbox_annotation,2,ILSVRC2012_val_00029698.JPEG,bird,,1.0,bbox,,"[[166,26,405,300]]",1,500.0,375.0,2026-08-31T18:43:43.665Z,2026-08-31T18:45:50.110Z
annotator_0061,session_0062,16.0,single/multi,human_bbox_annotation,2,ILSVRC2013_val_00000008.JPEG,herd,,1.0,reject,unclear_label,[],0,500.0,334.0,2026-08-31T18:43:47.947Z,2026-08-31T18:45:50.110Z
annotator_0061,session_0062,17.0,single/multi,human_bbox_annotation,2,ILSVRC2012_val_00037937.JPEG,per fume,,1.0,reject,unclear_label,[],0,500.0,486.0,2026-08-31T18:43:50.003Z,2026-08-31T18:45:50.110Z
annotator_0061,session_0062,18.0,multi,human_bbox_annotation,2,ILSVRC2012_val_00003176.JPEG,"bench, dog",,2.0,bbox,,"[[143,20,434,361],[24,4,264,82]]",2,500.0,375.0,2026-08-31T18:44:04.850Z,2026-08-31T18:45:50.110Z
annotator_0061,session_0062,19.0,multi,human_bbox_annotation,2,ILSVRC2012_val_00016267.JPEG,"aple, reler",,2.0,reject,unclear_label,[],0,500.0,334.0,2026-08-31T18:44:07.131Z,2026-08-31T18:45:50.110Z
annotator_0061,session_0062,20.0,multi,human_bbox_annotation,2,ILSVRC2012_val_00047487.JPEG,"dug, person",,2.0,reject,unclear_label,[],0,400.0,290.0,2026-08-31T18:44:08.923Z,2026-08-31T18:45:50.110Z
annotator_0061,session_0062,21.0,udacity,human_bbox_annotation,2,1478895568695802824.jpg,car,,1.0,bbox,,"[[10,127,164,222]]",1,480.0,300.0,2026-08-31T18:44:12.763Z,2026-08-31T18:45:50.110Z
annotator_0061,session_0062,22.0,udacity,human_bbox_annotation,2,1478896071431847989.jpg,can,,1.0,reject,unclear_label,[],0,480.0,300.0,2026-08-31T18:44:14.169Z,2026-08-31T18:45:50.110Z
annotator_0061,session_0062,23.0,udacity,human_bbox_annotation,2,1479501431172538806.jpg,cam,,1.0,reject,unclear_label,[],0,480.0,300.0,2026-08-31T18:44:15.475Z,2026-08-31T18:45:50.110Z
annotator_0061,session_0062,24.0,single/solo,human_bbox_annotation,2,ILSVRC2012_val_00006233.JPEG,diaper,,1.0,reject,unclear_image,[],0,375.0,500.0,2026-08-31T18:44:17.418Z,2026-08-31T18:45:50.110Z
annotator_0061,session_0062,25.0,single/solo,human_bbox_annotation,2,ILSVRC2012_val_00026917.JPEG,butterfly,,1.0,bbox,,"[[231,114,415,321]]",1,500.0,443.0,2026-08-31T18:44:22.355Z,2026-08-31T18:45:50.110Z
annotator_0061,session_0062,26.0,single/solo,human_bbox_annotation,2,ILSVRC2012_val_00024314.JPEG,snake,,1.0,bbox,,"[[86,191,483,386]]",1,640.0,480.0,2026-08-31T18:44:27.658Z,2026-08-31T18:45:50.110Z
annotator_0061,session_0062,27.0,single/multi,human_bbox_annotation,2,ILSVRC2012_val_00037816.JPEG,antelope,,1.0,reject,unclear_label,[],0,500.0,333.0,2026-08-31T18:44:29.586Z,2026-08-31T18:45:50.110Z
annotator_0061,session_0062,28.0,single/multi,human_bbox_annotation,2,ILSVRC2012_val_00002802.JPEG,bird,,1.0,bbox,,"[[157,10,480,346]]",1,500.0,385.0,2026-08-31T18:44:41.210Z,2026-08-31T18:45:50.110Z
annotator_0061,session_0062,29.0,single/multi,human_bbox_annotation,2,ILSVRC2012_val_00022295.JPEG,bench,,1.0,reject,unclear_image,[],0,500.0,442.0,2026-08-31T18:44:44.705Z,2026-08-31T18:45:50.110Z
annotator_0061,session_0062,30.0,multi,human_bbox_annotation,2,ILSVRC2012_val_00010502.JPEG,"plastic bag, pomegranate",,2.0,reject,unclear_image,[],0,500.0,356.0,2026-08-31T18:44:47.396Z,2026-08-31T18:45:50.110Z
annotator_0061,session_0062,31.0,multi,human_bbox_annotation,2,ILSVRC2012_val_00038249.JPEG,"bookshelf, disxwasher",,2.0,reject,unclear_image,[],0,590.0,892.0,2026-08-31T18:44:50.307Z,2026-08-31T18:45:50.110Z
annotator_0061,session_0062,32.0,multi,human_bbox_annotation,2,ILSVRC2012_val_00024444.JPEG,"bench, cello, chair, pe rson, piano",,5.0,reject,unclear_label,[],0,392.0,500.0,2026-08-31T18:44:54.028Z,2026-08-31T18:45:50.110Z
annotator_0061,session_0062,33.0,udacity,human_bbox_annotation,2,1478896071431847989.jpg,car,,1.0,reject,unclear_image,[],0,480.0,300.0,2026-08-31T18:44:56.844Z,2026-08-31T18:45:50.110Z
annotator_0061,session_0062,34.0,udacity,human_bbox_annotation,2,1479504312367157311.jpg,"automobilp, truck",,2.0,reject,unclear_label,[],0,480.0,300.0,2026-08-31T18:44:59.522Z,2026-08-31T18:45:50.110Z
annotator_0061,session_0062,35.0,udacity,human_bbox_annotation,2,1478898995863305961.jpg,automobile,,1.0,reject,unclear_image,[],0,480.0,300.0,2026-08-31T18:45:03.068Z,2026-08-31T18:45:50.110Z
annotator_0061,session_0062,36.0,single/solo,human_bbox_annotation,2,ILSVRC2012_val_00001314.JPEG,dog,,1.0,bbox,,"[[163,79,403,251]]",1,500.0,375.0,2026-08-31T18:45:08.427Z,2026-08-31T18:45:50.110Z
annotator_0061,session_0062,37.0,single/solo,human_bbox_annotation,2,ILSVRC2012_val_00015173.JPEG,pooch,,1.0,reject,unclear_image,[],0,345.0,500.0,2026-08-31T18:45:11.732Z,2026-08-31T18:45:50.110Z
annotator_0061,session_0062,38.0,single/solo,human_bbox_annotation,2,ILSVRC2012_val_00017504.JPEG,perfume,,1.0,reject,unclear_image,[],0,260.0,375.0,2026-08-31T18:45:13.978Z,2026-08-31T18:45:50.110Z
annotator_0061,session_0062,39.0,single/multi,human_bbox_annotation,2,ILSVRC2012_val_00012301.JPEG,snake,,1.0,reject,unclear_image,[],0,430.0,500.0,2026-08-31T18:45:16.819Z,2026-08-31T18:45:50.110Z
annotator_0061,session_0062,40.0,single/multi,human_bbox_annotation,2,ILSVRC2012_val_00045966.JPEG,soap dispenser,,1.0,reject,unclear_image,[],0,499.0,500.0,2026-08-31T18:45:20.555Z,2026-08-31T18:45:50.110Z
annotator_0061,session_0062,41.0,single/multi,human_bbox_annotation,2,ILSVRC2012_val_00041903.JPEG,salt or pepper shaker,,1.0,reject,unclear_image,[],0,582.0,815.0,2026-08-31T18:45:22.738Z,2026-08-31T18:45:50.110Z
annotator_0061,session_0062,42.0,multi,human_bbox_annotation,2,ILSVRC2012_val_00005713.JPEG,"person, soccer ball",,2.0,bbox,,"[[88,10,242,238]]",1,300.0,225.0,2026-08-31T18:45:26.835Z,2026-08-31T18:45:50.110Z
annotator_0061,session_0062,43.0,multi,human_bbox_annotation,2,ILSVRC2012_val_00042150.JPEG,"car, individual, unicycle",,3.0,reject,unclear_image,[],0,500.0,375.0,2026-08-31T18:45:29.387Z,2026-08-31T18:45:50.110Z
annotator_0061,session_0062,44.0,multi,human_bbox_annotation,2,ILSVRC2013_val_00001956.JPEG,"ucp or mug, strawberry, table",,3.0,reject,unclear_image,[],0,500.0,500.0,2026-08-31T18:45:32.500Z,2026-08-31T18:45:50.110Z
annotator_0061,session_0062,47.0,udacity,human_bbox_annotation,2,1478020280197384728.jpg,car,,1.0,reject,unclear_image,[],0,480.0,300.0,2026-08-31T18:45:39.931Z,2026-08-31T18:45:50.110Z
annotator_0061,session_0062,48.0,udacity,human_bbox_annotation,2,1479500700123235425.jpg,truck,,1.0,reject,unclear_image,[],0,480.0,300.0,2026-08-31T18:45:41.691Z,2026-08-31T18:45:50.110Z
annotator_0061,session_0062,49.0,udacity,human_bbox_annotation,2,1479501447174309879.jpg,car,,1.0,bbox,,"[[22,74,378,269]]",1,480.0,300.0,2026-08-31T18:45:48.957Z,2026-08-31T18:45:50.110Z
annotator_0062,session_0063,,single/solo,human_bbox_annotation,3,ILSVRC2012_val_00006233.JPEG,diaper,,1.0,bbox,,"[[117,185,268,363]]",1,375.0,500.0,2026-08-31T18:38:04.415Z,2026-08-31T19:03:25.830Z
annotator_0062,session_0063,1.0,single/solo,human_bbox_annotation,3,ILSVRC2012_val_00010994.JPEG,dot,,1.0,bbox,,"[[208,94,492,388]]",1,500.0,375.0,2026-08-31T18:38:18.270Z,2026-08-31T19:03:25.830Z
annotator_0062,session_0063,2.0,single/solo,human_bbox_annotation,3,ILSVRC2012_val_00047845.JPEG,sneak,,1.0,bbox,,"[[191,141,423,239],[10,180,189,275]]",2,500.0,375.0,2026-08-31T18:38:29.246Z,2026-08-31T19:03:25.830Z
annotator_0062,session_0063,3.0,single/multi,human_bbox_annotation,3,ILSVRC2012_val_00041903.JPEG,salt or pepper shaker,,1.0,bbox,,"[[67,336,375,794]]",1,582.0,815.0,2026-08-31T18:38:38.158Z,2026-08-31T19:03:25.830Z
annotator_0062,session_0063,4.0,single/multi,human_bbox_annotation,3,ILSVRC2012_val_00044520.JPEG,iuod,,1.0,bbox,,"[[67,41,202,223],[205,27,346,217],[354,32,490,213]]",3,500.0,241.0,2026-08-31T18:38:55.926Z,2026-08-31T19:03:25.830Z
annotator_0062,session_0063,5.0,single/multi,human_bbox_annotation,3,ILSVRC2012_val_00004401.JPEG,islpod,,1.0,bbox,,"[[160,149,332,465],[20,238,247,483]]",2,375.0,500.0,2026-08-31T18:39:13.302Z,2026-08-31T19:03:25.830Z
annotator_0062,session_0063,6.0,multi,human_bbox_annotation,3,ILSVRC2012_val_00022857.JPEG,"dog, person",,2.0,bbox,,"[[2,100,313,380],[263,64,496,320]]",2,500.0,375.0,2026-08-31T18:39:27.774Z,2026-08-31T19:03:25.830Z
annotator_0062,session_0063,7.0,multi,human_bbox_annotation,3,ILSVRC2012_val_00039154.JPEG,"pirson, racket",,2.0,bbox,,"[[29,6,268,375],[264,194,350,375]]",2,500.0,376.0,2026-08-31T18:39:40.645Z,2026-08-31T19:03:25.830Z
annotator_0062,session_0063,8.0,multi,human_bbox_annotation,3,ILSVRC2012_val_00030479.JPEG,"dog, individual",,2.0,bbox,,"[[49,93,344,288],[242,248,416,353]]",2,500.0,375.0,2026-08-31T18:39:51.733Z,2026-08-31T19:03:25.830Z
annotator_0062,session_0063,9.0,udacity,human_bbox_annotation,3,1479501431172538806.jpg,car,,1.0,bbox,,"[[102,84,442,256]]",1,480.0,300.0,2026-08-31T18:39:56.013Z,2026-08-31T19:03:25.830Z
annotator_0062,session_0063,10.0,udacity,human_bbox_annotation,3,1479501447174309879.jpg,cab,,1.0,bbox,,"[[1,76,381,245]]",1,480.0,300.0,2026-08-31T18:40:12.062Z,2026-08-31T19:03:25.830Z
annotator_0062,session_0063,11.0,udacity,human_bbox_annotation,3,1479503322799978016.jpg,car,,1.0,bbox,,"[[128,66,337,256],[389,97,477,217],[-9,114,104,256]]",3,480.0,300.0,2026-08-31T18:40:25.878Z,2026-08-31T19:03:25.830Z
annotator_0062,session_0063,12.0,single/solo,human_bbox_annotation,3,ILSVRC2012_val_00031771.JPEG,croquet ball,,1.0,bbox,,"[[168,115,294,265]]",1,500.0,333.0,2026-08-31T18:40:33.614Z,2026-08-31T19:03:25.830Z
annotator_0062,session_0063,13.0,single/solo,human_bbox_annotation,3,ILSVRC2012_val_00032258.JPEG,golf fihs,,1.0,bbox,,"[[143,70,428,332]]",1,500.0,375.0,2026-08-31T18:40:41.253Z,2026-08-31T19:03:25.830Z
annotator_0062,session_0063,15.0,single/solo,human_bbox_annotation,3,ILSVRC2012_val_00013465.JPEG,hippopotamus,,1.0,bbox,,"[[38,151,264,344]]",1,396.0,500.0,2026-08-31T18:40:57.117Z,2026-08-31T19:03:25.830Z
annotator_0062,session_0063,16.0,single/multi,human_bbox_annotation,3,ILSVRC2012_val_00048808.JPEG,isopod,,1.0,bbox,,"[[6,17,164,377],[125,75,330,265],[310,100,492,366]]",3,500.0,375.0,2026-08-31T18:41:09.069Z,2026-08-31T19:03:25.830Z
annotator_0062,session_0063,17.0,single/multi,human_bbox_annotation,3,ILSVRC2012_val_00039027.JPEG,dot,,1.0,bbox,,"[[35,71,227,308],[146,149,490,354]]",2,500.0,375.0,2026-08-31T18:41:19.333Z,2026-08-31T19:03:25.830Z
annotator_0062,session_0063,18.0,single/multi,human_bbox_annotation,3,ILSVRC2012_val_00039795.JPEG,bare,,1.0,bbox,,"[[101,18,222,160],[21,47,152,164]]",2,250.0,168.0,2026-08-31T18:41:32.741Z,2026-08-31T19:03:25.830Z
annotator_0062,session_0063,19.0,multi,human_bbox_annotation,3,ILSVRC2012_val_00004709.JPEG,"brassiere, person",,2.0,bbox,,"[[82,239,266,436],[21,7,335,492]]",2,338.0,500.0,2026-08-31T18:41:44.261Z,2026-08-31T19:03:25.830Z
annotator_0062,session_0063,20.0,multi,human_bbox_annotation,3,ILSVRC2012_val_00006695.JPEG,"bow tie, ob oe, pearspn",,3.0,bbox,,"[[445,386,789,658],[30,298,599,986],[286,25,288,28],[288,18,872,983]]",4,867.0,996.0,2026-08-31T18:42:15.005Z,2026-08-31T19:03:25.830Z
annotator_0062,session_0063,21.0,multi,human_bbox_annotation,3,ILSVRC2012_val_00004048.JPEG,"croquet ball, flower pot, ping-pong ball",,3.0,bbox,,"[[174,221,218,364],[17,150,73,286],[-2,251,36,351],[15,61,354,147]]",4,375.0,500.0,2026-08-31T18:42:59.092Z,2026-08-31T19:03:25.830Z
annotator_0062,session_0063,22.0,udacity,human_bbox_annotation,3,1478896071431847989.jpg,car,,1.0,bbox,,"[[402,68,490,220]]",1,480.0,300.0,2026-08-31T18:43:10.295Z,2026-08-31T19:03:25.830Z
annotator_0062,session_0063,23.0,udacity,human_bbox_annotation,3,1478898995863305961.jpg,can,,1.0,bbox,,"[[132,121,257,238]]",1,480.0,300.0,2026-08-31T18:43:17.764Z,2026-08-31T19:03:25.830Z
annotator_0062,session_0063,24.0,udacity,human_bbox_annotation,3,1478898087511960878.jpg,"car, track",,2.0,bbox,,"[[22,72,259,263],[240,36,477,203]]",2,480.0,300.0,2026-08-31T18:43:26.764Z,2026-08-31T19:03:25.830Z
annotator_0062,session_0063,25.0,single/solo,human_bbox_annotation,3,ILSVRC2013_val_00004426.JPEG,koala bear,,1.0,bbox,,"[[8,75,338,499]]",1,332.0,500.0,2026-08-31T18:43:34.300Z,2026-08-31T19:03:25.830Z
annotator_0062,session_0063,26.0,single/solo,human_bbox_annotation,3,ILSVRC2013_val_00004383.JPEG,person,,1.0,bbox,,"[[9,13,329,498]]",1,333.0,500.0,2026-08-31T18:43:48.124Z,2026-08-31T19:03:25.830Z
annotator_0062,session_0063,27.0,single/solo,human_bbox_annotation,3,ILSVRC2012_val_00043661.JPEG,sal t or pepper shaker,,1.0,bbox,,"[[92,46,303,473]]",1,380.0,571.0,2026-08-31T18:43:56.380Z,2026-08-31T19:03:25.830Z
annotator_0062,session_0063,28.0,single/multi,human_bbox_annotation,3,ILSVRC2012_val_00029698.JPEG,bird,,1.0,bbox,,"[[38,34,429,316]]",1,500.0,375.0,2026-08-31T18:44:07.524Z,2026-08-31T19:03:25.830Z
annotator_0062,session_0063,29.0,single/multi,human_bbox_annotation,3,ILSVRC2013_val_00001740.JPEG,bicycl e,,1.0,bbox,,"[[224,188,346,357]]",1,333.0,500.0,2026-08-31T18:44:14.044Z,2026-08-31T19:03:25.830Z
annotator_0062,session_0063,30.0,single/multi,human_bbox_annotation,3,ILSVRC2012_val_00035151.JPEG,burd,,1.0,bbox,,"[[-15,37,390,382],[132,27,477,206]]",2,500.0,384.0,2026-08-31T18:44:24.996Z,2026-08-31T19:03:25.830Z
annotator_0062,session_0063,31.0,multi,human_bbox_annotation,3,ILSVRC2012_val_00026051.JPEG,"bookshelf, dog",,2.0,bbox,,"[[-42,5,405,89],[-2,48,328,452]]",2,415.0,500.0,2026-08-31T18:44:44.227Z,2026-08-31T19:03:25.830Z
annotator_0062,session_0063,32.0,multi,human_bbox_annotation,3,ILSVRC2012_val_00018814.JPEG,"croquet ball, person, pingpogg bawl",,3.0,bbox,,"[[151,275,212,342],[-1,-3,124,331],[140,15,222,130],[225,1,391,269],[399,16,492,202],[110,56,369,414]]",6,500.0,417.0,2026-08-31T18:45:20.412Z,2026-08-31T19:03:25.830Z
annotator_0062,session_0063,33.0,multi,human_bbox_annotation,3,ILSVRC2012_val_00004068.JPEG,"axe, person",,2.0,bbox,,"[[80,233,379,501],[-5,-5,154,148]]",2,375.0,500.0,2026-08-31T18:45:38.091Z,2026-08-31T19:03:25.830Z
annotator_0062,session_0063,34.0,udacity,human_bbox_annotation,3,1478898087511960878.jpg,"car, truck",,2.0,bbox,,"[[30,78,239,262],[246,21,471,211]]",2,480.0,300.0,2026-08-31T18:45:52.163Z,2026-08-31T19:03:25.830Z
annotator_0062,session_0063,35.0,udacity,human_bbox_annotation,3,1478896071431847989.jpg,cav,,1.0,bbox,,"[[404,74,496,231]]",1,480.0,300.0,2026-08-31T18:46:15.611Z,2026-08-31T19:03:25.830Z
annotator_0062,session_0063,36.0,udacity,human_bbox_annotation,3,1478895568695802824.jpg,car,,1.0,bbox,,"[[20,116,131,207]]",1,480.0,300.0,2026-08-31T18:46:23.748Z,2026-08-31T19:03:25.830Z
annotator_0062,session_0063,37.0,single/solo,human_bbox_annotation,3,ILSVRC2013_val_00001634.JPEG,table,,1.0,bbox,,"[[14,17,435,495]]",1,500.0,500.0,2026-08-31T18:46:30.011Z,2026-08-31T19:03:25.830Z
annotator_0062,session_0063,38.0,single/solo,human_bbox_annotation,3,ILSVRC2012_val_00026917.JPEG,butterfly,,1.0,bbox,,"[[163,65,457,353]]",1,500.0,443.0,2026-08-31T18:46:38.963Z,2026-08-31T19:03:25.830Z
annotator_0062,session_0063,39.0,single/solo,human_bbox_annotation,3,ILSVRC2012_val_00024314.JPEG,sneak,,1.0,bbox,,"[[106,138,490,410]]",1,640.0,480.0,2026-08-31T18:46:44.787Z,2026-08-31T19:03:25.830Z
annotator_0062,session_0063,40.0,single/multi,human_bbox_annotation,3,ILSVRC2012_val_00035101.JPEG,zebra,,1.0,bbox,,"[[-7,112,341,420],[-48,5,266,222],[1,2,497,426]]",3,500.0,421.0,2026-08-31T18:47:06.138Z,2026-08-31T19:03:25.830Z
annotator_0062,session_0063,41.0,single/multi,human_bbox_annotation,3,ILSVRC2012_val_00035612.JPEG,mokney,,1.0,bbox,,"[[59,18,386,523]]",1,500.0,500.0,2026-08-31T18:47:16.530Z,2026-08-31T19:03:25.830Z
annotator_0062,session_0063,42.0,single/multi,human_bbox_annotation,3,ILSVRC2012_val_00035457.JPEG,cart,,1.0,bbox,,"[[7,42,617,393],[-7,10,234,233]]",2,624.0,396.0,2026-08-31T18:47:25.626Z,2026-08-31T19:03:25.830Z
annotator_0062,session_0063,43.0,multi,human_bbox_annotation,3,ILSVRC2012_val_00035378.JPEG,"bird, dog",,2.0,bbox,,"[[44,106,446,342],[-21,32,411,361]]",2,500.0,400.0,2026-08-31T18:47:39.971Z,2026-08-31T19:03:25.830Z
annotator_0062,session_0063,44.0,multi,human_bbox_annotation,3,ILSVRC2012_val_00044472.JPEG,"hat with a wide brim, person",,2.0,bbox,,"[[-27,2,373,298],[5,-2,373,490]]",2,375.0,500.0,2026-08-31T18:48:04.194Z,2026-08-31T19:03:25.830Z
annotator_0062,session_0063,45.0,multi,human_bbox_annotation,3,ILSVRC2013_val_00003860.JPEG,"digital clock, person",,2.0,bbox,,"[[82,52,185,243],[279,29,513,499]]",2,500.0,500.0,2026-08-31T18:48:20.258Z,2026-08-31T19:03:25.830Z
annotator_0062,session_0063,46.0,udacity,human_bbox_annotation,3,1478732233783674595.jpg,car,,1.0,bbox,,"[[304,104,399,206],[151,113,200,197],[228,107,293,190]]",3,480.0,300.0,2026-08-31T18:48:32.867Z,2026-08-31T19:03:25.830Z
annotator_0062,session_0063,47.0,udacity,human_bbox_annotation,3,1479501447174309879.jpg,car,,1.0,bbox,,"[[0,70,350,257]]",1,480.0,300.0,2026-08-31T18:48:43.018Z,2026-08-31T19:03:25.830Z
annotator_0062,session_0063,49.0,udacity,human_bbox_annotation,3,1479500714623724165.jpg,car,,1.0,bbox,,"[[62,118,174,209],[4,123,64,205]]",2,480.0,300.0,2026-08-31T19:03:23.820Z,2026-08-31T19:03:25.830Z
